2026-05-06T10:34:39.520+05:30  INFO 7104 --- [Smart-Interview-Prep-Platform] [restartedMain] .P.SmartInterviewPrepPlatformApplication : Starting SmartInterviewPrepPlatformApplication using Java 21.0.10 with PID 7104 (C:\Users\Dell\Desktop\Smart Interview Prep Platform (3)\Smart Interview Prep Platform\Smart-Interview-Prep-Platform\target\classes started by Dell in C:\Users\Dell\Desktop\Smart Interview Prep Platform (3)\Smart Interview Prep Platform\Smart-Interview-Prep-Platform)
2026-05-06T10:34:39.571+05:30 DEBUG 7104 --- [Smart-Interview-Prep-Platform] [restartedMain] .P.SmartInterviewPrepPlatformApplication : Running with Spring Boot v3.2.5, Spring v6.1.6
2026-05-06T10:34:39.573+05:30  INFO 7104 --- [Smart-Interview-Prep-Platform] [restartedMain] .P.SmartInterviewPrepPlatformApplication : No active profile set, falling back to 1 default profile: "default"
2026-05-06T10:34:39.858+05:30  INFO 7104 --- [Smart-Interview-Prep-Platform] [restartedMain] .e.DevToolsPropertyDefaultsPostProcessor : Devtools property defaults active! Set 'spring.devtools.add-properties' to 'false' to disable
2026-05-06T10:34:39.863+05:30  INFO 7104 --- [Smart-Interview-Prep-Platform] [restartedMain] .e.DevToolsPropertyDefaultsPostProcessor : For additional web related logging consider setting the 'logging.level.web' property to 'DEBUG'
2026-05-06T10:34:43.797+05:30  INFO 7104 --- [Smart-Interview-Prep-Platform] [restartedMain] .s.d.r.c.RepositoryConfigurationDelegate : Bootstrapping Spring Data JPA repositories in DEFAULT mode.
2026-05-06T10:34:44.164+05:30  INFO 7104 --- [Smart-Interview-Prep-Platform] [restartedMain] .s.d.r.c.RepositoryConfigurationDelegate : Finished Spring Data repository scanning in 305 ms. Found 4 JPA repository interfaces.
2026-05-06T10:34:46.537+05:30  INFO 7104 --- [Smart-Interview-Prep-Platform] [restartedMain] o.s.b.w.embedded.tomcat.TomcatWebServer  : Tomcat initialized with port 8080 (http)
2026-05-06T10:34:46.582+05:30  INFO 7104 --- [Smart-Interview-Prep-Platform] [restartedMain] o.apache.catalina.core.StandardService   : Starting service [Tomcat]
2026-05-06T10:34:46.582+05:30  INFO 7104 --- [Smart-Interview-Prep-Platform] [restartedMain] o.apache.catalina.core.StandardEngine    : Starting Servlet engine: [Apache Tomcat/10.1.20]
2026-05-06T10:34:46.775+05:30  INFO 7104 --- [Smart-Interview-Prep-Platform] [restartedMain] o.a.c.c.C.[Tomcat].[localhost].[/]       : Initializing Spring embedded WebApplicationContext
2026-05-06T10:34:46.775+05:30  INFO 7104 --- [Smart-Interview-Prep-Platform] [restartedMain] w.s.c.ServletWebServerApplicationContext : Root WebApplicationContext: initialization completed in 6907 ms
2026-05-06T10:34:46.913+05:30  INFO 7104 --- [Smart-Interview-Prep-Platform] [restartedMain] com.zaxxer.hikari.HikariDataSource       : HikariPool-1 - Starting...
2026-05-06T10:34:48.422+05:30  INFO 7104 --- [Smart-Interview-Prep-Platform] [restartedMain] com.zaxxer.hikari.pool.HikariPool        : HikariPool-1 - Added connection com.mysql.cj.jdbc.ConnectionImpl@3ad3870
2026-05-06T10:34:48.430+05:30  INFO 7104 --- [Smart-Interview-Prep-Platform] [restartedMain] com.zaxxer.hikari.HikariDataSource       : HikariPool-1 - Start completed.
2026-05-06T10:34:48.467+05:30  INFO 7104 --- [Smart-Interview-Prep-Platform] [restartedMain] o.s.b.a.h2.H2ConsoleAutoConfiguration    : H2 console available at '/h2-console'. Database available at 'jdbc:mysql://localhost:3306/interview_prep'
2026-05-06T10:34:48.653+05:30 DEBUG 7104 --- [Smart-Interview-Prep-Platform] [restartedMain] c.S.I.P.Platform.security.JwtAuthFilter  : Filter 'jwtAuthFilter' configured for use
2026-05-06T10:34:48.989+05:30  INFO 7104 --- [Smart-Interview-Prep-Platform] [restartedMain] o.hibernate.jpa.internal.util.LogHelper  : HHH000204: Processing PersistenceUnitInfo [name: default]
2026-05-06T10:34:49.240+05:30  INFO 7104 --- [Smart-Interview-Prep-Platform] [restartedMain] org.hibernate.Version                    : HHH000412: Hibernate ORM core version 6.4.4.Final
2026-05-06T10:34:49.381+05:30  INFO 7104 --- [Smart-Interview-Prep-Platform] [restartedMain] o.h.c.internal.RegionFactoryInitiator    : HHH000026: Second-level cache disabled
2026-05-06T10:34:50.502+05:30  INFO 7104 --- [Smart-Interview-Prep-Platform] [restartedMain] o.s.o.j.p.SpringPersistenceUnitInfo      : No LoadTimeWeaver setup: ignoring JPA class transformer
2026-05-06T10:34:54.721+05:30  INFO 7104 --- [Smart-Interview-Prep-Platform] [restartedMain] o.h.e.t.j.p.i.JtaPlatformInitiator       : HHH000489: No JTA platform available (set 'hibernate.transaction.jta.platform' to enable JTA platform integration)
2026-05-06T10:34:55.296+05:30  INFO 7104 --- [Smart-Interview-Prep-Platform] [restartedMain] j.LocalContainerEntityManagerFactoryBean : Initialized JPA EntityManagerFactory for persistence unit 'default'
2026-05-06T10:34:56.273+05:30  WARN 7104 --- [Smart-Interview-Prep-Platform] [restartedMain] ConfigServletWebServerApplicationContext : Exception encountered during context initialization - cancelling refresh attempt: org.springframework.beans.factory.UnsatisfiedDependencyException: Error creating bean with name 'adminQuestionController' defined in file [C:\Users\Dell\Desktop\Smart Interview Prep Platform (3)\Smart Interview Prep Platform\Smart-Interview-Prep-Platform\target\classes\com\Smart\Interview\Prep\Platform\controller\AdminQuestionController.class]: Unsatisfied dependency expressed through constructor parameter 0: Error creating bean with name 'questionService' defined in file [C:\Users\Dell\Desktop\Smart Interview Prep Platform (3)\Smart Interview Prep Platform\Smart-Interview-Prep-Platform\target\classes\com\Smart\Interview\Prep\Platform\service\QuestionService.class]: Unsatisfied dependency expressed through constructor parameter 0: Error creating bean with name 'questionRepository' defined in com.Smart.Interview.Prep.Platform.repository.QuestionRepository defined in @EnableJpaRepositories declared on JpaRepositoriesRegistrar.EnableJpaRepositoriesConfiguration: Could not create query for public abstract java.util.List com.Smart.Interview.Prep.Platform.repository.QuestionRepository.findRandomQuestions(java.lang.String,java.lang.String); Reason: Failed to create query for method public abstract java.util.List com.Smart.Interview.Prep.Platform.repository.QuestionRepository.findRandomQuestions(java.lang.String,java.lang.String); No property 'findRandomQuestions' found for type 'Question'
2026-05-06T10:34:56.273+05:30  INFO 7104 --- [Smart-Interview-Prep-Platform] [restartedMain] j.LocalContainerEntityManagerFactoryBean : Closing JPA EntityManagerFactory for persistence unit 'default'
2026-05-06T10:34:56.290+05:30  INFO 7104 --- [Smart-Interview-Prep-Platform] [restartedMain] com.zaxxer.hikari.HikariDataSource       : HikariPool-1 - Shutdown initiated...
2026-05-06T10:34:56.321+05:30  INFO 7104 --- [Smart-Interview-Prep-Platform] [restartedMain] com.zaxxer.hikari.HikariDataSource       : HikariPool-1 - Shutdown completed.
2026-05-06T10:34:56.331+05:30  INFO 7104 --- [Smart-Interview-Prep-Platform] [restartedMain] o.apache.catalina.core.StandardService   : Stopping service [Tomcat]
2026-05-06T10:34:56.372+05:30  INFO 7104 --- [Smart-Interview-Prep-Platform] [restartedMain] .s.b.a.l.ConditionEvaluationReportLogger : 

Error starting ApplicationContext. To display the condition evaluation report re-run your application with 'debug' enabled.
2026-05-06T10:34:56.456+05:30 ERROR 7104 --- [Smart-Interview-Prep-Platform] [restartedMain] o.s.boot.SpringApplication               : Application run failed

org.springframework.beans.factory.UnsatisfiedDependencyException: Error creating bean with name 'adminQuestionController' defined in file [C:\Users\Dell\Desktop\Smart Interview Prep Platform (3)\Smart Interview Prep Platform\Smart-Interview-Prep-Platform\target\classes\com\Smart\Interview\Prep\Platform\controller\AdminQuestionController.class]: Unsatisfied dependency expressed through constructor parameter 0: Error creating bean with name 'questionService' defined in file [C:\Users\Dell\Desktop\Smart Interview Prep Platform (3)\Smart Interview Prep Platform\Smart-Interview-Prep-Platform\target\classes\com\Smart\Interview\Prep\Platform\service\QuestionService.class]: Unsatisfied dependency expressed through constructor parameter 0: Error creating bean with name 'questionRepository' defined in com.Smart.Interview.Prep.Platform.repository.QuestionRepository defined in @EnableJpaRepositories declared on JpaRepositoriesRegistrar.EnableJpaRepositoriesConfiguration: Could not create query for public abstract java.util.List com.Smart.Interview.Prep.Platform.repository.QuestionRepository.findRandomQuestions(java.lang.String,java.lang.String); Reason: Failed to create query for method public abstract java.util.List com.Smart.Interview.Prep.Platform.repository.QuestionRepository.findRandomQuestions(java.lang.String,java.lang.String); No property 'findRandomQuestions' found for type 'Question'
	at org.springframework.beans.factory.support.ConstructorResolver.createArgumentArray(ConstructorResolver.java:795) ~[spring-beans-6.1.6.jar:6.1.6]
	at org.springframework.beans.factory.support.ConstructorResolver.autowireConstructor(ConstructorResolver.java:237) ~[spring-beans-6.1.6.jar:6.1.6]
	at org.springframework.beans.factory.support.AbstractAutowireCapableBeanFactory.autowireConstructor(AbstractAutowireCapableBeanFactory.java:1355) ~[spring-beans-6.1.6.jar:6.1.6]
	at org.springframework.beans.factory.support.AbstractAutowireCapableBeanFactory.createBeanInstance(AbstractAutowireCapableBeanFactory.java:1192) ~[spring-beans-6.1.6.jar:6.1.6]
	at org.springframework.beans.factory.support.AbstractAutowireCapableBeanFactory.doCreateBean(AbstractAutowireCapableBeanFactory.java:562) ~[spring-beans-6.1.6.jar:6.1.6]
	at org.springframework.beans.factory.support.AbstractAutowireCapableBeanFactory.createBean(AbstractAutowireCapableBeanFactory.java:522) ~[spring-beans-6.1.6.jar:6.1.6]
	at org.springframework.beans.factory.support.AbstractBeanFactory.lambda$doGetBean$0(AbstractBeanFactory.java:326) ~[spring-beans-6.1.6.jar:6.1.6]
	at org.springframework.beans.factory.support.DefaultSingletonBeanRegistry.getSingleton(DefaultSingletonBeanRegistry.java:234) ~[spring-beans-6.1.6.jar:6.1.6]
	at org.springframework.beans.factory.support.AbstractBeanFactory.doGetBean(AbstractBeanFactory.java:324) ~[spring-beans-6.1.6.jar:6.1.6]
	at org.springframework.beans.factory.support.AbstractBeanFactory.getBean(AbstractBeanFactory.java:200) ~[spring-beans-6.1.6.jar:6.1.6]
	at org.springframework.beans.factory.support.DefaultListableBeanFactory.preInstantiateSingletons(DefaultListableBeanFactory.java:975) ~[spring-beans-6.1.6.jar:6.1.6]
	at org.springframework.context.support.AbstractApplicationContext.finishBeanFactoryInitialization(AbstractApplicationContext.java:962) ~[spring-context-6.1.6.jar:6.1.6]
	at org.springframework.context.support.AbstractApplicationContext.refresh(AbstractApplicationContext.java:624) ~[spring-context-6.1.6.jar:6.1.6]
	at org.springframework.boot.web.servlet.context.ServletWebServerApplicationContext.refresh(ServletWebServerApplicationContext.java:146) ~[spring-boot-3.2.5.jar:3.2.5]
	at org.springframework.boot.SpringApplication.refresh(SpringApplication.java:754) ~[spring-boot-3.2.5.jar:3.2.5]
	at org.springframework.boot.SpringApplication.refreshContext(SpringApplication.java:456) ~[spring-boot-3.2.5.jar:3.2.5]
	at org.springframework.boot.SpringApplication.run(SpringApplication.java:334) ~[spring-boot-3.2.5.jar:3.2.5]
	at org.springframework.boot.SpringApplication.run(SpringApplication.java:1354) ~[spring-boot-3.2.5.jar:3.2.5]
	at org.springframework.boot.SpringApplication.run(SpringApplication.java:1343) ~[spring-boot-3.2.5.jar:3.2.5]
	at com.Smart.Interview.Prep.Platform.SmartInterviewPrepPlatformApplication.main(SmartInterviewPrepPlatformApplication.java:13) ~[classes/:na]
	at java.base/jdk.internal.reflect.DirectMethodHandleAccessor.invoke(DirectMethodHandleAccessor.java:103) ~[na:na]
	at java.base/java.lang.reflect.Method.invoke(Method.java:580) ~[na:na]
	at org.springframework.boot.devtools.restart.RestartLauncher.run(RestartLauncher.java:50) ~[spring-boot-devtools-3.2.5.jar:3.2.5]
Caused by: org.springframework.beans.factory.UnsatisfiedDependencyException: Error creating bean with name 'questionService' defined in file [C:\Users\Dell\Desktop\Smart Interview Prep Platform (3)\Smart Interview Prep Platform\Smart-Interview-Prep-Platform\target\classes\com\Smart\Interview\Prep\Platform\service\QuestionService.class]: Unsatisfied dependency expressed through constructor parameter 0: Error creating bean with name 'questionRepository' defined in com.Smart.Interview.Prep.Platform.repository.QuestionRepository defined in @EnableJpaRepositories declared on JpaRepositoriesRegistrar.EnableJpaRepositoriesConfiguration: Could not create query for public abstract java.util.List com.Smart.Interview.Prep.Platform.repository.QuestionRepository.findRandomQuestions(java.lang.String,java.lang.String); Reason: Failed to create query for method public abstract java.util.List com.Smart.Interview.Prep.Platform.repository.QuestionRepository.findRandomQuestions(java.lang.String,java.lang.String); No property 'findRandomQuestions' found for type 'Question'
	at org.springframework.beans.factory.support.ConstructorResolver.createArgumentArray(ConstructorResolver.java:795) ~[spring-beans-6.1.6.jar:6.1.6]
	at org.springframework.beans.factory.support.ConstructorResolver.autowireConstructor(ConstructorResolver.java:237) ~[spring-beans-6.1.6.jar:6.1.6]
	at org.springframework.beans.factory.support.AbstractAutowireCapableBeanFactory.autowireConstructor(AbstractAutowireCapableBeanFactory.java:1355) ~[spring-beans-6.1.6.jar:6.1.6]
	at org.springframework.beans.factory.support.AbstractAutowireCapableBeanFactory.createBeanInstance(AbstractAutowireCapableBeanFactory.java:1192) ~[spring-beans-6.1.6.jar:6.1.6]
	at org.springframework.beans.factory.support.AbstractAutowireCapableBeanFactory.doCreateBean(AbstractAutowireCapableBeanFactory.java:562) ~[spring-beans-6.1.6.jar:6.1.6]
	at org.springframework.beans.factory.support.AbstractAutowireCapableBeanFactory.createBean(AbstractAutowireCapableBeanFactory.java:522) ~[spring-beans-6.1.6.jar:6.1.6]
	at org.springframework.beans.factory.support.AbstractBeanFactory.lambda$doGetBean$0(AbstractBeanFactory.java:326) ~[spring-beans-6.1.6.jar:6.1.6]
	at org.springframework.beans.factory.support.DefaultSingletonBeanRegistry.getSingleton(DefaultSingletonBeanRegistry.java:234) ~[spring-beans-6.1.6.jar:6.1.6]
	at org.springframework.beans.factory.support.AbstractBeanFactory.doGetBean(AbstractBeanFactory.java:324) ~[spring-beans-6.1.6.jar:6.1.6]
	at org.springframework.beans.factory.support.AbstractBeanFactory.getBean(AbstractBeanFactory.java:200) ~[spring-beans-6.1.6.jar:6.1.6]
	at org.springframework.beans.factory.config.DependencyDescriptor.resolveCandidate(DependencyDescriptor.java:254) ~[spring-beans-6.1.6.jar:6.1.6]
	at org.springframework.beans.factory.support.DefaultListableBeanFactory.doResolveDependency(DefaultListableBeanFactory.java:1443) ~[spring-beans-6.1.6.jar:6.1.6]
	at org.springframework.beans.factory.support.DefaultListableBeanFactory.resolveDependency(DefaultListableBeanFactory.java:1353) ~[spring-beans-6.1.6.jar:6.1.6]
	at org.springframework.beans.factory.support.ConstructorResolver.resolveAutowiredArgument(ConstructorResolver.java:904) ~[spring-beans-6.1.6.jar:6.1.6]
	at org.springframework.beans.factory.support.ConstructorResolver.createArgumentArray(ConstructorResolver.java:782) ~[spring-beans-6.1.6.jar:6.1.6]
	... 22 common frames omitted
Caused by: org.springframework.beans.factory.BeanCreationException: Error creating bean with name 'questionRepository' defined in com.Smart.Interview.Prep.Platform.repository.QuestionRepository defined in @EnableJpaRepositories declared on JpaRepositoriesRegistrar.EnableJpaRepositoriesConfiguration: Could not create query for public abstract java.util.List com.Smart.Interview.Prep.Platform.repository.QuestionRepository.findRandomQuestions(java.lang.String,java.lang.String); Reason: Failed to create query for method public abstract java.util.List com.Smart.Interview.Prep.Platform.repository.QuestionRepository.findRandomQuestions(java.lang.String,java.lang.String); No property 'findRandomQuestions' found for type 'Question'
	at org.springframework.beans.factory.support.AbstractAutowireCapableBeanFactory.initializeBean(AbstractAutowireCapableBeanFactory.java:1786) ~[spring-beans-6.1.6.jar:6.1.6]
	at org.springframework.beans.factory.support.AbstractAutowireCapableBeanFactory.doCreateBean(AbstractAutowireCapableBeanFactory.java:600) ~[spring-beans-6.1.6.jar:6.1.6]
	at org.springframework.beans.factory.support.AbstractAutowireCapableBeanFactory.createBean(AbstractAutowireCapableBeanFactory.java:522) ~[spring-beans-6.1.6.jar:6.1.6]
	at org.springframework.beans.factory.support.AbstractBeanFactory.lambda$doGetBean$0(AbstractBeanFactory.java:326) ~[spring-beans-6.1.6.jar:6.1.6]
	at org.springframework.beans.factory.support.DefaultSingletonBeanRegistry.getSingleton(DefaultSingletonBeanRegistry.java:234) ~[spring-beans-6.1.6.jar:6.1.6]
	at org.springframework.beans.factory.support.AbstractBeanFactory.doGetBean(AbstractBeanFactory.java:324) ~[spring-beans-6.1.6.jar:6.1.6]
	at org.springframework.beans.factory.support.AbstractBeanFactory.getBean(AbstractBeanFactory.java:200) ~[spring-beans-6.1.6.jar:6.1.6]
	at org.springframework.beans.factory.config.DependencyDescriptor.resolveCandidate(DependencyDescriptor.java:254) ~[spring-beans-6.1.6.jar:6.1.6]
	at org.springframework.beans.factory.support.DefaultListableBeanFactory.doResolveDependency(DefaultListableBeanFactory.java:1443) ~[spring-beans-6.1.6.jar:6.1.6]
	at org.springframework.beans.factory.support.DefaultListableBeanFactory.resolveDependency(DefaultListableBeanFactory.java:1353) ~[spring-beans-6.1.6.jar:6.1.6]
	at org.springframework.beans.factory.support.ConstructorResolver.resolveAutowiredArgument(ConstructorResolver.java:904) ~[spring-beans-6.1.6.jar:6.1.6]
	at org.springframework.beans.factory.support.ConstructorResolver.createArgumentArray(ConstructorResolver.java:782) ~[spring-beans-6.1.6.jar:6.1.6]
	... 36 common frames omitted
Caused by: org.springframework.data.repository.query.QueryCreationException: Could not create query for public abstract java.util.List com.Smart.Interview.Prep.Platform.repository.QuestionRepository.findRandomQuestions(java.lang.String,java.lang.String); Reason: Failed to create query for method public abstract java.util.List com.Smart.Interview.Prep.Platform.repository.QuestionRepository.findRandomQuestions(java.lang.String,java.lang.String); No property 'findRandomQuestions' found for type 'Question'
	at org.springframework.data.repository.query.QueryCreationException.create(QueryCreationException.java:101) ~[spring-data-commons-3.2.5.jar:3.2.5]
	at org.springframework.data.repository.core.support.QueryExecutorMethodInterceptor.lookupQuery(QueryExecutorMethodInterceptor.java:115) ~[spring-data-commons-3.2.5.jar:3.2.5]
	at org.springframework.data.repository.core.support.QueryExecutorMethodInterceptor.mapMethodsToQuery(QueryExecutorMethodInterceptor.java:99) ~[spring-data-commons-3.2.5.jar:3.2.5]
	at org.springframework.data.repository.core.support.QueryExecutorMethodInterceptor.lambda$new$0(QueryExecutorMethodInterceptor.java:88) ~[spring-data-commons-3.2.5.jar:3.2.5]
	at java.base/java.util.Optional.map(Optional.java:260) ~[na:na]
	at org.springframework.data.repository.core.support.QueryExecutorMethodInterceptor.<init>(QueryExecutorMethodInterceptor.java:88) ~[spring-data-commons-3.2.5.jar:3.2.5]
	at org.springframework.data.repository.core.support.RepositoryFactorySupport.getRepository(RepositoryFactorySupport.java:357) ~[spring-data-commons-3.2.5.jar:3.2.5]
	at org.springframework.data.repository.core.support.RepositoryFactoryBeanSupport.lambda$afterPropertiesSet$5(RepositoryFactoryBeanSupport.java:279) ~[spring-data-commons-3.2.5.jar:3.2.5]
	at org.springframework.data.util.Lazy.getNullable(Lazy.java:135) ~[spring-data-commons-3.2.5.jar:3.2.5]
	at org.springframework.data.util.Lazy.get(Lazy.java:113) ~[spring-data-commons-3.2.5.jar:3.2.5]
	at org.springframework.data.repository.core.support.RepositoryFactoryBeanSupport.afterPropertiesSet(RepositoryFactoryBeanSupport.java:285) ~[spring-data-commons-3.2.5.jar:3.2.5]
	at org.springframework.data.jpa.repository.support.JpaRepositoryFactoryBean.afterPropertiesSet(JpaRepositoryFactoryBean.java:132) ~[spring-data-jpa-3.2.5.jar:3.2.5]
	at org.springframework.beans.factory.support.AbstractAutowireCapableBeanFactory.invokeInitMethods(AbstractAutowireCapableBeanFactory.java:1833) ~[spring-beans-6.1.6.jar:6.1.6]
	at org.springframework.beans.factory.support.AbstractAutowireCapableBeanFactory.initializeBean(AbstractAutowireCapableBeanFactory.java:1782) ~[spring-beans-6.1.6.jar:6.1.6]
	... 47 common frames omitted
Caused by: java.lang.IllegalArgumentException: Failed to create query for method public abstract java.util.List com.Smart.Interview.Prep.Platform.repository.QuestionRepository.findRandomQuestions(java.lang.String,java.lang.String); No property 'findRandomQuestions' found for type 'Question'
	at org.springframework.data.jpa.repository.query.PartTreeJpaQuery.<init>(PartTreeJpaQuery.java:106) ~[spring-data-jpa-3.2.5.jar:3.2.5]
	at org.springframework.data.jpa.repository.query.JpaQueryLookupStrategy$CreateQueryLookupStrategy.resolveQuery(JpaQueryLookupStrategy.java:124) ~[spring-data-jpa-3.2.5.jar:3.2.5]
	at org.springframework.data.jpa.repository.query.JpaQueryLookupStrategy$CreateIfNotFoundQueryLookupStrategy.resolveQuery(JpaQueryLookupStrategy.java:258) ~[spring-data-jpa-3.2.5.jar:3.2.5]
	at org.springframework.data.jpa.repository.query.JpaQueryLookupStrategy$AbstractQueryLookupStrategy.resolveQuery(JpaQueryLookupStrategy.java:95) ~[spring-data-jpa-3.2.5.jar:3.2.5]
	at org.springframework.data.repository.core.support.QueryExecutorMethodInterceptor.lookupQuery(QueryExecutorMethodInterceptor.java:111) ~[spring-data-commons-3.2.5.jar:3.2.5]
	... 59 common frames omitted
Caused by: org.springframework.data.mapping.PropertyReferenceException: No property 'findRandomQuestions' found for type 'Question'
	at org.springframework.data.mapping.PropertyPath.<init>(PropertyPath.java:90) ~[spring-data-commons-3.2.5.jar:3.2.5]
	at org.springframework.data.mapping.PropertyPath.create(PropertyPath.java:443) ~[spring-data-commons-3.2.5.jar:3.2.5]
	at org.springframework.data.mapping.PropertyPath.create(PropertyPath.java:419) ~[spring-data-commons-3.2.5.jar:3.2.5]
	at org.springframework.data.mapping.PropertyPath.lambda$from$0(PropertyPath.java:372) ~[spring-data-commons-3.2.5.jar:3.2.5]
	at java.base/java.util.concurrent.ConcurrentMap.computeIfAbsent(ConcurrentMap.java:330) ~[na:na]
	at org.springframework.data.mapping.PropertyPath.from(PropertyPath.java:354) ~[spring-data-commons-3.2.5.jar:3.2.5]
	at org.springframework.data.mapping.PropertyPath.from(PropertyPath.java:332) ~[spring-data-commons-3.2.5.jar:3.2.5]
	at org.springframework.data.repository.query.parser.Part.<init>(Part.java:81) ~[spring-data-commons-3.2.5.jar:3.2.5]
	at org.springframework.data.repository.query.parser.PartTree$OrPart.lambda$new$0(PartTree.java:259) ~[spring-data-commons-3.2.5.jar:3.2.5]
	at java.base/java.util.stream.ReferencePipeline$3$1.accept(ReferencePipeline.java:197) ~[na:na]
	at java.base/java.util.stream.ReferencePipeline$2$1.accept(ReferencePipeline.java:179) ~[na:na]
	at java.base/java.util.Spliterators$ArraySpliterator.forEachRemaining(Spliterators.java:1024) ~[na:na]
	at java.base/java.util.stream.AbstractPipeline.copyInto(AbstractPipeline.java:509) ~[na:na]
	at java.base/java.util.stream.AbstractPipeline.wrapAndCopyInto(AbstractPipeline.java:499) ~[na:na]
	at java.base/java.util.stream.ReduceOps$ReduceOp.evaluateSequential(ReduceOps.java:921) ~[na:na]
	at java.base/java.util.stream.AbstractPipeline.evaluate(AbstractPipeline.java:234) ~[na:na]
	at java.base/java.util.stream.ReferencePipeline.collect(ReferencePipeline.java:682) ~[na:na]
	at org.springframework.data.repository.query.parser.PartTree$OrPart.<init>(PartTree.java:260) ~[spring-data-commons-3.2.5.jar:3.2.5]
	at org.springframework.data.repository.query.parser.PartTree$Predicate.lambda$new$0(PartTree.java:389) ~[spring-data-commons-3.2.5.jar:3.2.5]
	at java.base/java.util.stream.ReferencePipeline$3$1.accept(ReferencePipeline.java:197) ~[na:na]
	at java.base/java.util.stream.ReferencePipeline$2$1.accept(ReferencePipeline.java:179) ~[na:na]
	at java.base/java.util.Spliterators$ArraySpliterator.forEachRemaining(Spliterators.java:1024) ~[na:na]
	at java.base/java.util.stream.AbstractPipeline.copyInto(AbstractPipeline.java:509) ~[na:na]
	at java.base/java.util.stream.AbstractPipeline.wrapAndCopyInto(AbstractPipeline.java:499) ~[na:na]
	at java.base/java.util.stream.ReduceOps$ReduceOp.evaluateSequential(ReduceOps.java:921) ~[na:na]
	at java.base/java.util.stream.AbstractPipeline.evaluate(AbstractPipeline.java:234) ~[na:na]
	at java.base/java.util.stream.ReferencePipeline.collect(ReferencePipeline.java:682) ~[na:na]
	at org.springframework.data.repository.query.parser.PartTree$Predicate.<init>(PartTree.java:390) ~[spring-data-commons-3.2.5.jar:3.2.5]
	at org.springframework.data.repository.query.parser.PartTree.<init>(PartTree.java:100) ~[spring-data-commons-3.2.5.jar:3.2.5]
	at org.springframework.data.jpa.repository.query.PartTreeJpaQuery.<init>(PartTreeJpaQuery.java:100) ~[spring-data-jpa-3.2.5.jar:3.2.5]
	... 63 common frames omitted

2026-05-06T10:38:59.688+05:30  INFO 14976 --- [Smart-Interview-Prep-Platform] [restartedMain] .P.SmartInterviewPrepPlatformApplication : Starting SmartInterviewPrepPlatformApplication using Java 21.0.10 with PID 14976 (C:\Users\Dell\Desktop\Smart Interview Prep Platform (3)\Smart Interview Prep Platform\Smart-Interview-Prep-Platform\target\classes started by Dell in C:\Users\Dell\Desktop\Smart Interview Prep Platform (3)\Smart Interview Prep Platform\Smart-Interview-Prep-Platform)
2026-05-06T10:38:59.690+05:30 DEBUG 14976 --- [Smart-Interview-Prep-Platform] [restartedMain] .P.SmartInterviewPrepPlatformApplication : Running with Spring Boot v3.2.5, Spring v6.1.6
2026-05-06T10:38:59.691+05:30  INFO 14976 --- [Smart-Interview-Prep-Platform] [restartedMain] .P.SmartInterviewPrepPlatformApplication : No active profile set, falling back to 1 default profile: "default"
2026-05-06T10:38:59.755+05:30  INFO 14976 --- [Smart-Interview-Prep-Platform] [restartedMain] .e.DevToolsPropertyDefaultsPostProcessor : Devtools property defaults active! Set 'spring.devtools.add-properties' to 'false' to disable
2026-05-06T10:38:59.756+05:30  INFO 14976 --- [Smart-Interview-Prep-Platform] [restartedMain] .e.DevToolsPropertyDefaultsPostProcessor : For additional web related logging consider setting the 'logging.level.web' property to 'DEBUG'
2026-05-06T10:39:00.748+05:30  INFO 14976 --- [Smart-Interview-Prep-Platform] [restartedMain] .s.d.r.c.RepositoryConfigurationDelegate : Bootstrapping Spring Data JPA repositories in DEFAULT mode.
2026-05-06T10:39:00.830+05:30  INFO 14976 --- [Smart-Interview-Prep-Platform] [restartedMain] .s.d.r.c.RepositoryConfigurationDelegate : Finished Spring Data repository scanning in 72 ms. Found 4 JPA repository interfaces.
2026-05-06T10:39:01.586+05:30  INFO 14976 --- [Smart-Interview-Prep-Platform] [restartedMain] o.s.b.w.embedded.tomcat.TomcatWebServer  : Tomcat initialized with port 8080 (http)
2026-05-06T10:39:01.598+05:30  INFO 14976 --- [Smart-Interview-Prep-Platform] [restartedMain] o.apache.catalina.core.StandardService   : Starting service [Tomcat]
2026-05-06T10:39:01.598+05:30  INFO 14976 --- [Smart-Interview-Prep-Platform] [restartedMain] o.apache.catalina.core.StandardEngine    : Starting Servlet engine: [Apache Tomcat/10.1.20]
2026-05-06T10:39:01.660+05:30  INFO 14976 --- [Smart-Interview-Prep-Platform] [restartedMain] o.a.c.c.C.[Tomcat].[localhost].[/]       : Initializing Spring embedded WebApplicationContext
2026-05-06T10:39:01.661+05:30  INFO 14976 --- [Smart-Interview-Prep-Platform] [restartedMain] w.s.c.ServletWebServerApplicationContext : Root WebApplicationContext: initialization completed in 1905 ms
2026-05-06T10:39:01.721+05:30  INFO 14976 --- [Smart-Interview-Prep-Platform] [restartedMain] com.zaxxer.hikari.HikariDataSource       : HikariPool-1 - Starting...
2026-05-06T10:39:02.139+05:30  INFO 14976 --- [Smart-Interview-Prep-Platform] [restartedMain] com.zaxxer.hikari.pool.HikariPool        : HikariPool-1 - Added connection com.mysql.cj.jdbc.ConnectionImpl@3fb73371
2026-05-06T10:39:02.142+05:30  INFO 14976 --- [Smart-Interview-Prep-Platform] [restartedMain] com.zaxxer.hikari.HikariDataSource       : HikariPool-1 - Start completed.
2026-05-06T10:39:02.152+05:30  INFO 14976 --- [Smart-Interview-Prep-Platform] [restartedMain] o.s.b.a.h2.H2ConsoleAutoConfiguration    : H2 console available at '/h2-console'. Database available at 'jdbc:mysql://localhost:3306/interview_prep'
2026-05-06T10:39:02.225+05:30 DEBUG 14976 --- [Smart-Interview-Prep-Platform] [restartedMain] c.S.I.P.Platform.security.JwtAuthFilter  : Filter 'jwtAuthFilter' configured for use
2026-05-06T10:39:02.347+05:30  INFO 14976 --- [Smart-Interview-Prep-Platform] [restartedMain] o.hibernate.jpa.internal.util.LogHelper  : HHH000204: Processing PersistenceUnitInfo [name: default]
2026-05-06T10:39:02.423+05:30  INFO 14976 --- [Smart-Interview-Prep-Platform] [restartedMain] org.hibernate.Version                    : HHH000412: Hibernate ORM core version 6.4.4.Final
2026-05-06T10:39:02.473+05:30  INFO 14976 --- [Smart-Interview-Prep-Platform] [restartedMain] o.h.c.internal.RegionFactoryInitiator    : HHH000026: Second-level cache disabled
2026-05-06T10:39:02.784+05:30  INFO 14976 --- [Smart-Interview-Prep-Platform] [restartedMain] o.s.o.j.p.SpringPersistenceUnitInfo      : No LoadTimeWeaver setup: ignoring JPA class transformer
2026-05-06T10:39:04.186+05:30  INFO 14976 --- [Smart-Interview-Prep-Platform] [restartedMain] o.h.e.t.j.p.i.JtaPlatformInitiator       : HHH000489: No JTA platform available (set 'hibernate.transaction.jta.platform' to enable JTA platform integration)
2026-05-06T10:39:04.278+05:30  INFO 14976 --- [Smart-Interview-Prep-Platform] [restartedMain] j.LocalContainerEntityManagerFactoryBean : Initialized JPA EntityManagerFactory for persistence unit 'default'
2026-05-06T10:39:04.635+05:30  INFO 14976 --- [Smart-Interview-Prep-Platform] [restartedMain] o.s.d.j.r.query.QueryEnhancerFactory     : Hibernate is in classpath; If applicable, HQL parser will be used.
2026-05-06T10:39:04.846+05:30  WARN 14976 --- [Smart-Interview-Prep-Platform] [restartedMain] JpaBaseConfiguration$JpaWebConfiguration : spring.jpa.open-in-view is enabled by default. Therefore, database queries may be performed during view rendering. Explicitly configure spring.jpa.open-in-view to disable this warning
2026-05-06T10:39:04.886+05:30 DEBUG 14976 --- [Smart-Interview-Prep-Platform] [restartedMain] swordEncoderAuthenticationManagerBuilder : No authenticationProviders and no parentAuthenticationManager defined. Returning null.
2026-05-06T10:39:05.233+05:30  INFO 14976 --- [Smart-Interview-Prep-Platform] [restartedMain] o.s.s.web.DefaultSecurityFilterChain     : Will secure any request with [org.springframework.security.web.session.DisableEncodeUrlFilter@5a65f126, org.springframework.security.web.context.request.async.WebAsyncManagerIntegrationFilter@4cf914d3, org.springframework.security.web.context.SecurityContextHolderFilter@38b7d8d9, org.springframework.security.web.header.HeaderWriterFilter@33e7d752, org.springframework.web.filter.CorsFilter@6a52c7a3, org.springframework.security.web.authentication.logout.LogoutFilter@675eb627, com.Smart.Interview.Prep.Platform.security.JwtAuthFilter@51ee373c, org.springframework.security.web.savedrequest.RequestCacheAwareFilter@301f13dd, org.springframework.security.web.servletapi.SecurityContextHolderAwareRequestFilter@25ab0ab8, org.springframework.security.web.authentication.AnonymousAuthenticationFilter@7c67b391, org.springframework.security.web.session.SessionManagementFilter@40de1bd3, org.springframework.security.web.access.ExceptionTranslationFilter@2787654d, org.springframework.security.web.access.intercept.AuthorizationFilter@52e89c4d]
2026-05-06T10:39:05.537+05:30  INFO 14976 --- [Smart-Interview-Prep-Platform] [restartedMain] o.s.b.d.a.OptionalLiveReloadServer       : LiveReload server is running on port 35729
2026-05-06T10:39:05.597+05:30  INFO 14976 --- [Smart-Interview-Prep-Platform] [restartedMain] o.s.b.w.embedded.tomcat.TomcatWebServer  : Tomcat started on port 8080 (http) with context path ''
2026-05-06T10:39:05.606+05:30  INFO 14976 --- [Smart-Interview-Prep-Platform] [restartedMain] .P.SmartInterviewPrepPlatformApplication : Started SmartInterviewPrepPlatformApplication in 6.495 seconds (process running for 7.707)
2026-05-06T10:39:21.268+05:30  INFO 14976 --- [Smart-Interview-Prep-Platform] [http-nio-8080-exec-3] o.a.c.c.C.[Tomcat].[localhost].[/]       : Initializing Spring DispatcherServlet 'dispatcherServlet'
2026-05-06T10:39:21.270+05:30  INFO 14976 --- [Smart-Interview-Prep-Platform] [http-nio-8080-exec-3] o.s.web.servlet.DispatcherServlet        : Initializing Servlet 'dispatcherServlet'
2026-05-06T10:39:21.275+05:30  INFO 14976 --- [Smart-Interview-Prep-Platform] [http-nio-8080-exec-3] o.s.web.servlet.DispatcherServlet        : Completed initialization in 5 ms
2026-05-06T10:39:21.321+05:30 DEBUG 14976 --- [Smart-Interview-Prep-Platform] [http-nio-8080-exec-3] o.s.security.web.FilterChainProxy        : Securing POST /api/auth/login
2026-05-06T10:39:21.346+05:30  INFO 14976 --- [Smart-Interview-Prep-Platform] [http-nio-8080-exec-3] c.S.I.P.Platform.security.JwtAuthFilter  : JWT Filter null
2026-05-06T10:39:21.353+05:30 DEBUG 14976 --- [Smart-Interview-Prep-Platform] [http-nio-8080-exec-3] o.s.s.w.a.AnonymousAuthenticationFilter  : Set SecurityContextHolder to anonymous SecurityContext
2026-05-06T10:39:21.355+05:30 DEBUG 14976 --- [Smart-Interview-Prep-Platform] [http-nio-8080-exec-3] o.s.security.web.FilterChainProxy        : Secured POST /api/auth/login
2026-05-06T10:39:21.659+05:30  INFO 14976 --- [Smart-Interview-Prep-Platform] [http-nio-8080-exec-3] c.S.I.Prep.Platform.service.AuthService  : Login attempt for email: samm@gmail.com
2026-05-06T10:42:46.647+05:30 DEBUG 14976 --- [Smart-Interview-Prep-Platform] [http-nio-8080-exec-9] o.s.security.web.FilterChainProxy        : Securing POST /api/auth/login
2026-05-06T10:42:46.649+05:30  INFO 14976 --- [Smart-Interview-Prep-Platform] [http-nio-8080-exec-9] c.S.I.P.Platform.security.JwtAuthFilter  : JWT Filter null
2026-05-06T10:42:46.649+05:30 DEBUG 14976 --- [Smart-Interview-Prep-Platform] [http-nio-8080-exec-9] o.s.s.w.a.AnonymousAuthenticationFilter  : Set SecurityContextHolder to anonymous SecurityContext
2026-05-06T10:42:46.650+05:30 DEBUG 14976 --- [Smart-Interview-Prep-Platform] [http-nio-8080-exec-9] o.s.security.web.FilterChainProxy        : Secured POST /api/auth/login
2026-05-06T10:42:46.654+05:30  INFO 14976 --- [Smart-Interview-Prep-Platform] [http-nio-8080-exec-9] c.S.I.Prep.Platform.service.AuthService  : Login attempt for email: samm@gmail.com
2026-05-06T10:43:13.174+05:30 DEBUG 14976 --- [Smart-Interview-Prep-Platform] [http-nio-8080-exec-6] o.s.security.web.FilterChainProxy        : Securing POST /user/quiz/start
2026-05-06T10:43:13.175+05:30  INFO 14976 --- [Smart-Interview-Prep-Platform] [http-nio-8080-exec-6] c.S.I.P.Platform.security.JwtAuthFilter  : JWT Filter Bearer eyJhbGciOiJIUzI1NiJ9.eyJzdWIiOiJzYW1tQGdtYWlsLmNvbSIsInJvbGUiOiJVU0VSIiwiaWF0IjoxNzc4MDQ0MzY2LCJleHAiOjE3NzgxMzA3NjZ9.7j0mCJQjprJn8GIoAhtCChcul4xxPjqI0B5z2855aqI
2026-05-06T10:43:13.176+05:30  INFO 14976 --- [Smart-Interview-Prep-Platform] [http-nio-8080-exec-6] c.S.I.P.Platform.security.JwtAuthFilter  : Token eyJhbGciOiJIUzI1NiJ9.eyJzdWIiOiJzYW1tQGdtYWlsLmNvbSIsInJvbGUiOiJVU0VSIiwiaWF0IjoxNzc4MDQ0MzY2LCJleHAiOjE3NzgxMzA3NjZ9.7j0mCJQjprJn8GIoAhtCChcul4xxPjqI0B5z2855aqI
2026-05-06T10:43:13.331+05:30  INFO 14976 --- [Smart-Interview-Prep-Platform] [http-nio-8080-exec-6] c.S.I.P.Platform.security.JwtAuthFilter  : Token Filter email samm@gmail.com
2026-05-06T10:43:13.334+05:30  INFO 14976 --- [Smart-Interview-Prep-Platform] [http-nio-8080-exec-6] c.S.I.P.Platform.security.JwtAuthFilter  : Token Filter auth UsernamePasswordAuthenticationToken [Principal=samm@gmail.com, Credentials=[PROTECTED], Authenticated=true, Details=null, Granted Authorities=[ROLE_USER]]
2026-05-06T10:43:13.337+05:30 DEBUG 14976 --- [Smart-Interview-Prep-Platform] [http-nio-8080-exec-6] o.s.security.web.FilterChainProxy        : Secured POST /user/quiz/start
2026-05-06T10:43:13.712+05:30 ERROR 14976 --- [Smart-Interview-Prep-Platform] [http-nio-8080-exec-6] o.a.c.c.C.[.[.[/].[dispatcherServlet]    : Servlet.service() for servlet [dispatcherServlet] in context with path [] threw exception [Request processing failed: java.lang.NullPointerException] with root cause

java.lang.NullPointerException: null
	at java.base/java.util.Objects.requireNonNull(Objects.java:233) ~[na:na]
	at java.base/java.util.ImmutableCollections.listFromTrustedArray(ImmutableCollections.java:215) ~[na:na]
	at java.base/java.util.List.of(List.java:991) ~[na:na]
	at com.Smart.Interview.Prep.Platform.service.QuizService.mapToDTO(QuizService.java:95) ~[classes/:na]
	at com.Smart.Interview.Prep.Platform.service.QuizService.lambda$startQuiz$0(QuizService.java:41) ~[classes/:na]
	at java.base/java.util.stream.ReferencePipeline$3$1.accept(ReferencePipeline.java:197) ~[na:na]
	at java.base/java.util.ArrayList$ArrayListSpliterator.forEachRemaining(ArrayList.java:1708) ~[na:na]
	at java.base/java.util.stream.AbstractPipeline.copyInto(AbstractPipeline.java:509) ~[na:na]
	at java.base/java.util.stream.AbstractPipeline.wrapAndCopyInto(AbstractPipeline.java:499) ~[na:na]
	at java.base/java.util.stream.AbstractPipeline.evaluate(AbstractPipeline.java:575) ~[na:na]
	at java.base/java.util.stream.AbstractPipeline.evaluateToArrayNode(AbstractPipeline.java:260) ~[na:na]
	at java.base/java.util.stream.ReferencePipeline.toArray(ReferencePipeline.java:616) ~[na:na]
	at java.base/java.util.stream.ReferencePipeline.toArray(ReferencePipeline.java:622) ~[na:na]
	at java.base/java.util.stream.ReferencePipeline.toList(ReferencePipeline.java:627) ~[na:na]
	at com.Smart.Interview.Prep.Platform.service.QuizService.startQuiz(QuizService.java:42) ~[classes/:na]
	at com.Smart.Interview.Prep.Platform.controller.QuizController.startQuiz(QuizController.java:28) ~[classes/:na]
	at java.base/jdk.internal.reflect.DirectMethodHandleAccessor.invoke(DirectMethodHandleAccessor.java:103) ~[na:na]
	at java.base/java.lang.reflect.Method.invoke(Method.java:580) ~[na:na]
	at org.springframework.web.method.support.InvocableHandlerMethod.doInvoke(InvocableHandlerMethod.java:255) ~[spring-web-6.1.6.jar:6.1.6]
	at org.springframework.web.method.support.InvocableHandlerMethod.invokeForRequest(InvocableHandlerMethod.java:188) ~[spring-web-6.1.6.jar:6.1.6]
	at org.springframework.web.servlet.mvc.method.annotation.ServletInvocableHandlerMethod.invokeAndHandle(ServletInvocableHandlerMethod.java:118) ~[spring-webmvc-6.1.6.jar:6.1.6]
	at org.springframework.web.servlet.mvc.method.annotation.RequestMappingHandlerAdapter.invokeHandlerMethod(RequestMappingHandlerAdapter.java:926) ~[spring-webmvc-6.1.6.jar:6.1.6]
	at org.springframework.web.servlet.mvc.method.annotation.RequestMappingHandlerAdapter.handleInternal(RequestMappingHandlerAdapter.java:831) ~[spring-webmvc-6.1.6.jar:6.1.6]
	at org.springframework.web.servlet.mvc.method.AbstractHandlerMethodAdapter.handle(AbstractHandlerMethodAdapter.java:87) ~[spring-webmvc-6.1.6.jar:6.1.6]
	at org.springframework.web.servlet.DispatcherServlet.doDispatch(DispatcherServlet.java:1089) ~[spring-webmvc-6.1.6.jar:6.1.6]
	at org.springframework.web.servlet.DispatcherServlet.doService(DispatcherServlet.java:979) ~[spring-webmvc-6.1.6.jar:6.1.6]
	at org.springframework.web.servlet.FrameworkServlet.processRequest(FrameworkServlet.java:1014) ~[spring-webmvc-6.1.6.jar:6.1.6]
	at org.springframework.web.servlet.FrameworkServlet.doPost(FrameworkServlet.java:914) ~[spring-webmvc-6.1.6.jar:6.1.6]
	at jakarta.servlet.http.HttpServlet.service(HttpServlet.java:590) ~[tomcat-embed-core-10.1.20.jar:6.0]
	at org.springframework.web.servlet.FrameworkServlet.service(FrameworkServlet.java:885) ~[spring-webmvc-6.1.6.jar:6.1.6]
	at jakarta.servlet.http.HttpServlet.service(HttpServlet.java:658) ~[tomcat-embed-core-10.1.20.jar:6.0]
	at org.apache.catalina.core.ApplicationFilterChain.internalDoFilter(ApplicationFilterChain.java:206) ~[tomcat-embed-core-10.1.20.jar:10.1.20]
	at org.apache.catalina.core.ApplicationFilterChain.doFilter(ApplicationFilterChain.java:150) ~[tomcat-embed-core-10.1.20.jar:10.1.20]
	at org.apache.tomcat.websocket.server.WsFilter.doFilter(WsFilter.java:51) ~[tomcat-embed-websocket-10.1.20.jar:10.1.20]
	at org.apache.catalina.core.ApplicationFilterChain.internalDoFilter(ApplicationFilterChain.java:175) ~[tomcat-embed-core-10.1.20.jar:10.1.20]
	at org.apache.catalina.core.ApplicationFilterChain.doFilter(ApplicationFilterChain.java:150) ~[tomcat-embed-core-10.1.20.jar:10.1.20]
	at org.springframework.web.filter.OncePerRequestFilter.doFilter(OncePerRequestFilter.java:110) ~[spring-web-6.1.6.jar:6.1.6]
	at org.apache.catalina.core.ApplicationFilterChain.internalDoFilter(ApplicationFilterChain.java:175) ~[tomcat-embed-core-10.1.20.jar:10.1.20]
	at org.apache.catalina.core.ApplicationFilterChain.doFilter(ApplicationFilterChain.java:150) ~[tomcat-embed-core-10.1.20.jar:10.1.20]
	at org.springframework.web.filter.CompositeFilter$VirtualFilterChain.doFilter(CompositeFilter.java:108) ~[spring-web-6.1.6.jar:6.1.6]
	at org.springframework.security.web.FilterChainProxy.lambda$doFilterInternal$3(FilterChainProxy.java:231) ~[spring-security-web-6.2.4.jar:6.2.4]
	at org.springframework.security.web.FilterChainProxy$VirtualFilterChain.doFilter(FilterChainProxy.java:365) ~[spring-security-web-6.2.4.jar:6.2.4]
	at org.springframework.security.web.access.intercept.AuthorizationFilter.doFilter(AuthorizationFilter.java:100) ~[spring-security-web-6.2.4.jar:6.2.4]
	at org.springframework.security.web.FilterChainProxy$VirtualFilterChain.doFilter(FilterChainProxy.java:374) ~[spring-security-web-6.2.4.jar:6.2.4]
	at org.springframework.security.web.access.ExceptionTranslationFilter.doFilter(ExceptionTranslationFilter.java:126) ~[spring-security-web-6.2.4.jar:6.2.4]
	at org.springframework.security.web.access.ExceptionTranslationFilter.doFilter(ExceptionTranslationFilter.java:120) ~[spring-security-web-6.2.4.jar:6.2.4]
	at org.springframework.security.web.FilterChainProxy$VirtualFilterChain.doFilter(FilterChainProxy.java:374) ~[spring-security-web-6.2.4.jar:6.2.4]
	at org.springframework.security.web.session.SessionManagementFilter.doFilter(SessionManagementFilter.java:131) ~[spring-security-web-6.2.4.jar:6.2.4]
	at org.springframework.security.web.session.SessionManagementFilter.doFilter(SessionManagementFilter.java:85) ~[spring-security-web-6.2.4.jar:6.2.4]
	at org.springframework.security.web.FilterChainProxy$VirtualFilterChain.doFilter(FilterChainProxy.java:374) ~[spring-security-web-6.2.4.jar:6.2.4]
	at org.springframework.security.web.authentication.AnonymousAuthenticationFilter.doFilter(AnonymousAuthenticationFilter.java:100) ~[spring-security-web-6.2.4.jar:6.2.4]
	at org.springframework.security.web.FilterChainProxy$VirtualFilterChain.doFilter(FilterChainProxy.java:374) ~[spring-security-web-6.2.4.jar:6.2.4]
	at org.springframework.security.web.servletapi.SecurityContextHolderAwareRequestFilter.doFilter(SecurityContextHolderAwareRequestFilter.java:179) ~[spring-security-web-6.2.4.jar:6.2.4]
	at org.springframework.security.web.FilterChainProxy$VirtualFilterChain.doFilter(FilterChainProxy.java:374) ~[spring-security-web-6.2.4.jar:6.2.4]
	at org.springframework.security.web.savedrequest.RequestCacheAwareFilter.doFilter(RequestCacheAwareFilter.java:63) ~[spring-security-web-6.2.4.jar:6.2.4]
	at org.springframework.security.web.FilterChainProxy$VirtualFilterChain.doFilter(FilterChainProxy.java:374) ~[spring-security-web-6.2.4.jar:6.2.4]
	at com.Smart.Interview.Prep.Platform.security.JwtAuthFilter.doFilterInternal(JwtAuthFilter.java:68) ~[classes/:na]
	at org.springframework.web.filter.OncePerRequestFilter.doFilter(OncePerRequestFilter.java:116) ~[spring-web-6.1.6.jar:6.1.6]
	at org.springframework.security.web.FilterChainProxy$VirtualFilterChain.doFilter(FilterChainProxy.java:374) ~[spring-security-web-6.2.4.jar:6.2.4]
	at org.springframework.security.web.authentication.logout.LogoutFilter.doFilter(LogoutFilter.java:107) ~[spring-security-web-6.2.4.jar:6.2.4]
	at org.springframework.security.web.authentication.logout.LogoutFilter.doFilter(LogoutFilter.java:93) ~[spring-security-web-6.2.4.jar:6.2.4]
	at org.springframework.security.web.FilterChainProxy$VirtualFilterChain.doFilter(FilterChainProxy.java:374) ~[spring-security-web-6.2.4.jar:6.2.4]
	at org.springframework.web.filter.CorsFilter.doFilterInternal(CorsFilter.java:91) ~[spring-web-6.1.6.jar:6.1.6]
	at org.springframework.web.filter.OncePerRequestFilter.doFilter(OncePerRequestFilter.java:116) ~[spring-web-6.1.6.jar:6.1.6]
	at org.springframework.security.web.FilterChainProxy$VirtualFilterChain.doFilter(FilterChainProxy.java:374) ~[spring-security-web-6.2.4.jar:6.2.4]
	at org.springframework.security.web.header.HeaderWriterFilter.doHeadersAfter(HeaderWriterFilter.java:90) ~[spring-security-web-6.2.4.jar:6.2.4]
	at org.springframework.security.web.header.HeaderWriterFilter.doFilterInternal(HeaderWriterFilter.java:75) ~[spring-security-web-6.2.4.jar:6.2.4]
	at org.springframework.web.filter.OncePerRequestFilter.doFilter(OncePerRequestFilter.java:116) ~[spring-web-6.1.6.jar:6.1.6]
	at org.springframework.security.web.FilterChainProxy$VirtualFilterChain.doFilter(FilterChainProxy.java:374) ~[spring-security-web-6.2.4.jar:6.2.4]
	at org.springframework.security.web.context.SecurityContextHolderFilter.doFilter(SecurityContextHolderFilter.java:82) ~[spring-security-web-6.2.4.jar:6.2.4]
	at org.springframework.security.web.context.SecurityContextHolderFilter.doFilter(SecurityContextHolderFilter.java:69) ~[spring-security-web-6.2.4.jar:6.2.4]
	at org.springframework.security.web.FilterChainProxy$VirtualFilterChain.doFilter(FilterChainProxy.java:374) ~[spring-security-web-6.2.4.jar:6.2.4]
	at org.springframework.security.web.context.request.async.WebAsyncManagerIntegrationFilter.doFilterInternal(WebAsyncManagerIntegrationFilter.java:62) ~[spring-security-web-6.2.4.jar:6.2.4]
	at org.springframework.web.filter.OncePerRequestFilter.doFilter(OncePerRequestFilter.java:116) ~[spring-web-6.1.6.jar:6.1.6]
	at org.springframework.security.web.FilterChainProxy$VirtualFilterChain.doFilter(FilterChainProxy.java:374) ~[spring-security-web-6.2.4.jar:6.2.4]
	at org.springframework.security.web.session.DisableEncodeUrlFilter.doFilterInternal(DisableEncodeUrlFilter.java:42) ~[spring-security-web-6.2.4.jar:6.2.4]
	at org.springframework.web.filter.OncePerRequestFilter.doFilter(OncePerRequestFilter.java:116) ~[spring-web-6.1.6.jar:6.1.6]
	at org.springframework.security.web.FilterChainProxy$VirtualFilterChain.doFilter(FilterChainProxy.java:374) ~[spring-security-web-6.2.4.jar:6.2.4]
	at org.springframework.security.web.FilterChainProxy.doFilterInternal(FilterChainProxy.java:233) ~[spring-security-web-6.2.4.jar:6.2.4]
	at org.springframework.security.web.FilterChainProxy.doFilter(FilterChainProxy.java:191) ~[spring-security-web-6.2.4.jar:6.2.4]
	at org.springframework.web.filter.CompositeFilter$VirtualFilterChain.doFilter(CompositeFilter.java:113) ~[spring-web-6.1.6.jar:6.1.6]
	at org.springframework.web.servlet.handler.HandlerMappingIntrospector.lambda$createCacheFilter$3(HandlerMappingIntrospector.java:195) ~[spring-webmvc-6.1.6.jar:6.1.6]
	at org.springframework.web.filter.CompositeFilter$VirtualFilterChain.doFilter(CompositeFilter.java:113) ~[spring-web-6.1.6.jar:6.1.6]
	at org.springframework.web.filter.CompositeFilter.doFilter(CompositeFilter.java:74) ~[spring-web-6.1.6.jar:6.1.6]
	at org.springframework.security.config.annotation.web.configuration.WebMvcSecurityConfiguration$CompositeFilterChainProxy.doFilter(WebMvcSecurityConfiguration.java:230) ~[spring-security-config-6.2.4.jar:6.2.4]
	at org.springframework.web.filter.DelegatingFilterProxy.invokeDelegate(DelegatingFilterProxy.java:352) ~[spring-web-6.1.6.jar:6.1.6]
	at org.springframework.web.filter.DelegatingFilterProxy.doFilter(DelegatingFilterProxy.java:268) ~[spring-web-6.1.6.jar:6.1.6]
	at org.apache.catalina.core.ApplicationFilterChain.internalDoFilter(ApplicationFilterChain.java:175) ~[tomcat-embed-core-10.1.20.jar:10.1.20]
	at org.apache.catalina.core.ApplicationFilterChain.doFilter(ApplicationFilterChain.java:150) ~[tomcat-embed-core-10.1.20.jar:10.1.20]
	at org.springframework.web.filter.RequestContextFilter.doFilterInternal(RequestContextFilter.java:100) ~[spring-web-6.1.6.jar:6.1.6]
	at org.springframework.web.filter.OncePerRequestFilter.doFilter(OncePerRequestFilter.java:116) ~[spring-web-6.1.6.jar:6.1.6]
	at org.apache.catalina.core.ApplicationFilterChain.internalDoFilter(ApplicationFilterChain.java:175) ~[tomcat-embed-core-10.1.20.jar:10.1.20]
	at org.apache.catalina.core.ApplicationFilterChain.doFilter(ApplicationFilterChain.java:150) ~[tomcat-embed-core-10.1.20.jar:10.1.20]
	at org.springframework.web.filter.FormContentFilter.doFilterInternal(FormContentFilter.java:93) ~[spring-web-6.1.6.jar:6.1.6]
	at org.springframework.web.filter.OncePerRequestFilter.doFilter(OncePerRequestFilter.java:116) ~[spring-web-6.1.6.jar:6.1.6]
	at org.apache.catalina.core.ApplicationFilterChain.internalDoFilter(ApplicationFilterChain.java:175) ~[tomcat-embed-core-10.1.20.jar:10.1.20]
	at org.apache.catalina.core.ApplicationFilterChain.doFilter(ApplicationFilterChain.java:150) ~[tomcat-embed-core-10.1.20.jar:10.1.20]
	at org.springframework.web.filter.CharacterEncodingFilter.doFilterInternal(CharacterEncodingFilter.java:201) ~[spring-web-6.1.6.jar:6.1.6]
	at org.springframework.web.filter.OncePerRequestFilter.doFilter(OncePerRequestFilter.java:116) ~[spring-web-6.1.6.jar:6.1.6]
	at org.apache.catalina.core.ApplicationFilterChain.internalDoFilter(ApplicationFilterChain.java:175) ~[tomcat-embed-core-10.1.20.jar:10.1.20]
	at org.apache.catalina.core.ApplicationFilterChain.doFilter(ApplicationFilterChain.java:150) ~[tomcat-embed-core-10.1.20.jar:10.1.20]
	at org.apache.catalina.core.StandardWrapperValve.invoke(StandardWrapperValve.java:167) ~[tomcat-embed-core-10.1.20.jar:10.1.20]
	at org.apache.catalina.core.StandardContextValve.invoke(StandardContextValve.java:90) ~[tomcat-embed-core-10.1.20.jar:10.1.20]
	at org.apache.catalina.authenticator.AuthenticatorBase.invoke(AuthenticatorBase.java:482) ~[tomcat-embed-core-10.1.20.jar:10.1.20]
	at org.apache.catalina.core.StandardHostValve.invoke(StandardHostValve.java:115) ~[tomcat-embed-core-10.1.20.jar:10.1.20]
	at org.apache.catalina.valves.ErrorReportValve.invoke(ErrorReportValve.java:93) ~[tomcat-embed-core-10.1.20.jar:10.1.20]
	at org.apache.catalina.core.StandardEngineValve.invoke(StandardEngineValve.java:74) ~[tomcat-embed-core-10.1.20.jar:10.1.20]
	at org.apache.catalina.connector.CoyoteAdapter.service(CoyoteAdapter.java:344) ~[tomcat-embed-core-10.1.20.jar:10.1.20]
	at org.apache.coyote.http11.Http11Processor.service(Http11Processor.java:391) ~[tomcat-embed-core-10.1.20.jar:10.1.20]
	at org.apache.coyote.AbstractProcessorLight.process(AbstractProcessorLight.java:63) ~[tomcat-embed-core-10.1.20.jar:10.1.20]
	at org.apache.coyote.AbstractProtocol$ConnectionHandler.process(AbstractProtocol.java:896) ~[tomcat-embed-core-10.1.20.jar:10.1.20]
	at org.apache.tomcat.util.net.NioEndpoint$SocketProcessor.doRun(NioEndpoint.java:1736) ~[tomcat-embed-core-10.1.20.jar:10.1.20]
	at org.apache.tomcat.util.net.SocketProcessorBase.run(SocketProcessorBase.java:52) ~[tomcat-embed-core-10.1.20.jar:10.1.20]
	at org.apache.tomcat.util.threads.ThreadPoolExecutor.runWorker(ThreadPoolExecutor.java:1191) ~[tomcat-embed-core-10.1.20.jar:10.1.20]
	at org.apache.tomcat.util.threads.ThreadPoolExecutor$Worker.run(ThreadPoolExecutor.java:659) ~[tomcat-embed-core-10.1.20.jar:10.1.20]
	at org.apache.tomcat.util.threads.TaskThread$WrappingRunnable.run(TaskThread.java:63) ~[tomcat-embed-core-10.1.20.jar:10.1.20]
	at java.base/java.lang.Thread.run(Thread.java:1583) ~[na:na]

2026-05-06T10:43:13.777+05:30 DEBUG 14976 --- [Smart-Interview-Prep-Platform] [http-nio-8080-exec-6] o.s.security.web.FilterChainProxy        : Securing POST /error
2026-05-06T10:43:13.780+05:30 DEBUG 14976 --- [Smart-Interview-Prep-Platform] [http-nio-8080-exec-6] o.s.s.w.a.AnonymousAuthenticationFilter  : Set SecurityContextHolder to anonymous SecurityContext
2026-05-06T10:43:13.782+05:30 DEBUG 14976 --- [Smart-Interview-Prep-Platform] [http-nio-8080-exec-6] o.s.s.w.a.Http403ForbiddenEntryPoint     : Pre-authenticated entry point called. Rejecting access
2026-05-06T10:43:54.873+05:30 DEBUG 14976 --- [Smart-Interview-Prep-Platform] [http-nio-8080-exec-7] o.s.security.web.FilterChainProxy        : Securing POST /api/user/quiz/start
2026-05-06T10:43:54.874+05:30  INFO 14976 --- [Smart-Interview-Prep-Platform] [http-nio-8080-exec-7] c.S.I.P.Platform.security.JwtAuthFilter  : JWT Filter Bearer eyJhbGciOiJIUzI1NiJ9.eyJzdWIiOiJzYW1tQGdtYWlsLmNvbSIsInJvbGUiOiJVU0VSIiwiaWF0IjoxNzc4MDQ0MzY2LCJleHAiOjE3NzgxMzA3NjZ9.7j0mCJQjprJn8GIoAhtCChcul4xxPjqI0B5z2855aqI
2026-05-06T10:43:54.875+05:30  INFO 14976 --- [Smart-Interview-Prep-Platform] [http-nio-8080-exec-7] c.S.I.P.Platform.security.JwtAuthFilter  : Token eyJhbGciOiJIUzI1NiJ9.eyJzdWIiOiJzYW1tQGdtYWlsLmNvbSIsInJvbGUiOiJVU0VSIiwiaWF0IjoxNzc4MDQ0MzY2LCJleHAiOjE3NzgxMzA3NjZ9.7j0mCJQjprJn8GIoAhtCChcul4xxPjqI0B5z2855aqI
2026-05-06T10:43:54.888+05:30  INFO 14976 --- [Smart-Interview-Prep-Platform] [http-nio-8080-exec-7] c.S.I.P.Platform.security.JwtAuthFilter  : Token Filter email samm@gmail.com
2026-05-06T10:43:54.889+05:30  INFO 14976 --- [Smart-Interview-Prep-Platform] [http-nio-8080-exec-7] c.S.I.P.Platform.security.JwtAuthFilter  : Token Filter auth UsernamePasswordAuthenticationToken [Principal=samm@gmail.com, Credentials=[PROTECTED], Authenticated=true, Details=null, Granted Authorities=[ROLE_USER]]
2026-05-06T10:43:54.891+05:30 DEBUG 14976 --- [Smart-Interview-Prep-Platform] [http-nio-8080-exec-7] o.s.security.web.FilterChainProxy        : Secured POST /api/user/quiz/start
2026-05-06T10:43:54.906+05:30 DEBUG 14976 --- [Smart-Interview-Prep-Platform] [http-nio-8080-exec-7] o.s.security.web.FilterChainProxy        : Securing POST /error
2026-05-06T10:43:54.907+05:30 DEBUG 14976 --- [Smart-Interview-Prep-Platform] [http-nio-8080-exec-7] o.s.s.w.a.AnonymousAuthenticationFilter  : Set SecurityContextHolder to anonymous SecurityContext
2026-05-06T10:43:54.907+05:30 DEBUG 14976 --- [Smart-Interview-Prep-Platform] [http-nio-8080-exec-7] o.s.s.w.a.Http403ForbiddenEntryPoint     : Pre-authenticated entry point called. Rejecting access
2026-05-06T10:44:03.132+05:30 DEBUG 14976 --- [Smart-Interview-Prep-Platform] [http-nio-8080-exec-8] o.s.security.web.FilterChainProxy        : Securing POST /api/auth/login
2026-05-06T10:44:03.133+05:30  INFO 14976 --- [Smart-Interview-Prep-Platform] [http-nio-8080-exec-8] c.S.I.P.Platform.security.JwtAuthFilter  : JWT Filter null
2026-05-06T10:44:03.134+05:30 DEBUG 14976 --- [Smart-Interview-Prep-Platform] [http-nio-8080-exec-8] o.s.s.w.a.AnonymousAuthenticationFilter  : Set SecurityContextHolder to anonymous SecurityContext
2026-05-06T10:44:03.135+05:30 DEBUG 14976 --- [Smart-Interview-Prep-Platform] [http-nio-8080-exec-8] o.s.security.web.FilterChainProxy        : Secured POST /api/auth/login
2026-05-06T10:44:03.136+05:30  INFO 14976 --- [Smart-Interview-Prep-Platform] [http-nio-8080-exec-8] c.S.I.Prep.Platform.service.AuthService  : Login attempt for email: samm@gmail.com
2026-05-06T10:44:13.567+05:30 DEBUG 14976 --- [Smart-Interview-Prep-Platform] [http-nio-8080-exec-5] o.s.security.web.FilterChainProxy        : Securing POST /api/user/quiz/start
2026-05-06T10:44:13.568+05:30  INFO 14976 --- [Smart-Interview-Prep-Platform] [http-nio-8080-exec-5] c.S.I.P.Platform.security.JwtAuthFilter  : JWT Filter Bearer eyJhbGciOiJIUzI1NiJ9.eyJzdWIiOiJzYW1tQGdtYWlsLmNvbSIsInJvbGUiOiJVU0VSIiwiaWF0IjoxNzc4MDQ0NDQzLCJleHAiOjE3NzgxMzA4NDN9.Pnppwl6J1dSy3uxS3U5nmIA3OsudnJP_iQ2j3_7t27U
2026-05-06T10:44:13.568+05:30  INFO 14976 --- [Smart-Interview-Prep-Platform] [http-nio-8080-exec-5] c.S.I.P.Platform.security.JwtAuthFilter  : Token eyJhbGciOiJIUzI1NiJ9.eyJzdWIiOiJzYW1tQGdtYWlsLmNvbSIsInJvbGUiOiJVU0VSIiwiaWF0IjoxNzc4MDQ0NDQzLCJleHAiOjE3NzgxMzA4NDN9.Pnppwl6J1dSy3uxS3U5nmIA3OsudnJP_iQ2j3_7t27U
2026-05-06T10:44:13.581+05:30  INFO 14976 --- [Smart-Interview-Prep-Platform] [http-nio-8080-exec-5] c.S.I.P.Platform.security.JwtAuthFilter  : Token Filter email samm@gmail.com
2026-05-06T10:44:13.582+05:30  INFO 14976 --- [Smart-Interview-Prep-Platform] [http-nio-8080-exec-5] c.S.I.P.Platform.security.JwtAuthFilter  : Token Filter auth UsernamePasswordAuthenticationToken [Principal=samm@gmail.com, Credentials=[PROTECTED], Authenticated=true, Details=null, Granted Authorities=[ROLE_USER]]
2026-05-06T10:44:13.583+05:30 DEBUG 14976 --- [Smart-Interview-Prep-Platform] [http-nio-8080-exec-5] o.s.security.web.FilterChainProxy        : Secured POST /api/user/quiz/start
2026-05-06T10:44:13.634+05:30 DEBUG 14976 --- [Smart-Interview-Prep-Platform] [http-nio-8080-exec-5] o.s.security.web.FilterChainProxy        : Securing POST /error
2026-05-06T10:44:13.635+05:30 DEBUG 14976 --- [Smart-Interview-Prep-Platform] [http-nio-8080-exec-5] o.s.s.w.a.AnonymousAuthenticationFilter  : Set SecurityContextHolder to anonymous SecurityContext
2026-05-06T10:44:13.636+05:30 DEBUG 14976 --- [Smart-Interview-Prep-Platform] [http-nio-8080-exec-5] o.s.s.w.a.Http403ForbiddenEntryPoint     : Pre-authenticated entry point called. Rejecting access
2026-05-06T10:45:35.872+05:30  INFO 14976 --- [Smart-Interview-Prep-Platform] [SpringApplicationShutdownHook] j.LocalContainerEntityManagerFactoryBean : Closing JPA EntityManagerFactory for persistence unit 'default'
2026-05-06T10:45:35.879+05:30  INFO 14976 --- [Smart-Interview-Prep-Platform] [SpringApplicationShutdownHook] com.zaxxer.hikari.HikariDataSource       : HikariPool-1 - Shutdown initiated...
2026-05-06T10:45:35.893+05:30  INFO 14976 --- [Smart-Interview-Prep-Platform] [SpringApplicationShutdownHook] com.zaxxer.hikari.HikariDataSource       : HikariPool-1 - Shutdown completed.
2026-05-06T10:48:30.082+05:30  INFO 7868 --- [Smart-Interview-Prep-Platform] [restartedMain] .P.SmartInterviewPrepPlatformApplication : Starting SmartInterviewPrepPlatformApplication using Java 21.0.10 with PID 7868 (C:\Users\Dell\Desktop\Smart Interview Prep Platform (3)\Smart Interview Prep Platform\Smart-Interview-Prep-Platform\target\classes started by Dell in C:\Users\Dell\Desktop\Smart Interview Prep Platform (3)\Smart Interview Prep Platform\Smart-Interview-Prep-Platform)
2026-05-06T10:48:30.084+05:30 DEBUG 7868 --- [Smart-Interview-Prep-Platform] [restartedMain] .P.SmartInterviewPrepPlatformApplication : Running with Spring Boot v3.2.5, Spring v6.1.6
2026-05-06T10:48:30.086+05:30  INFO 7868 --- [Smart-Interview-Prep-Platform] [restartedMain] .P.SmartInterviewPrepPlatformApplication : No active profile set, falling back to 1 default profile: "default"
2026-05-06T10:48:30.157+05:30  INFO 7868 --- [Smart-Interview-Prep-Platform] [restartedMain] .e.DevToolsPropertyDefaultsPostProcessor : Devtools property defaults active! Set 'spring.devtools.add-properties' to 'false' to disable
2026-05-06T10:48:30.157+05:30  INFO 7868 --- [Smart-Interview-Prep-Platform] [restartedMain] .e.DevToolsPropertyDefaultsPostProcessor : For additional web related logging consider setting the 'logging.level.web' property to 'DEBUG'
2026-05-06T10:48:31.461+05:30  INFO 7868 --- [Smart-Interview-Prep-Platform] [restartedMain] .s.d.r.c.RepositoryConfigurationDelegate : Bootstrapping Spring Data JPA repositories in DEFAULT mode.
2026-05-06T10:48:31.695+05:30  INFO 7868 --- [Smart-Interview-Prep-Platform] [restartedMain] .s.d.r.c.RepositoryConfigurationDelegate : Finished Spring Data repository scanning in 202 ms. Found 4 JPA repository interfaces.
2026-05-06T10:48:32.861+05:30  INFO 7868 --- [Smart-Interview-Prep-Platform] [restartedMain] o.s.b.w.embedded.tomcat.TomcatWebServer  : Tomcat initialized with port 8080 (http)
2026-05-06T10:48:32.883+05:30  INFO 7868 --- [Smart-Interview-Prep-Platform] [restartedMain] o.apache.catalina.core.StandardService   : Starting service [Tomcat]
2026-05-06T10:48:32.883+05:30  INFO 7868 --- [Smart-Interview-Prep-Platform] [restartedMain] o.apache.catalina.core.StandardEngine    : Starting Servlet engine: [Apache Tomcat/10.1.20]
2026-05-06T10:48:32.973+05:30  INFO 7868 --- [Smart-Interview-Prep-Platform] [restartedMain] o.a.c.c.C.[Tomcat].[localhost].[/]       : Initializing Spring embedded WebApplicationContext
2026-05-06T10:48:32.973+05:30  INFO 7868 --- [Smart-Interview-Prep-Platform] [restartedMain] w.s.c.ServletWebServerApplicationContext : Root WebApplicationContext: initialization completed in 2815 ms
2026-05-06T10:48:33.027+05:30  INFO 7868 --- [Smart-Interview-Prep-Platform] [restartedMain] com.zaxxer.hikari.HikariDataSource       : HikariPool-1 - Starting...
2026-05-06T10:48:33.871+05:30  INFO 7868 --- [Smart-Interview-Prep-Platform] [restartedMain] com.zaxxer.hikari.pool.HikariPool        : HikariPool-1 - Added connection com.mysql.cj.jdbc.ConnectionImpl@5e1775c2
2026-05-06T10:48:33.876+05:30  INFO 7868 --- [Smart-Interview-Prep-Platform] [restartedMain] com.zaxxer.hikari.HikariDataSource       : HikariPool-1 - Start completed.
2026-05-06T10:48:33.897+05:30  INFO 7868 --- [Smart-Interview-Prep-Platform] [restartedMain] o.s.b.a.h2.H2ConsoleAutoConfiguration    : H2 console available at '/h2-console'. Database available at 'jdbc:mysql://localhost:3306/interview_prep'
2026-05-06T10:48:34.018+05:30 DEBUG 7868 --- [Smart-Interview-Prep-Platform] [restartedMain] c.S.I.P.Platform.security.JwtAuthFilter  : Filter 'jwtAuthFilter' configured for use
2026-05-06T10:48:34.223+05:30  INFO 7868 --- [Smart-Interview-Prep-Platform] [restartedMain] o.hibernate.jpa.internal.util.LogHelper  : HHH000204: Processing PersistenceUnitInfo [name: default]
2026-05-06T10:48:34.352+05:30  INFO 7868 --- [Smart-Interview-Prep-Platform] [restartedMain] org.hibernate.Version                    : HHH000412: Hibernate ORM core version 6.4.4.Final
2026-05-06T10:48:34.438+05:30  INFO 7868 --- [Smart-Interview-Prep-Platform] [restartedMain] o.h.c.internal.RegionFactoryInitiator    : HHH000026: Second-level cache disabled
2026-05-06T10:48:35.026+05:30  INFO 7868 --- [Smart-Interview-Prep-Platform] [restartedMain] o.s.o.j.p.SpringPersistenceUnitInfo      : No LoadTimeWeaver setup: ignoring JPA class transformer
2026-05-06T10:48:37.519+05:30  INFO 7868 --- [Smart-Interview-Prep-Platform] [restartedMain] o.h.e.t.j.p.i.JtaPlatformInitiator       : HHH000489: No JTA platform available (set 'hibernate.transaction.jta.platform' to enable JTA platform integration)
2026-05-06T10:48:37.665+05:30  INFO 7868 --- [Smart-Interview-Prep-Platform] [restartedMain] j.LocalContainerEntityManagerFactoryBean : Initialized JPA EntityManagerFactory for persistence unit 'default'
2026-05-06T10:48:38.287+05:30  INFO 7868 --- [Smart-Interview-Prep-Platform] [restartedMain] o.s.d.j.r.query.QueryEnhancerFactory     : Hibernate is in classpath; If applicable, HQL parser will be used.
2026-05-06T10:48:38.734+05:30  WARN 7868 --- [Smart-Interview-Prep-Platform] [restartedMain] JpaBaseConfiguration$JpaWebConfiguration : spring.jpa.open-in-view is enabled by default. Therefore, database queries may be performed during view rendering. Explicitly configure spring.jpa.open-in-view to disable this warning
2026-05-06T10:48:38.824+05:30 DEBUG 7868 --- [Smart-Interview-Prep-Platform] [restartedMain] swordEncoderAuthenticationManagerBuilder : No authenticationProviders and no parentAuthenticationManager defined. Returning null.
2026-05-06T10:48:39.323+05:30  INFO 7868 --- [Smart-Interview-Prep-Platform] [restartedMain] o.s.s.web.DefaultSecurityFilterChain     : Will secure any request with [org.springframework.security.web.session.DisableEncodeUrlFilter@e55c328, org.springframework.security.web.context.request.async.WebAsyncManagerIntegrationFilter@7462e5da, org.springframework.security.web.context.SecurityContextHolderFilter@75656cbf, org.springframework.security.web.header.HeaderWriterFilter@3ab270e1, org.springframework.web.filter.CorsFilter@673106a1, org.springframework.security.web.authentication.logout.LogoutFilter@d6554ee, com.Smart.Interview.Prep.Platform.security.JwtAuthFilter@56165bc2, org.springframework.security.web.savedrequest.RequestCacheAwareFilter@7332d121, org.springframework.security.web.servletapi.SecurityContextHolderAwareRequestFilter@26ff0ab5, org.springframework.security.web.authentication.AnonymousAuthenticationFilter@3e5ea49e, org.springframework.security.web.session.SessionManagementFilter@3b6e549a, org.springframework.security.web.access.ExceptionTranslationFilter@1f70fe75, org.springframework.security.web.access.intercept.AuthorizationFilter@11f6a42]
2026-05-06T10:48:39.806+05:30  INFO 7868 --- [Smart-Interview-Prep-Platform] [restartedMain] o.s.b.d.a.OptionalLiveReloadServer       : LiveReload server is running on port 35729
2026-05-06T10:48:39.896+05:30  INFO 7868 --- [Smart-Interview-Prep-Platform] [restartedMain] o.s.b.w.embedded.tomcat.TomcatWebServer  : Tomcat started on port 8080 (http) with context path ''
2026-05-06T10:48:39.912+05:30  INFO 7868 --- [Smart-Interview-Prep-Platform] [restartedMain] .P.SmartInterviewPrepPlatformApplication : Started SmartInterviewPrepPlatformApplication in 10.514 seconds (process running for 11.813)
2026-05-06T10:56:24.321+05:30  INFO 7868 --- [Smart-Interview-Prep-Platform] [http-nio-8080-exec-1] o.a.c.c.C.[Tomcat].[localhost].[/]       : Initializing Spring DispatcherServlet 'dispatcherServlet'
2026-05-06T10:56:24.322+05:30  INFO 7868 --- [Smart-Interview-Prep-Platform] [http-nio-8080-exec-1] o.s.web.servlet.DispatcherServlet        : Initializing Servlet 'dispatcherServlet'
2026-05-06T10:56:24.327+05:30  INFO 7868 --- [Smart-Interview-Prep-Platform] [http-nio-8080-exec-1] o.s.web.servlet.DispatcherServlet        : Completed initialization in 4 ms
2026-05-06T10:56:24.378+05:30 DEBUG 7868 --- [Smart-Interview-Prep-Platform] [http-nio-8080-exec-1] o.s.security.web.FilterChainProxy        : Securing POST /api/auth/login
2026-05-06T10:56:24.394+05:30  INFO 7868 --- [Smart-Interview-Prep-Platform] [http-nio-8080-exec-1] c.S.I.P.Platform.security.JwtAuthFilter  : JWT Filter null
2026-05-06T10:56:24.399+05:30 DEBUG 7868 --- [Smart-Interview-Prep-Platform] [http-nio-8080-exec-1] o.s.s.w.a.AnonymousAuthenticationFilter  : Set SecurityContextHolder to anonymous SecurityContext
2026-05-06T10:56:24.403+05:30 DEBUG 7868 --- [Smart-Interview-Prep-Platform] [http-nio-8080-exec-1] o.s.security.web.FilterChainProxy        : Secured POST /api/auth/login
2026-05-06T10:56:24.619+05:30  INFO 7868 --- [Smart-Interview-Prep-Platform] [http-nio-8080-exec-1] c.S.I.Prep.Platform.service.AuthService  : Login attempt for email: samm@gmail.com
2026-05-06T10:56:44.400+05:30 DEBUG 7868 --- [Smart-Interview-Prep-Platform] [http-nio-8080-exec-3] o.s.security.web.FilterChainProxy        : Securing POST /api/user/quiz/start
2026-05-06T10:56:44.402+05:30  INFO 7868 --- [Smart-Interview-Prep-Platform] [http-nio-8080-exec-3] c.S.I.P.Platform.security.JwtAuthFilter  : JWT Filter Bearer eyJhbGciOiJIUzI1NiJ9.eyJzdWIiOiJzYW1tQGdtYWlsLmNvbSIsInJvbGUiOiJVU0VSIiwiaWF0IjoxNzc4MDQ1MTg1LCJleHAiOjE3NzgxMzE1ODV9.RJvBtVG72bptw4wJz7dnocYsMQCbFSaCEEU_zDUs4eQ
2026-05-06T10:56:44.409+05:30  INFO 7868 --- [Smart-Interview-Prep-Platform] [http-nio-8080-exec-3] c.S.I.P.Platform.security.JwtAuthFilter  : Token eyJhbGciOiJIUzI1NiJ9.eyJzdWIiOiJzYW1tQGdtYWlsLmNvbSIsInJvbGUiOiJVU0VSIiwiaWF0IjoxNzc4MDQ1MTg1LCJleHAiOjE3NzgxMzE1ODV9.RJvBtVG72bptw4wJz7dnocYsMQCbFSaCEEU_zDUs4eQ
2026-05-06T10:56:44.590+05:30  INFO 7868 --- [Smart-Interview-Prep-Platform] [http-nio-8080-exec-3] c.S.I.P.Platform.security.JwtAuthFilter  : Token Filter email samm@gmail.com
2026-05-06T10:56:44.597+05:30  INFO 7868 --- [Smart-Interview-Prep-Platform] [http-nio-8080-exec-3] c.S.I.P.Platform.security.JwtAuthFilter  : Token Filter auth UsernamePasswordAuthenticationToken [Principal=samm@gmail.com, Credentials=[PROTECTED], Authenticated=true, Details=null, Granted Authorities=[ROLE_USER]]
2026-05-06T10:56:44.600+05:30 DEBUG 7868 --- [Smart-Interview-Prep-Platform] [http-nio-8080-exec-3] o.s.security.web.FilterChainProxy        : Secured POST /api/user/quiz/start
2026-05-06T10:56:44.639+05:30 DEBUG 7868 --- [Smart-Interview-Prep-Platform] [http-nio-8080-exec-3] o.s.security.web.FilterChainProxy        : Securing POST /error
2026-05-06T10:56:44.650+05:30 DEBUG 7868 --- [Smart-Interview-Prep-Platform] [http-nio-8080-exec-3] o.s.s.w.a.AnonymousAuthenticationFilter  : Set SecurityContextHolder to anonymous SecurityContext
2026-05-06T10:56:44.652+05:30 DEBUG 7868 --- [Smart-Interview-Prep-Platform] [http-nio-8080-exec-3] o.s.s.w.a.Http403ForbiddenEntryPoint     : Pre-authenticated entry point called. Rejecting access
2026-05-06T10:57:17.845+05:30 DEBUG 7868 --- [Smart-Interview-Prep-Platform] [http-nio-8080-exec-4] o.s.security.web.FilterChainProxy        : Securing POST /api/user/quiz/start
2026-05-06T10:57:17.846+05:30  INFO 7868 --- [Smart-Interview-Prep-Platform] [http-nio-8080-exec-4] c.S.I.P.Platform.security.JwtAuthFilter  : JWT Filter Bearer eyJhbGciOiJIUzI1NiJ9.eyJzdWIiOiJzYW1tQGdtYWlsLmNvbSIsInJvbGUiOiJVU0VSIiwiaWF0IjoxNzc4MDQ1MTg1LCJleHAiOjE3NzgxMzE1ODV9.RJvBtVG72bptw4wJz7dnocYsMQCbFSaCEEU_zDUs4eQ
2026-05-06T10:57:17.846+05:30  INFO 7868 --- [Smart-Interview-Prep-Platform] [http-nio-8080-exec-4] c.S.I.P.Platform.security.JwtAuthFilter  : Token eyJhbGciOiJIUzI1NiJ9.eyJzdWIiOiJzYW1tQGdtYWlsLmNvbSIsInJvbGUiOiJVU0VSIiwiaWF0IjoxNzc4MDQ1MTg1LCJleHAiOjE3NzgxMzE1ODV9.RJvBtVG72bptw4wJz7dnocYsMQCbFSaCEEU_zDUs4eQ
2026-05-06T10:57:17.860+05:30  INFO 7868 --- [Smart-Interview-Prep-Platform] [http-nio-8080-exec-4] c.S.I.P.Platform.security.JwtAuthFilter  : Token Filter email samm@gmail.com
2026-05-06T10:57:17.861+05:30  INFO 7868 --- [Smart-Interview-Prep-Platform] [http-nio-8080-exec-4] c.S.I.P.Platform.security.JwtAuthFilter  : Token Filter auth UsernamePasswordAuthenticationToken [Principal=samm@gmail.com, Credentials=[PROTECTED], Authenticated=true, Details=null, Granted Authorities=[ROLE_USER]]
2026-05-06T10:57:17.861+05:30 DEBUG 7868 --- [Smart-Interview-Prep-Platform] [http-nio-8080-exec-4] o.s.security.web.FilterChainProxy        : Secured POST /api/user/quiz/start
2026-05-06T10:57:17.884+05:30 DEBUG 7868 --- [Smart-Interview-Prep-Platform] [http-nio-8080-exec-4] o.s.security.web.FilterChainProxy        : Securing POST /error
2026-05-06T10:57:17.886+05:30 DEBUG 7868 --- [Smart-Interview-Prep-Platform] [http-nio-8080-exec-4] o.s.s.w.a.AnonymousAuthenticationFilter  : Set SecurityContextHolder to anonymous SecurityContext
2026-05-06T10:57:17.888+05:30 DEBUG 7868 --- [Smart-Interview-Prep-Platform] [http-nio-8080-exec-4] o.s.s.w.a.Http403ForbiddenEntryPoint     : Pre-authenticated entry point called. Rejecting access
2026-05-06T10:57:34.504+05:30 DEBUG 7868 --- [Smart-Interview-Prep-Platform] [http-nio-8080-exec-5] o.s.security.web.FilterChainProxy        : Securing POST /api/user/quiz/start
2026-05-06T10:57:34.507+05:30  INFO 7868 --- [Smart-Interview-Prep-Platform] [http-nio-8080-exec-5] c.S.I.P.Platform.security.JwtAuthFilter  : JWT Filter Bearer eyJhbGciOiJIUzI1NiJ9.eyJzdWIiOiJzYW1tQGdtYWlsLmNvbSIsInJvbGUiOiJVU0VSIiwiaWF0IjoxNzc4MDQ1MTg1LCJleHAiOjE3NzgxMzE1ODV9.RJvBtVG72bptw4wJz7dnocYsMQCbFSaCEEU_zDUs4eQ
2026-05-06T10:57:34.507+05:30  INFO 7868 --- [Smart-Interview-Prep-Platform] [http-nio-8080-exec-5] c.S.I.P.Platform.security.JwtAuthFilter  : Token eyJhbGciOiJIUzI1NiJ9.eyJzdWIiOiJzYW1tQGdtYWlsLmNvbSIsInJvbGUiOiJVU0VSIiwiaWF0IjoxNzc4MDQ1MTg1LCJleHAiOjE3NzgxMzE1ODV9.RJvBtVG72bptw4wJz7dnocYsMQCbFSaCEEU_zDUs4eQ
2026-05-06T10:57:34.523+05:30  INFO 7868 --- [Smart-Interview-Prep-Platform] [http-nio-8080-exec-5] c.S.I.P.Platform.security.JwtAuthFilter  : Token Filter email samm@gmail.com
2026-05-06T10:57:34.525+05:30  INFO 7868 --- [Smart-Interview-Prep-Platform] [http-nio-8080-exec-5] c.S.I.P.Platform.security.JwtAuthFilter  : Token Filter auth UsernamePasswordAuthenticationToken [Principal=samm@gmail.com, Credentials=[PROTECTED], Authenticated=true, Details=null, Granted Authorities=[ROLE_USER]]
2026-05-06T10:57:34.526+05:30 DEBUG 7868 --- [Smart-Interview-Prep-Platform] [http-nio-8080-exec-5] o.s.security.web.FilterChainProxy        : Secured POST /api/user/quiz/start
2026-05-06T10:57:34.529+05:30 DEBUG 7868 --- [Smart-Interview-Prep-Platform] [http-nio-8080-exec-5] o.s.security.web.FilterChainProxy        : Securing POST /error
2026-05-06T10:57:34.529+05:30 DEBUG 7868 --- [Smart-Interview-Prep-Platform] [http-nio-8080-exec-5] o.s.s.w.a.AnonymousAuthenticationFilter  : Set SecurityContextHolder to anonymous SecurityContext
2026-05-06T10:57:34.529+05:30 DEBUG 7868 --- [Smart-Interview-Prep-Platform] [http-nio-8080-exec-5] o.s.s.w.a.Http403ForbiddenEntryPoint     : Pre-authenticated entry point called. Rejecting access
2026-05-06T10:59:28.789+05:30 DEBUG 7868 --- [Smart-Interview-Prep-Platform] [http-nio-8080-exec-9] o.s.security.web.FilterChainProxy        : Securing POST /api/user/quiz/start
2026-05-06T10:59:28.791+05:30  INFO 7868 --- [Smart-Interview-Prep-Platform] [http-nio-8080-exec-9] c.S.I.P.Platform.security.JwtAuthFilter  : JWT Filter Bearer eyJhbGciOiJIUzI1NiJ9.eyJzdWIiOiJzYW1tQGdtYWlsLmNvbSIsInJvbGUiOiJVU0VSIiwiaWF0IjoxNzc4MDQ1MTg1LCJleHAiOjE3NzgxMzE1ODV9.RJvBtVG72bptw4wJz7dnocYsMQCbFSaCEEU_zDUs4eQ
2026-05-06T10:59:28.792+05:30  INFO 7868 --- [Smart-Interview-Prep-Platform] [http-nio-8080-exec-9] c.S.I.P.Platform.security.JwtAuthFilter  : Token eyJhbGciOiJIUzI1NiJ9.eyJzdWIiOiJzYW1tQGdtYWlsLmNvbSIsInJvbGUiOiJVU0VSIiwiaWF0IjoxNzc4MDQ1MTg1LCJleHAiOjE3NzgxMzE1ODV9.RJvBtVG72bptw4wJz7dnocYsMQCbFSaCEEU_zDUs4eQ
2026-05-06T10:59:28.806+05:30  INFO 7868 --- [Smart-Interview-Prep-Platform] [http-nio-8080-exec-9] c.S.I.P.Platform.security.JwtAuthFilter  : Token Filter email samm@gmail.com
2026-05-06T10:59:28.807+05:30  INFO 7868 --- [Smart-Interview-Prep-Platform] [http-nio-8080-exec-9] c.S.I.P.Platform.security.JwtAuthFilter  : Token Filter auth UsernamePasswordAuthenticationToken [Principal=samm@gmail.com, Credentials=[PROTECTED], Authenticated=true, Details=null, Granted Authorities=[ROLE_USER]]
2026-05-06T10:59:28.807+05:30 DEBUG 7868 --- [Smart-Interview-Prep-Platform] [http-nio-8080-exec-9] o.s.security.web.FilterChainProxy        : Secured POST /api/user/quiz/start
2026-05-06T10:59:28.819+05:30 DEBUG 7868 --- [Smart-Interview-Prep-Platform] [http-nio-8080-exec-9] o.s.security.web.FilterChainProxy        : Securing POST /error
2026-05-06T10:59:28.820+05:30 DEBUG 7868 --- [Smart-Interview-Prep-Platform] [http-nio-8080-exec-9] o.s.s.w.a.AnonymousAuthenticationFilter  : Set SecurityContextHolder to anonymous SecurityContext
2026-05-06T10:59:28.821+05:30 DEBUG 7868 --- [Smart-Interview-Prep-Platform] [http-nio-8080-exec-9] o.s.s.w.a.Http403ForbiddenEntryPoint     : Pre-authenticated entry point called. Rejecting access
2026-05-06T11:00:59.154+05:30  INFO 7868 --- [Smart-Interview-Prep-Platform] [SpringApplicationShutdownHook] j.LocalContainerEntityManagerFactoryBean : Closing JPA EntityManagerFactory for persistence unit 'default'
2026-05-06T11:00:59.160+05:30  INFO 7868 --- [Smart-Interview-Prep-Platform] [SpringApplicationShutdownHook] com.zaxxer.hikari.HikariDataSource       : HikariPool-1 - Shutdown initiated...
2026-05-06T11:00:59.172+05:30  INFO 7868 --- [Smart-Interview-Prep-Platform] [SpringApplicationShutdownHook] com.zaxxer.hikari.HikariDataSource       : HikariPool-1 - Shutdown completed.
2026-05-06T11:02:52.659+05:30  INFO 20008 --- [Smart-Interview-Prep-Platform] [restartedMain] .P.SmartInterviewPrepPlatformApplication : Starting SmartInterviewPrepPlatformApplication using Java 21.0.10 with PID 20008 (C:\Users\Dell\Desktop\Smart Interview Prep Platform (3)\Smart Interview Prep Platform\Smart-Interview-Prep-Platform\target\classes started by Dell in C:\Users\Dell\Desktop\Smart Interview Prep Platform (3)\Smart Interview Prep Platform\Smart-Interview-Prep-Platform)
2026-05-06T11:02:52.661+05:30 DEBUG 20008 --- [Smart-Interview-Prep-Platform] [restartedMain] .P.SmartInterviewPrepPlatformApplication : Running with Spring Boot v3.2.5, Spring v6.1.6
2026-05-06T11:02:52.663+05:30  INFO 20008 --- [Smart-Interview-Prep-Platform] [restartedMain] .P.SmartInterviewPrepPlatformApplication : No active profile set, falling back to 1 default profile: "default"
2026-05-06T11:02:52.739+05:30  INFO 20008 --- [Smart-Interview-Prep-Platform] [restartedMain] .e.DevToolsPropertyDefaultsPostProcessor : Devtools property defaults active! Set 'spring.devtools.add-properties' to 'false' to disable
2026-05-06T11:02:52.739+05:30  INFO 20008 --- [Smart-Interview-Prep-Platform] [restartedMain] .e.DevToolsPropertyDefaultsPostProcessor : For additional web related logging consider setting the 'logging.level.web' property to 'DEBUG'
2026-05-06T11:02:54.050+05:30  INFO 20008 --- [Smart-Interview-Prep-Platform] [restartedMain] .s.d.r.c.RepositoryConfigurationDelegate : Bootstrapping Spring Data JPA repositories in DEFAULT mode.
2026-05-06T11:02:54.176+05:30  INFO 20008 --- [Smart-Interview-Prep-Platform] [restartedMain] .s.d.r.c.RepositoryConfigurationDelegate : Finished Spring Data repository scanning in 113 ms. Found 4 JPA repository interfaces.
2026-05-06T11:02:55.456+05:30  INFO 20008 --- [Smart-Interview-Prep-Platform] [restartedMain] o.s.b.w.embedded.tomcat.TomcatWebServer  : Tomcat initialized with port 8080 (http)
2026-05-06T11:02:55.490+05:30  INFO 20008 --- [Smart-Interview-Prep-Platform] [restartedMain] o.apache.catalina.core.StandardService   : Starting service [Tomcat]
2026-05-06T11:02:55.491+05:30  INFO 20008 --- [Smart-Interview-Prep-Platform] [restartedMain] o.apache.catalina.core.StandardEngine    : Starting Servlet engine: [Apache Tomcat/10.1.20]
2026-05-06T11:02:55.629+05:30  INFO 20008 --- [Smart-Interview-Prep-Platform] [restartedMain] o.a.c.c.C.[Tomcat].[localhost].[/]       : Initializing Spring embedded WebApplicationContext
2026-05-06T11:02:55.631+05:30  INFO 20008 --- [Smart-Interview-Prep-Platform] [restartedMain] w.s.c.ServletWebServerApplicationContext : Root WebApplicationContext: initialization completed in 2889 ms
2026-05-06T11:02:55.729+05:30  INFO 20008 --- [Smart-Interview-Prep-Platform] [restartedMain] com.zaxxer.hikari.HikariDataSource       : HikariPool-1 - Starting...
2026-05-06T11:02:56.596+05:30  INFO 20008 --- [Smart-Interview-Prep-Platform] [restartedMain] com.zaxxer.hikari.pool.HikariPool        : HikariPool-1 - Added connection com.mysql.cj.jdbc.ConnectionImpl@5f6b999e
2026-05-06T11:02:56.600+05:30  INFO 20008 --- [Smart-Interview-Prep-Platform] [restartedMain] com.zaxxer.hikari.HikariDataSource       : HikariPool-1 - Start completed.
2026-05-06T11:02:56.614+05:30  INFO 20008 --- [Smart-Interview-Prep-Platform] [restartedMain] o.s.b.a.h2.H2ConsoleAutoConfiguration    : H2 console available at '/h2-console'. Database available at 'jdbc:mysql://localhost:3306/interview_prep'
2026-05-06T11:02:56.734+05:30 DEBUG 20008 --- [Smart-Interview-Prep-Platform] [restartedMain] c.S.I.P.Platform.security.JwtAuthFilter  : Filter 'jwtAuthFilter' configured for use
2026-05-06T11:02:56.911+05:30  INFO 20008 --- [Smart-Interview-Prep-Platform] [restartedMain] o.hibernate.jpa.internal.util.LogHelper  : HHH000204: Processing PersistenceUnitInfo [name: default]
2026-05-06T11:02:57.030+05:30  INFO 20008 --- [Smart-Interview-Prep-Platform] [restartedMain] org.hibernate.Version                    : HHH000412: Hibernate ORM core version 6.4.4.Final
2026-05-06T11:02:57.106+05:30  INFO 20008 --- [Smart-Interview-Prep-Platform] [restartedMain] o.h.c.internal.RegionFactoryInitiator    : HHH000026: Second-level cache disabled
2026-05-06T11:02:57.700+05:30  INFO 20008 --- [Smart-Interview-Prep-Platform] [restartedMain] o.s.o.j.p.SpringPersistenceUnitInfo      : No LoadTimeWeaver setup: ignoring JPA class transformer
2026-05-06T11:03:00.349+05:30  INFO 20008 --- [Smart-Interview-Prep-Platform] [restartedMain] o.h.e.t.j.p.i.JtaPlatformInitiator       : HHH000489: No JTA platform available (set 'hibernate.transaction.jta.platform' to enable JTA platform integration)
2026-05-06T11:03:00.518+05:30  INFO 20008 --- [Smart-Interview-Prep-Platform] [restartedMain] j.LocalContainerEntityManagerFactoryBean : Initialized JPA EntityManagerFactory for persistence unit 'default'
2026-05-06T11:03:01.102+05:30  INFO 20008 --- [Smart-Interview-Prep-Platform] [restartedMain] o.s.d.j.r.query.QueryEnhancerFactory     : Hibernate is in classpath; If applicable, HQL parser will be used.
2026-05-06T11:03:01.484+05:30  WARN 20008 --- [Smart-Interview-Prep-Platform] [restartedMain] JpaBaseConfiguration$JpaWebConfiguration : spring.jpa.open-in-view is enabled by default. Therefore, database queries may be performed during view rendering. Explicitly configure spring.jpa.open-in-view to disable this warning
2026-05-06T11:03:01.538+05:30 DEBUG 20008 --- [Smart-Interview-Prep-Platform] [restartedMain] swordEncoderAuthenticationManagerBuilder : No authenticationProviders and no parentAuthenticationManager defined. Returning null.
2026-05-06T11:03:02.166+05:30  INFO 20008 --- [Smart-Interview-Prep-Platform] [restartedMain] o.s.s.web.DefaultSecurityFilterChain     : Will secure any request with [org.springframework.security.web.session.DisableEncodeUrlFilter@5ea3bddd, org.springframework.security.web.context.request.async.WebAsyncManagerIntegrationFilter@4489a26f, org.springframework.security.web.context.SecurityContextHolderFilter@50d06a3, org.springframework.security.web.header.HeaderWriterFilter@4eff15be, org.springframework.web.filter.CorsFilter@2ab7448, org.springframework.security.web.authentication.logout.LogoutFilter@f2da32, com.Smart.Interview.Prep.Platform.security.JwtAuthFilter@1bedc30e, org.springframework.security.web.savedrequest.RequestCacheAwareFilter@2da5ae07, org.springframework.security.web.servletapi.SecurityContextHolderAwareRequestFilter@52c2ab42, org.springframework.security.web.authentication.AnonymousAuthenticationFilter@6ff003ac, org.springframework.security.web.session.SessionManagementFilter@f832f0a, org.springframework.security.web.access.ExceptionTranslationFilter@26a4622, org.springframework.security.web.access.intercept.AuthorizationFilter@2b9624d2]
2026-05-06T11:03:02.677+05:30  INFO 20008 --- [Smart-Interview-Prep-Platform] [restartedMain] o.s.b.d.a.OptionalLiveReloadServer       : LiveReload server is running on port 35729
2026-05-06T11:03:02.777+05:30  INFO 20008 --- [Smart-Interview-Prep-Platform] [restartedMain] o.s.b.w.embedded.tomcat.TomcatWebServer  : Tomcat started on port 8080 (http) with context path ''
2026-05-06T11:03:02.793+05:30  INFO 20008 --- [Smart-Interview-Prep-Platform] [restartedMain] .P.SmartInterviewPrepPlatformApplication : Started SmartInterviewPrepPlatformApplication in 10.859 seconds (process running for 12.319)
2026-05-06T11:03:28.870+05:30  INFO 20008 --- [Smart-Interview-Prep-Platform] [http-nio-8080-exec-2] o.a.c.c.C.[Tomcat].[localhost].[/]       : Initializing Spring DispatcherServlet 'dispatcherServlet'
2026-05-06T11:03:28.872+05:30  INFO 20008 --- [Smart-Interview-Prep-Platform] [http-nio-8080-exec-2] o.s.web.servlet.DispatcherServlet        : Initializing Servlet 'dispatcherServlet'
2026-05-06T11:03:28.877+05:30  INFO 20008 --- [Smart-Interview-Prep-Platform] [http-nio-8080-exec-2] o.s.web.servlet.DispatcherServlet        : Completed initialization in 1 ms
2026-05-06T11:03:28.963+05:30 DEBUG 20008 --- [Smart-Interview-Prep-Platform] [http-nio-8080-exec-2] o.s.security.web.FilterChainProxy        : Securing POST /api/auth/login
2026-05-06T11:03:29.011+05:30  INFO 20008 --- [Smart-Interview-Prep-Platform] [http-nio-8080-exec-2] c.S.I.P.Platform.security.JwtAuthFilter  : JWT Filter null
2026-05-06T11:03:29.044+05:30 DEBUG 20008 --- [Smart-Interview-Prep-Platform] [http-nio-8080-exec-2] o.s.s.w.a.AnonymousAuthenticationFilter  : Set SecurityContextHolder to anonymous SecurityContext
2026-05-06T11:03:29.048+05:30 DEBUG 20008 --- [Smart-Interview-Prep-Platform] [http-nio-8080-exec-2] o.s.security.web.FilterChainProxy        : Secured POST /api/auth/login
2026-05-06T11:03:29.304+05:30  INFO 20008 --- [Smart-Interview-Prep-Platform] [http-nio-8080-exec-2] c.S.I.Prep.Platform.service.AuthService  : Login attempt for email: samm@gmail.com
2026-05-06T11:03:40.600+05:30 DEBUG 20008 --- [Smart-Interview-Prep-Platform] [http-nio-8080-exec-4] o.s.security.web.FilterChainProxy        : Securing POST /api/user/quiz/start
2026-05-06T11:03:40.601+05:30  INFO 20008 --- [Smart-Interview-Prep-Platform] [http-nio-8080-exec-4] c.S.I.P.Platform.security.JwtAuthFilter  : JWT Filter Bearer eyJhbGciOiJIUzI1NiJ9.eyJzdWIiOiJzYW1tQGdtYWlsLmNvbSIsInJvbGUiOiJVU0VSIiwiaWF0IjoxNzc4MDQ1NjA5LCJleHAiOjE3NzgxMzIwMDl9.0yoz41oweLwnxntzUAx77acnsgnkjy39NRG2S5bJpL8
2026-05-06T11:03:40.602+05:30  INFO 20008 --- [Smart-Interview-Prep-Platform] [http-nio-8080-exec-4] c.S.I.P.Platform.security.JwtAuthFilter  : Token eyJhbGciOiJIUzI1NiJ9.eyJzdWIiOiJzYW1tQGdtYWlsLmNvbSIsInJvbGUiOiJVU0VSIiwiaWF0IjoxNzc4MDQ1NjA5LCJleHAiOjE3NzgxMzIwMDl9.0yoz41oweLwnxntzUAx77acnsgnkjy39NRG2S5bJpL8
2026-05-06T11:03:40.699+05:30  INFO 20008 --- [Smart-Interview-Prep-Platform] [http-nio-8080-exec-4] c.S.I.P.Platform.security.JwtAuthFilter  : Token Filter email samm@gmail.com
2026-05-06T11:03:40.701+05:30  INFO 20008 --- [Smart-Interview-Prep-Platform] [http-nio-8080-exec-4] c.S.I.P.Platform.security.JwtAuthFilter  : Token Filter auth UsernamePasswordAuthenticationToken [Principal=samm@gmail.com, Credentials=[PROTECTED], Authenticated=true, Details=null, Granted Authorities=[ROLE_USER]]
2026-05-06T11:03:40.703+05:30 DEBUG 20008 --- [Smart-Interview-Prep-Platform] [http-nio-8080-exec-4] o.s.security.web.FilterChainProxy        : Secured POST /api/user/quiz/start
2026-05-06T11:03:40.734+05:30 DEBUG 20008 --- [Smart-Interview-Prep-Platform] [http-nio-8080-exec-4] o.s.security.web.FilterChainProxy        : Securing POST /error
2026-05-06T11:03:40.736+05:30 DEBUG 20008 --- [Smart-Interview-Prep-Platform] [http-nio-8080-exec-4] o.s.s.w.a.AnonymousAuthenticationFilter  : Set SecurityContextHolder to anonymous SecurityContext
2026-05-06T11:03:40.739+05:30 DEBUG 20008 --- [Smart-Interview-Prep-Platform] [http-nio-8080-exec-4] o.s.s.w.a.Http403ForbiddenEntryPoint     : Pre-authenticated entry point called. Rejecting access
2026-05-06T11:07:11.984+05:30  INFO 20008 --- [Smart-Interview-Prep-Platform] [File Watcher] rtingClassPathChangeChangedEventListener : Restarting due to 1 class path change (0 additions, 1 deletion, 0 modifications)
2026-05-06T11:07:12.007+05:30  INFO 20008 --- [Smart-Interview-Prep-Platform] [Thread-5] j.LocalContainerEntityManagerFactoryBean : Closing JPA EntityManagerFactory for persistence unit 'default'
2026-05-06T11:07:12.017+05:30  INFO 20008 --- [Smart-Interview-Prep-Platform] [Thread-5] com.zaxxer.hikari.HikariDataSource       : HikariPool-1 - Shutdown initiated...
2026-05-06T11:07:12.038+05:30  INFO 20008 --- [Smart-Interview-Prep-Platform] [Thread-5] com.zaxxer.hikari.HikariDataSource       : HikariPool-1 - Shutdown completed.
2026-05-06T11:07:12.164+05:30  INFO 20008 --- [Smart-Interview-Prep-Platform] [restartedMain] .P.SmartInterviewPrepPlatformApplication : Starting the Application...
2026-05-06T11:07:12.252+05:30  INFO 20008 --- [Smart-Interview-Prep-Platform] [restartedMain] .P.SmartInterviewPrepPlatformApplication : Starting SmartInterviewPrepPlatformApplication using Java 21.0.10 with PID 20008 (C:\Users\Dell\Desktop\Smart Interview Prep Platform (3)\Smart Interview Prep Platform\Smart-Interview-Prep-Platform\target\classes started by Dell in C:\Users\Dell\Desktop\Smart Interview Prep Platform (3)\Smart Interview Prep Platform\Smart-Interview-Prep-Platform)
2026-05-06T11:07:12.253+05:30 DEBUG 20008 --- [Smart-Interview-Prep-Platform] [restartedMain] .P.SmartInterviewPrepPlatformApplication : Running with Spring Boot v3.2.5, Spring v6.1.6
2026-05-06T11:07:12.254+05:30  INFO 20008 --- [Smart-Interview-Prep-Platform] [restartedMain] .P.SmartInterviewPrepPlatformApplication : No active profile set, falling back to 1 default profile: "default"
2026-05-06T11:07:12.867+05:30  INFO 20008 --- [Smart-Interview-Prep-Platform] [restartedMain] .s.d.r.c.RepositoryConfigurationDelegate : Bootstrapping Spring Data JPA repositories in DEFAULT mode.
2026-05-06T11:07:12.909+05:30  INFO 20008 --- [Smart-Interview-Prep-Platform] [restartedMain] .s.d.r.c.RepositoryConfigurationDelegate : Finished Spring Data repository scanning in 40 ms. Found 4 JPA repository interfaces.
2026-05-06T11:07:13.263+05:30  INFO 20008 --- [Smart-Interview-Prep-Platform] [restartedMain] o.s.b.w.embedded.tomcat.TomcatWebServer  : Tomcat initialized with port 8080 (http)
2026-05-06T11:07:13.267+05:30  INFO 20008 --- [Smart-Interview-Prep-Platform] [restartedMain] o.apache.catalina.core.StandardService   : Starting service [Tomcat]
2026-05-06T11:07:13.269+05:30  INFO 20008 --- [Smart-Interview-Prep-Platform] [restartedMain] o.apache.catalina.core.StandardEngine    : Starting Servlet engine: [Apache Tomcat/10.1.20]
2026-05-06T11:07:13.308+05:30  INFO 20008 --- [Smart-Interview-Prep-Platform] [restartedMain] o.a.c.c.C.[Tomcat].[localhost].[/]       : Initializing Spring embedded WebApplicationContext
2026-05-06T11:07:13.309+05:30  INFO 20008 --- [Smart-Interview-Prep-Platform] [restartedMain] w.s.c.ServletWebServerApplicationContext : Root WebApplicationContext: initialization completed in 1047 ms
2026-05-06T11:07:13.344+05:30  INFO 20008 --- [Smart-Interview-Prep-Platform] [restartedMain] com.zaxxer.hikari.HikariDataSource       : HikariPool-2 - Starting...
2026-05-06T11:07:13.377+05:30  INFO 20008 --- [Smart-Interview-Prep-Platform] [restartedMain] com.zaxxer.hikari.pool.HikariPool        : HikariPool-2 - Added connection com.mysql.cj.jdbc.ConnectionImpl@1d112e3
2026-05-06T11:07:13.378+05:30  INFO 20008 --- [Smart-Interview-Prep-Platform] [restartedMain] com.zaxxer.hikari.HikariDataSource       : HikariPool-2 - Start completed.
2026-05-06T11:07:13.379+05:30  INFO 20008 --- [Smart-Interview-Prep-Platform] [restartedMain] o.s.b.a.h2.H2ConsoleAutoConfiguration    : H2 console available at '/h2-console'. Database available at 'jdbc:mysql://localhost:3306/interview_prep'
2026-05-06T11:07:13.414+05:30 DEBUG 20008 --- [Smart-Interview-Prep-Platform] [restartedMain] c.S.I.P.Platform.security.JwtAuthFilter  : Filter 'jwtAuthFilter' configured for use
2026-05-06T11:07:13.469+05:30  INFO 20008 --- [Smart-Interview-Prep-Platform] [restartedMain] o.hibernate.jpa.internal.util.LogHelper  : HHH000204: Processing PersistenceUnitInfo [name: default]
2026-05-06T11:07:13.478+05:30  INFO 20008 --- [Smart-Interview-Prep-Platform] [restartedMain] o.h.c.internal.RegionFactoryInitiator    : HHH000026: Second-level cache disabled
2026-05-06T11:07:13.490+05:30  INFO 20008 --- [Smart-Interview-Prep-Platform] [restartedMain] o.s.o.j.p.SpringPersistenceUnitInfo      : No LoadTimeWeaver setup: ignoring JPA class transformer
2026-05-06T11:07:13.730+05:30  INFO 20008 --- [Smart-Interview-Prep-Platform] [restartedMain] o.h.e.t.j.p.i.JtaPlatformInitiator       : HHH000489: No JTA platform available (set 'hibernate.transaction.jta.platform' to enable JTA platform integration)
2026-05-06T11:07:13.762+05:30  INFO 20008 --- [Smart-Interview-Prep-Platform] [restartedMain] j.LocalContainerEntityManagerFactoryBean : Initialized JPA EntityManagerFactory for persistence unit 'default'
2026-05-06T11:07:14.040+05:30  WARN 20008 --- [Smart-Interview-Prep-Platform] [restartedMain] JpaBaseConfiguration$JpaWebConfiguration : spring.jpa.open-in-view is enabled by default. Therefore, database queries may be performed during view rendering. Explicitly configure spring.jpa.open-in-view to disable this warning
2026-05-06T11:07:14.070+05:30 DEBUG 20008 --- [Smart-Interview-Prep-Platform] [restartedMain] swordEncoderAuthenticationManagerBuilder : No authenticationProviders and no parentAuthenticationManager defined. Returning null.
2026-05-06T11:07:14.280+05:30  INFO 20008 --- [Smart-Interview-Prep-Platform] [restartedMain] o.s.s.web.DefaultSecurityFilterChain     : Will secure any request with [org.springframework.security.web.session.DisableEncodeUrlFilter@20f07c52, org.springframework.security.web.context.request.async.WebAsyncManagerIntegrationFilter@7542a99e, org.springframework.security.web.context.SecurityContextHolderFilter@4e921794, org.springframework.security.web.header.HeaderWriterFilter@5f42fe0d, org.springframework.web.filter.CorsFilter@6b0ca3e6, org.springframework.security.web.authentication.logout.LogoutFilter@5bfe901b, com.Smart.Interview.Prep.Platform.security.JwtAuthFilter@4072bdcd, org.springframework.security.web.savedrequest.RequestCacheAwareFilter@873e0b8, org.springframework.security.web.servletapi.SecurityContextHolderAwareRequestFilter@4009c52d, org.springframework.security.web.authentication.AnonymousAuthenticationFilter@6e772311, org.springframework.security.web.session.SessionManagementFilter@89b55ff, org.springframework.security.web.access.ExceptionTranslationFilter@15aa61a7, org.springframework.security.web.access.intercept.AuthorizationFilter@f215be5]
2026-05-06T11:07:14.486+05:30  INFO 20008 --- [Smart-Interview-Prep-Platform] [restartedMain] o.s.b.d.a.OptionalLiveReloadServer       : LiveReload server is running on port 35729
2026-05-06T11:07:14.525+05:30  INFO 20008 --- [Smart-Interview-Prep-Platform] [restartedMain] o.s.b.w.embedded.tomcat.TomcatWebServer  : Tomcat started on port 8080 (http) with context path ''
2026-05-06T11:07:14.533+05:30  INFO 20008 --- [Smart-Interview-Prep-Platform] [restartedMain] .P.SmartInterviewPrepPlatformApplication : Started SmartInterviewPrepPlatformApplication in 2.357 seconds (process running for 264.06)
2026-05-06T11:07:14.538+05:30  INFO 20008 --- [Smart-Interview-Prep-Platform] [restartedMain] .ConditionEvaluationDeltaLoggingListener : Condition evaluation unchanged
2026-05-06T11:07:38.353+05:30  INFO 20008 --- [Smart-Interview-Prep-Platform] [SpringApplicationShutdownHook] j.LocalContainerEntityManagerFactoryBean : Closing JPA EntityManagerFactory for persistence unit 'default'
2026-05-06T11:07:38.354+05:30  INFO 20008 --- [Smart-Interview-Prep-Platform] [SpringApplicationShutdownHook] com.zaxxer.hikari.HikariDataSource       : HikariPool-2 - Shutdown initiated...
2026-05-06T11:07:38.361+05:30  INFO 20008 --- [Smart-Interview-Prep-Platform] [SpringApplicationShutdownHook] com.zaxxer.hikari.HikariDataSource       : HikariPool-2 - Shutdown completed.
2026-05-06T11:07:51.503+05:30  INFO 14212 --- [Smart-Interview-Prep-Platform] [restartedMain] .P.SmartInterviewPrepPlatformApplication : Starting SmartInterviewPrepPlatformApplication using Java 21.0.10 with PID 14212 (C:\Users\Dell\Desktop\Smart Interview Prep Platform (3)\Smart Interview Prep Platform\Smart-Interview-Prep-Platform\target\classes started by Dell in C:\Users\Dell\Desktop\Smart Interview Prep Platform (3)\Smart Interview Prep Platform\Smart-Interview-Prep-Platform)
2026-05-06T11:07:51.506+05:30 DEBUG 14212 --- [Smart-Interview-Prep-Platform] [restartedMain] .P.SmartInterviewPrepPlatformApplication : Running with Spring Boot v3.2.5, Spring v6.1.6
2026-05-06T11:07:51.507+05:30  INFO 14212 --- [Smart-Interview-Prep-Platform] [restartedMain] .P.SmartInterviewPrepPlatformApplication : No active profile set, falling back to 1 default profile: "default"
2026-05-06T11:07:51.580+05:30  INFO 14212 --- [Smart-Interview-Prep-Platform] [restartedMain] .e.DevToolsPropertyDefaultsPostProcessor : Devtools property defaults active! Set 'spring.devtools.add-properties' to 'false' to disable
2026-05-06T11:07:51.580+05:30  INFO 14212 --- [Smart-Interview-Prep-Platform] [restartedMain] .e.DevToolsPropertyDefaultsPostProcessor : For additional web related logging consider setting the 'logging.level.web' property to 'DEBUG'
2026-05-06T11:07:53.208+05:30  INFO 14212 --- [Smart-Interview-Prep-Platform] [restartedMain] .s.d.r.c.RepositoryConfigurationDelegate : Bootstrapping Spring Data JPA repositories in DEFAULT mode.
2026-05-06T11:07:53.403+05:30  INFO 14212 --- [Smart-Interview-Prep-Platform] [restartedMain] .s.d.r.c.RepositoryConfigurationDelegate : Finished Spring Data repository scanning in 172 ms. Found 4 JPA repository interfaces.
2026-05-06T11:07:55.189+05:30  INFO 14212 --- [Smart-Interview-Prep-Platform] [restartedMain] o.s.b.w.embedded.tomcat.TomcatWebServer  : Tomcat initialized with port 8080 (http)
2026-05-06T11:07:55.219+05:30  INFO 14212 --- [Smart-Interview-Prep-Platform] [restartedMain] o.apache.catalina.core.StandardService   : Starting service [Tomcat]
2026-05-06T11:07:55.219+05:30  INFO 14212 --- [Smart-Interview-Prep-Platform] [restartedMain] o.apache.catalina.core.StandardEngine    : Starting Servlet engine: [Apache Tomcat/10.1.20]
2026-05-06T11:07:55.341+05:30  INFO 14212 --- [Smart-Interview-Prep-Platform] [restartedMain] o.a.c.c.C.[Tomcat].[localhost].[/]       : Initializing Spring embedded WebApplicationContext
2026-05-06T11:07:55.342+05:30  INFO 14212 --- [Smart-Interview-Prep-Platform] [restartedMain] w.s.c.ServletWebServerApplicationContext : Root WebApplicationContext: initialization completed in 3761 ms
2026-05-06T11:07:55.389+05:30  INFO 14212 --- [Smart-Interview-Prep-Platform] [restartedMain] com.zaxxer.hikari.HikariDataSource       : HikariPool-1 - Starting...
2026-05-06T11:07:56.028+05:30  INFO 14212 --- [Smart-Interview-Prep-Platform] [restartedMain] com.zaxxer.hikari.pool.HikariPool        : HikariPool-1 - Added connection com.mysql.cj.jdbc.ConnectionImpl@62c77ecc
2026-05-06T11:07:56.033+05:30  INFO 14212 --- [Smart-Interview-Prep-Platform] [restartedMain] com.zaxxer.hikari.HikariDataSource       : HikariPool-1 - Start completed.
2026-05-06T11:07:56.049+05:30  INFO 14212 --- [Smart-Interview-Prep-Platform] [restartedMain] o.s.b.a.h2.H2ConsoleAutoConfiguration    : H2 console available at '/h2-console'. Database available at 'jdbc:mysql://localhost:3306/interview_prep'
2026-05-06T11:07:56.131+05:30 DEBUG 14212 --- [Smart-Interview-Prep-Platform] [restartedMain] c.S.I.P.Platform.security.JwtAuthFilter  : Filter 'jwtAuthFilter' configured for use
2026-05-06T11:07:56.283+05:30  INFO 14212 --- [Smart-Interview-Prep-Platform] [restartedMain] o.hibernate.jpa.internal.util.LogHelper  : HHH000204: Processing PersistenceUnitInfo [name: default]
2026-05-06T11:07:56.378+05:30  INFO 14212 --- [Smart-Interview-Prep-Platform] [restartedMain] org.hibernate.Version                    : HHH000412: Hibernate ORM core version 6.4.4.Final
2026-05-06T11:07:56.450+05:30  INFO 14212 --- [Smart-Interview-Prep-Platform] [restartedMain] o.h.c.internal.RegionFactoryInitiator    : HHH000026: Second-level cache disabled
2026-05-06T11:07:57.033+05:30  INFO 14212 --- [Smart-Interview-Prep-Platform] [restartedMain] o.s.o.j.p.SpringPersistenceUnitInfo      : No LoadTimeWeaver setup: ignoring JPA class transformer
2026-05-06T11:07:59.729+05:30  INFO 14212 --- [Smart-Interview-Prep-Platform] [restartedMain] o.h.e.t.j.p.i.JtaPlatformInitiator       : HHH000489: No JTA platform available (set 'hibernate.transaction.jta.platform' to enable JTA platform integration)
2026-05-06T11:07:59.940+05:30  INFO 14212 --- [Smart-Interview-Prep-Platform] [restartedMain] j.LocalContainerEntityManagerFactoryBean : Initialized JPA EntityManagerFactory for persistence unit 'default'
2026-05-06T11:08:00.550+05:30  INFO 14212 --- [Smart-Interview-Prep-Platform] [restartedMain] o.s.d.j.r.query.QueryEnhancerFactory     : Hibernate is in classpath; If applicable, HQL parser will be used.
2026-05-06T11:08:00.953+05:30  WARN 14212 --- [Smart-Interview-Prep-Platform] [restartedMain] JpaBaseConfiguration$JpaWebConfiguration : spring.jpa.open-in-view is enabled by default. Therefore, database queries may be performed during view rendering. Explicitly configure spring.jpa.open-in-view to disable this warning
2026-05-06T11:08:01.044+05:30 DEBUG 14212 --- [Smart-Interview-Prep-Platform] [restartedMain] swordEncoderAuthenticationManagerBuilder : No authenticationProviders and no parentAuthenticationManager defined. Returning null.
2026-05-06T11:08:01.711+05:30  INFO 14212 --- [Smart-Interview-Prep-Platform] [restartedMain] o.s.s.web.DefaultSecurityFilterChain     : Will secure any request with [org.springframework.security.web.session.DisableEncodeUrlFilter@513dbc06, org.springframework.security.web.context.request.async.WebAsyncManagerIntegrationFilter@6a5e4330, org.springframework.security.web.context.SecurityContextHolderFilter@3f9f5722, org.springframework.security.web.header.HeaderWriterFilter@3f55315e, org.springframework.web.filter.CorsFilter@233f9534, org.springframework.security.web.authentication.logout.LogoutFilter@f683d46, com.Smart.Interview.Prep.Platform.security.JwtAuthFilter@7faa064, org.springframework.security.web.savedrequest.RequestCacheAwareFilter@17605493, org.springframework.security.web.servletapi.SecurityContextHolderAwareRequestFilter@43559aa3, org.springframework.security.web.authentication.AnonymousAuthenticationFilter@46a243f8, org.springframework.security.web.session.SessionManagementFilter@6929d203, org.springframework.security.web.access.ExceptionTranslationFilter@36db92bd, org.springframework.security.web.access.intercept.AuthorizationFilter@35b1cd3c]
2026-05-06T11:08:02.226+05:30  INFO 14212 --- [Smart-Interview-Prep-Platform] [restartedMain] o.s.b.d.a.OptionalLiveReloadServer       : LiveReload server is running on port 35729
2026-05-06T11:08:02.326+05:30  INFO 14212 --- [Smart-Interview-Prep-Platform] [restartedMain] o.s.b.w.embedded.tomcat.TomcatWebServer  : Tomcat started on port 8080 (http) with context path ''
2026-05-06T11:08:02.336+05:30  INFO 14212 --- [Smart-Interview-Prep-Platform] [restartedMain] .P.SmartInterviewPrepPlatformApplication : Started SmartInterviewPrepPlatformApplication in 11.56 seconds (process running for 12.661)
2026-05-06T11:08:25.627+05:30  INFO 14212 --- [Smart-Interview-Prep-Platform] [http-nio-8080-exec-2] o.a.c.c.C.[Tomcat].[localhost].[/]       : Initializing Spring DispatcherServlet 'dispatcherServlet'
2026-05-06T11:08:25.627+05:30  INFO 14212 --- [Smart-Interview-Prep-Platform] [http-nio-8080-exec-2] o.s.web.servlet.DispatcherServlet        : Initializing Servlet 'dispatcherServlet'
2026-05-06T11:08:25.631+05:30  INFO 14212 --- [Smart-Interview-Prep-Platform] [http-nio-8080-exec-2] o.s.web.servlet.DispatcherServlet        : Completed initialization in 2 ms
2026-05-06T11:08:25.673+05:30 DEBUG 14212 --- [Smart-Interview-Prep-Platform] [http-nio-8080-exec-2] o.s.security.web.FilterChainProxy        : Securing POST /api/auth/login
2026-05-06T11:08:25.690+05:30  INFO 14212 --- [Smart-Interview-Prep-Platform] [http-nio-8080-exec-2] c.S.I.P.Platform.security.JwtAuthFilter  : JWT Filter null
2026-05-06T11:08:25.694+05:30 DEBUG 14212 --- [Smart-Interview-Prep-Platform] [http-nio-8080-exec-2] o.s.s.w.a.AnonymousAuthenticationFilter  : Set SecurityContextHolder to anonymous SecurityContext
2026-05-06T11:08:25.698+05:30 DEBUG 14212 --- [Smart-Interview-Prep-Platform] [http-nio-8080-exec-2] o.s.security.web.FilterChainProxy        : Secured POST /api/auth/login
2026-05-06T11:08:25.909+05:30  INFO 14212 --- [Smart-Interview-Prep-Platform] [http-nio-8080-exec-2] c.S.I.Prep.Platform.service.AuthService  : Login attempt for email: samm@gmail.com
2026-05-06T11:08:38.573+05:30 DEBUG 14212 --- [Smart-Interview-Prep-Platform] [http-nio-8080-exec-3] o.s.security.web.FilterChainProxy        : Securing POST /api/user/quiz/start
2026-05-06T11:08:38.574+05:30  INFO 14212 --- [Smart-Interview-Prep-Platform] [http-nio-8080-exec-3] c.S.I.P.Platform.security.JwtAuthFilter  : JWT Filter Bearer eyJhbGciOiJIUzI1NiJ9.eyJzdWIiOiJzYW1tQGdtYWlsLmNvbSIsInJvbGUiOiJVU0VSIiwiaWF0IjoxNzc4MDQ1OTA2LCJleHAiOjE3NzgxMzIzMDZ9.CEojhqZnUT0e6sTGUaX970UpyzV5W5H1b10uocsSBtk
2026-05-06T11:08:38.574+05:30  INFO 14212 --- [Smart-Interview-Prep-Platform] [http-nio-8080-exec-3] c.S.I.P.Platform.security.JwtAuthFilter  : Token eyJhbGciOiJIUzI1NiJ9.eyJzdWIiOiJzYW1tQGdtYWlsLmNvbSIsInJvbGUiOiJVU0VSIiwiaWF0IjoxNzc4MDQ1OTA2LCJleHAiOjE3NzgxMzIzMDZ9.CEojhqZnUT0e6sTGUaX970UpyzV5W5H1b10uocsSBtk
2026-05-06T11:08:38.689+05:30  INFO 14212 --- [Smart-Interview-Prep-Platform] [http-nio-8080-exec-3] c.S.I.P.Platform.security.JwtAuthFilter  : Token Filter email samm@gmail.com
2026-05-06T11:08:38.691+05:30  INFO 14212 --- [Smart-Interview-Prep-Platform] [http-nio-8080-exec-3] c.S.I.P.Platform.security.JwtAuthFilter  : Token Filter auth UsernamePasswordAuthenticationToken [Principal=samm@gmail.com, Credentials=[PROTECTED], Authenticated=true, Details=null, Granted Authorities=[ROLE_USER]]
2026-05-06T11:08:38.694+05:30 DEBUG 14212 --- [Smart-Interview-Prep-Platform] [http-nio-8080-exec-3] o.s.security.web.FilterChainProxy        : Secured POST /api/user/quiz/start
2026-05-06T11:08:38.852+05:30  INFO 14212 --- [Smart-Interview-Prep-Platform] [http-nio-8080-exec-3] c.S.I.Prep.Platform.service.QuizService  : Questions
2026-05-06T11:08:39.050+05:30 ERROR 14212 --- [Smart-Interview-Prep-Platform] [http-nio-8080-exec-3] o.a.c.c.C.[.[.[/].[dispatcherServlet]    : Servlet.service() for servlet [dispatcherServlet] in context with path [] threw exception [Request processing failed: java.lang.NullPointerException] with root cause

java.lang.NullPointerException: null
	at java.base/java.util.Objects.requireNonNull(Objects.java:233) ~[na:na]
	at java.base/java.util.ImmutableCollections.listFromTrustedArray(ImmutableCollections.java:215) ~[na:na]
	at java.base/java.util.List.of(List.java:991) ~[na:na]
	at com.Smart.Interview.Prep.Platform.service.QuizService.mapToDTO(QuizService.java:98) ~[classes/:na]
	at com.Smart.Interview.Prep.Platform.service.QuizService.lambda$startQuiz$0(QuizService.java:44) ~[classes/:na]
	at java.base/java.util.stream.ReferencePipeline$3$1.accept(ReferencePipeline.java:197) ~[na:na]
	at java.base/java.util.ArrayList$ArrayListSpliterator.forEachRemaining(ArrayList.java:1708) ~[na:na]
	at java.base/java.util.stream.AbstractPipeline.copyInto(AbstractPipeline.java:509) ~[na:na]
	at java.base/java.util.stream.AbstractPipeline.wrapAndCopyInto(AbstractPipeline.java:499) ~[na:na]
	at java.base/java.util.stream.AbstractPipeline.evaluate(AbstractPipeline.java:575) ~[na:na]
	at java.base/java.util.stream.AbstractPipeline.evaluateToArrayNode(AbstractPipeline.java:260) ~[na:na]
	at java.base/java.util.stream.ReferencePipeline.toArray(ReferencePipeline.java:616) ~[na:na]
	at java.base/java.util.stream.ReferencePipeline.toArray(ReferencePipeline.java:622) ~[na:na]
	at java.base/java.util.stream.ReferencePipeline.toList(ReferencePipeline.java:627) ~[na:na]
	at com.Smart.Interview.Prep.Platform.service.QuizService.startQuiz(QuizService.java:45) ~[classes/:na]
	at com.Smart.Interview.Prep.Platform.controller.QuizController.startQuiz(QuizController.java:29) ~[classes/:na]
	at java.base/jdk.internal.reflect.DirectMethodHandleAccessor.invoke(DirectMethodHandleAccessor.java:103) ~[na:na]
	at java.base/java.lang.reflect.Method.invoke(Method.java:580) ~[na:na]
	at org.springframework.web.method.support.InvocableHandlerMethod.doInvoke(InvocableHandlerMethod.java:255) ~[spring-web-6.1.6.jar:6.1.6]
	at org.springframework.web.method.support.InvocableHandlerMethod.invokeForRequest(InvocableHandlerMethod.java:188) ~[spring-web-6.1.6.jar:6.1.6]
	at org.springframework.web.servlet.mvc.method.annotation.ServletInvocableHandlerMethod.invokeAndHandle(ServletInvocableHandlerMethod.java:118) ~[spring-webmvc-6.1.6.jar:6.1.6]
	at org.springframework.web.servlet.mvc.method.annotation.RequestMappingHandlerAdapter.invokeHandlerMethod(RequestMappingHandlerAdapter.java:926) ~[spring-webmvc-6.1.6.jar:6.1.6]
	at org.springframework.web.servlet.mvc.method.annotation.RequestMappingHandlerAdapter.handleInternal(RequestMappingHandlerAdapter.java:831) ~[spring-webmvc-6.1.6.jar:6.1.6]
	at org.springframework.web.servlet.mvc.method.AbstractHandlerMethodAdapter.handle(AbstractHandlerMethodAdapter.java:87) ~[spring-webmvc-6.1.6.jar:6.1.6]
	at org.springframework.web.servlet.DispatcherServlet.doDispatch(DispatcherServlet.java:1089) ~[spring-webmvc-6.1.6.jar:6.1.6]
	at org.springframework.web.servlet.DispatcherServlet.doService(DispatcherServlet.java:979) ~[spring-webmvc-6.1.6.jar:6.1.6]
	at org.springframework.web.servlet.FrameworkServlet.processRequest(FrameworkServlet.java:1014) ~[spring-webmvc-6.1.6.jar:6.1.6]
	at org.springframework.web.servlet.FrameworkServlet.doPost(FrameworkServlet.java:914) ~[spring-webmvc-6.1.6.jar:6.1.6]
	at jakarta.servlet.http.HttpServlet.service(HttpServlet.java:590) ~[tomcat-embed-core-10.1.20.jar:6.0]
	at org.springframework.web.servlet.FrameworkServlet.service(FrameworkServlet.java:885) ~[spring-webmvc-6.1.6.jar:6.1.6]
	at jakarta.servlet.http.HttpServlet.service(HttpServlet.java:658) ~[tomcat-embed-core-10.1.20.jar:6.0]
	at org.apache.catalina.core.ApplicationFilterChain.internalDoFilter(ApplicationFilterChain.java:206) ~[tomcat-embed-core-10.1.20.jar:10.1.20]
	at org.apache.catalina.core.ApplicationFilterChain.doFilter(ApplicationFilterChain.java:150) ~[tomcat-embed-core-10.1.20.jar:10.1.20]
	at org.apache.tomcat.websocket.server.WsFilter.doFilter(WsFilter.java:51) ~[tomcat-embed-websocket-10.1.20.jar:10.1.20]
	at org.apache.catalina.core.ApplicationFilterChain.internalDoFilter(ApplicationFilterChain.java:175) ~[tomcat-embed-core-10.1.20.jar:10.1.20]
	at org.apache.catalina.core.ApplicationFilterChain.doFilter(ApplicationFilterChain.java:150) ~[tomcat-embed-core-10.1.20.jar:10.1.20]
	at org.springframework.web.filter.OncePerRequestFilter.doFilter(OncePerRequestFilter.java:110) ~[spring-web-6.1.6.jar:6.1.6]
	at org.apache.catalina.core.ApplicationFilterChain.internalDoFilter(ApplicationFilterChain.java:175) ~[tomcat-embed-core-10.1.20.jar:10.1.20]
	at org.apache.catalina.core.ApplicationFilterChain.doFilter(ApplicationFilterChain.java:150) ~[tomcat-embed-core-10.1.20.jar:10.1.20]
	at org.springframework.web.filter.CompositeFilter$VirtualFilterChain.doFilter(CompositeFilter.java:108) ~[spring-web-6.1.6.jar:6.1.6]
	at org.springframework.security.web.FilterChainProxy.lambda$doFilterInternal$3(FilterChainProxy.java:231) ~[spring-security-web-6.2.4.jar:6.2.4]
	at org.springframework.security.web.FilterChainProxy$VirtualFilterChain.doFilter(FilterChainProxy.java:365) ~[spring-security-web-6.2.4.jar:6.2.4]
	at org.springframework.security.web.access.intercept.AuthorizationFilter.doFilter(AuthorizationFilter.java:100) ~[spring-security-web-6.2.4.jar:6.2.4]
	at org.springframework.security.web.FilterChainProxy$VirtualFilterChain.doFilter(FilterChainProxy.java:374) ~[spring-security-web-6.2.4.jar:6.2.4]
	at org.springframework.security.web.access.ExceptionTranslationFilter.doFilter(ExceptionTranslationFilter.java:126) ~[spring-security-web-6.2.4.jar:6.2.4]
	at org.springframework.security.web.access.ExceptionTranslationFilter.doFilter(ExceptionTranslationFilter.java:120) ~[spring-security-web-6.2.4.jar:6.2.4]
	at org.springframework.security.web.FilterChainProxy$VirtualFilterChain.doFilter(FilterChainProxy.java:374) ~[spring-security-web-6.2.4.jar:6.2.4]
	at org.springframework.security.web.session.SessionManagementFilter.doFilter(SessionManagementFilter.java:131) ~[spring-security-web-6.2.4.jar:6.2.4]
	at org.springframework.security.web.session.SessionManagementFilter.doFilter(SessionManagementFilter.java:85) ~[spring-security-web-6.2.4.jar:6.2.4]
	at org.springframework.security.web.FilterChainProxy$VirtualFilterChain.doFilter(FilterChainProxy.java:374) ~[spring-security-web-6.2.4.jar:6.2.4]
	at org.springframework.security.web.authentication.AnonymousAuthenticationFilter.doFilter(AnonymousAuthenticationFilter.java:100) ~[spring-security-web-6.2.4.jar:6.2.4]
	at org.springframework.security.web.FilterChainProxy$VirtualFilterChain.doFilter(FilterChainProxy.java:374) ~[spring-security-web-6.2.4.jar:6.2.4]
	at org.springframework.security.web.servletapi.SecurityContextHolderAwareRequestFilter.doFilter(SecurityContextHolderAwareRequestFilter.java:179) ~[spring-security-web-6.2.4.jar:6.2.4]
	at org.springframework.security.web.FilterChainProxy$VirtualFilterChain.doFilter(FilterChainProxy.java:374) ~[spring-security-web-6.2.4.jar:6.2.4]
	at org.springframework.security.web.savedrequest.RequestCacheAwareFilter.doFilter(RequestCacheAwareFilter.java:63) ~[spring-security-web-6.2.4.jar:6.2.4]
	at org.springframework.security.web.FilterChainProxy$VirtualFilterChain.doFilter(FilterChainProxy.java:374) ~[spring-security-web-6.2.4.jar:6.2.4]
	at com.Smart.Interview.Prep.Platform.security.JwtAuthFilter.doFilterInternal(JwtAuthFilter.java:68) ~[classes/:na]
	at org.springframework.web.filter.OncePerRequestFilter.doFilter(OncePerRequestFilter.java:116) ~[spring-web-6.1.6.jar:6.1.6]
	at org.springframework.security.web.FilterChainProxy$VirtualFilterChain.doFilter(FilterChainProxy.java:374) ~[spring-security-web-6.2.4.jar:6.2.4]
	at org.springframework.security.web.authentication.logout.LogoutFilter.doFilter(LogoutFilter.java:107) ~[spring-security-web-6.2.4.jar:6.2.4]
	at org.springframework.security.web.authentication.logout.LogoutFilter.doFilter(LogoutFilter.java:93) ~[spring-security-web-6.2.4.jar:6.2.4]
	at org.springframework.security.web.FilterChainProxy$VirtualFilterChain.doFilter(FilterChainProxy.java:374) ~[spring-security-web-6.2.4.jar:6.2.4]
	at org.springframework.web.filter.CorsFilter.doFilterInternal(CorsFilter.java:91) ~[spring-web-6.1.6.jar:6.1.6]
	at org.springframework.web.filter.OncePerRequestFilter.doFilter(OncePerRequestFilter.java:116) ~[spring-web-6.1.6.jar:6.1.6]
	at org.springframework.security.web.FilterChainProxy$VirtualFilterChain.doFilter(FilterChainProxy.java:374) ~[spring-security-web-6.2.4.jar:6.2.4]
	at org.springframework.security.web.header.HeaderWriterFilter.doHeadersAfter(HeaderWriterFilter.java:90) ~[spring-security-web-6.2.4.jar:6.2.4]
	at org.springframework.security.web.header.HeaderWriterFilter.doFilterInternal(HeaderWriterFilter.java:75) ~[spring-security-web-6.2.4.jar:6.2.4]
	at org.springframework.web.filter.OncePerRequestFilter.doFilter(OncePerRequestFilter.java:116) ~[spring-web-6.1.6.jar:6.1.6]
	at org.springframework.security.web.FilterChainProxy$VirtualFilterChain.doFilter(FilterChainProxy.java:374) ~[spring-security-web-6.2.4.jar:6.2.4]
	at org.springframework.security.web.context.SecurityContextHolderFilter.doFilter(SecurityContextHolderFilter.java:82) ~[spring-security-web-6.2.4.jar:6.2.4]
	at org.springframework.security.web.context.SecurityContextHolderFilter.doFilter(SecurityContextHolderFilter.java:69) ~[spring-security-web-6.2.4.jar:6.2.4]
	at org.springframework.security.web.FilterChainProxy$VirtualFilterChain.doFilter(FilterChainProxy.java:374) ~[spring-security-web-6.2.4.jar:6.2.4]
	at org.springframework.security.web.context.request.async.WebAsyncManagerIntegrationFilter.doFilterInternal(WebAsyncManagerIntegrationFilter.java:62) ~[spring-security-web-6.2.4.jar:6.2.4]
	at org.springframework.web.filter.OncePerRequestFilter.doFilter(OncePerRequestFilter.java:116) ~[spring-web-6.1.6.jar:6.1.6]
	at org.springframework.security.web.FilterChainProxy$VirtualFilterChain.doFilter(FilterChainProxy.java:374) ~[spring-security-web-6.2.4.jar:6.2.4]
	at org.springframework.security.web.session.DisableEncodeUrlFilter.doFilterInternal(DisableEncodeUrlFilter.java:42) ~[spring-security-web-6.2.4.jar:6.2.4]
	at org.springframework.web.filter.OncePerRequestFilter.doFilter(OncePerRequestFilter.java:116) ~[spring-web-6.1.6.jar:6.1.6]
	at org.springframework.security.web.FilterChainProxy$VirtualFilterChain.doFilter(FilterChainProxy.java:374) ~[spring-security-web-6.2.4.jar:6.2.4]
	at org.springframework.security.web.FilterChainProxy.doFilterInternal(FilterChainProxy.java:233) ~[spring-security-web-6.2.4.jar:6.2.4]
	at org.springframework.security.web.FilterChainProxy.doFilter(FilterChainProxy.java:191) ~[spring-security-web-6.2.4.jar:6.2.4]
	at org.springframework.web.filter.CompositeFilter$VirtualFilterChain.doFilter(CompositeFilter.java:113) ~[spring-web-6.1.6.jar:6.1.6]
	at org.springframework.web.servlet.handler.HandlerMappingIntrospector.lambda$createCacheFilter$3(HandlerMappingIntrospector.java:195) ~[spring-webmvc-6.1.6.jar:6.1.6]
	at org.springframework.web.filter.CompositeFilter$VirtualFilterChain.doFilter(CompositeFilter.java:113) ~[spring-web-6.1.6.jar:6.1.6]
	at org.springframework.web.filter.CompositeFilter.doFilter(CompositeFilter.java:74) ~[spring-web-6.1.6.jar:6.1.6]
	at org.springframework.security.config.annotation.web.configuration.WebMvcSecurityConfiguration$CompositeFilterChainProxy.doFilter(WebMvcSecurityConfiguration.java:230) ~[spring-security-config-6.2.4.jar:6.2.4]
	at org.springframework.web.filter.DelegatingFilterProxy.invokeDelegate(DelegatingFilterProxy.java:352) ~[spring-web-6.1.6.jar:6.1.6]
	at org.springframework.web.filter.DelegatingFilterProxy.doFilter(DelegatingFilterProxy.java:268) ~[spring-web-6.1.6.jar:6.1.6]
	at org.apache.catalina.core.ApplicationFilterChain.internalDoFilter(ApplicationFilterChain.java:175) ~[tomcat-embed-core-10.1.20.jar:10.1.20]
	at org.apache.catalina.core.ApplicationFilterChain.doFilter(ApplicationFilterChain.java:150) ~[tomcat-embed-core-10.1.20.jar:10.1.20]
	at org.springframework.web.filter.RequestContextFilter.doFilterInternal(RequestContextFilter.java:100) ~[spring-web-6.1.6.jar:6.1.6]
	at org.springframework.web.filter.OncePerRequestFilter.doFilter(OncePerRequestFilter.java:116) ~[spring-web-6.1.6.jar:6.1.6]
	at org.apache.catalina.core.ApplicationFilterChain.internalDoFilter(ApplicationFilterChain.java:175) ~[tomcat-embed-core-10.1.20.jar:10.1.20]
	at org.apache.catalina.core.ApplicationFilterChain.doFilter(ApplicationFilterChain.java:150) ~[tomcat-embed-core-10.1.20.jar:10.1.20]
	at org.springframework.web.filter.FormContentFilter.doFilterInternal(FormContentFilter.java:93) ~[spring-web-6.1.6.jar:6.1.6]
	at org.springframework.web.filter.OncePerRequestFilter.doFilter(OncePerRequestFilter.java:116) ~[spring-web-6.1.6.jar:6.1.6]
	at org.apache.catalina.core.ApplicationFilterChain.internalDoFilter(ApplicationFilterChain.java:175) ~[tomcat-embed-core-10.1.20.jar:10.1.20]
	at org.apache.catalina.core.ApplicationFilterChain.doFilter(ApplicationFilterChain.java:150) ~[tomcat-embed-core-10.1.20.jar:10.1.20]
	at org.springframework.web.filter.CharacterEncodingFilter.doFilterInternal(CharacterEncodingFilter.java:201) ~[spring-web-6.1.6.jar:6.1.6]
	at org.springframework.web.filter.OncePerRequestFilter.doFilter(OncePerRequestFilter.java:116) ~[spring-web-6.1.6.jar:6.1.6]
	at org.apache.catalina.core.ApplicationFilterChain.internalDoFilter(ApplicationFilterChain.java:175) ~[tomcat-embed-core-10.1.20.jar:10.1.20]
	at org.apache.catalina.core.ApplicationFilterChain.doFilter(ApplicationFilterChain.java:150) ~[tomcat-embed-core-10.1.20.jar:10.1.20]
	at org.apache.catalina.core.StandardWrapperValve.invoke(StandardWrapperValve.java:167) ~[tomcat-embed-core-10.1.20.jar:10.1.20]
	at org.apache.catalina.core.StandardContextValve.invoke(StandardContextValve.java:90) ~[tomcat-embed-core-10.1.20.jar:10.1.20]
	at org.apache.catalina.authenticator.AuthenticatorBase.invoke(AuthenticatorBase.java:482) ~[tomcat-embed-core-10.1.20.jar:10.1.20]
	at org.apache.catalina.core.StandardHostValve.invoke(StandardHostValve.java:115) ~[tomcat-embed-core-10.1.20.jar:10.1.20]
	at org.apache.catalina.valves.ErrorReportValve.invoke(ErrorReportValve.java:93) ~[tomcat-embed-core-10.1.20.jar:10.1.20]
	at org.apache.catalina.core.StandardEngineValve.invoke(StandardEngineValve.java:74) ~[tomcat-embed-core-10.1.20.jar:10.1.20]
	at org.apache.catalina.connector.CoyoteAdapter.service(CoyoteAdapter.java:344) ~[tomcat-embed-core-10.1.20.jar:10.1.20]
	at org.apache.coyote.http11.Http11Processor.service(Http11Processor.java:391) ~[tomcat-embed-core-10.1.20.jar:10.1.20]
	at org.apache.coyote.AbstractProcessorLight.process(AbstractProcessorLight.java:63) ~[tomcat-embed-core-10.1.20.jar:10.1.20]
	at org.apache.coyote.AbstractProtocol$ConnectionHandler.process(AbstractProtocol.java:896) ~[tomcat-embed-core-10.1.20.jar:10.1.20]
	at org.apache.tomcat.util.net.NioEndpoint$SocketProcessor.doRun(NioEndpoint.java:1736) ~[tomcat-embed-core-10.1.20.jar:10.1.20]
	at org.apache.tomcat.util.net.SocketProcessorBase.run(SocketProcessorBase.java:52) ~[tomcat-embed-core-10.1.20.jar:10.1.20]
	at org.apache.tomcat.util.threads.ThreadPoolExecutor.runWorker(ThreadPoolExecutor.java:1191) ~[tomcat-embed-core-10.1.20.jar:10.1.20]
	at org.apache.tomcat.util.threads.ThreadPoolExecutor$Worker.run(ThreadPoolExecutor.java:659) ~[tomcat-embed-core-10.1.20.jar:10.1.20]
	at org.apache.tomcat.util.threads.TaskThread$WrappingRunnable.run(TaskThread.java:63) ~[tomcat-embed-core-10.1.20.jar:10.1.20]
	at java.base/java.lang.Thread.run(Thread.java:1583) ~[na:na]

2026-05-06T11:08:39.092+05:30 DEBUG 14212 --- [Smart-Interview-Prep-Platform] [http-nio-8080-exec-3] o.s.security.web.FilterChainProxy        : Securing POST /error
2026-05-06T11:08:39.093+05:30 DEBUG 14212 --- [Smart-Interview-Prep-Platform] [http-nio-8080-exec-3] o.s.s.w.a.AnonymousAuthenticationFilter  : Set SecurityContextHolder to anonymous SecurityContext
2026-05-06T11:08:39.095+05:30 DEBUG 14212 --- [Smart-Interview-Prep-Platform] [http-nio-8080-exec-3] o.s.s.w.a.Http403ForbiddenEntryPoint     : Pre-authenticated entry point called. Rejecting access
2026-05-06T11:10:46.157+05:30 DEBUG 14212 --- [Smart-Interview-Prep-Platform] [http-nio-8080-exec-6] o.s.security.web.FilterChainProxy        : Securing POST /api/user/quiz/start
2026-05-06T11:10:46.159+05:30  INFO 14212 --- [Smart-Interview-Prep-Platform] [http-nio-8080-exec-6] c.S.I.P.Platform.security.JwtAuthFilter  : JWT Filter Bearer eyJhbGciOiJIUzI1NiJ9.eyJzdWIiOiJzYW1tQGdtYWlsLmNvbSIsInJvbGUiOiJVU0VSIiwiaWF0IjoxNzc4MDQ1OTA2LCJleHAiOjE3NzgxMzIzMDZ9.CEojhqZnUT0e6sTGUaX970UpyzV5W5H1b10uocsSBtk
2026-05-06T11:10:46.159+05:30  INFO 14212 --- [Smart-Interview-Prep-Platform] [http-nio-8080-exec-6] c.S.I.P.Platform.security.JwtAuthFilter  : Token eyJhbGciOiJIUzI1NiJ9.eyJzdWIiOiJzYW1tQGdtYWlsLmNvbSIsInJvbGUiOiJVU0VSIiwiaWF0IjoxNzc4MDQ1OTA2LCJleHAiOjE3NzgxMzIzMDZ9.CEojhqZnUT0e6sTGUaX970UpyzV5W5H1b10uocsSBtk
2026-05-06T11:10:46.171+05:30  INFO 14212 --- [Smart-Interview-Prep-Platform] [http-nio-8080-exec-6] c.S.I.P.Platform.security.JwtAuthFilter  : Token Filter email samm@gmail.com
2026-05-06T11:10:46.172+05:30  INFO 14212 --- [Smart-Interview-Prep-Platform] [http-nio-8080-exec-6] c.S.I.P.Platform.security.JwtAuthFilter  : Token Filter auth UsernamePasswordAuthenticationToken [Principal=samm@gmail.com, Credentials=[PROTECTED], Authenticated=true, Details=null, Granted Authorities=[ROLE_USER]]
2026-05-06T11:10:46.172+05:30 DEBUG 14212 --- [Smart-Interview-Prep-Platform] [http-nio-8080-exec-6] o.s.security.web.FilterChainProxy        : Secured POST /api/user/quiz/start
2026-05-06T11:10:46.182+05:30  INFO 14212 --- [Smart-Interview-Prep-Platform] [http-nio-8080-exec-6] c.S.I.Prep.Platform.service.QuizService  : Questions
2026-05-06T11:10:46.208+05:30 ERROR 14212 --- [Smart-Interview-Prep-Platform] [http-nio-8080-exec-6] o.a.c.c.C.[.[.[/].[dispatcherServlet]    : Servlet.service() for servlet [dispatcherServlet] in context with path [] threw exception [Request processing failed: java.lang.NullPointerException] with root cause

java.lang.NullPointerException: null
	at java.base/java.util.Objects.requireNonNull(Objects.java:233) ~[na:na]
	at java.base/java.util.ImmutableCollections.listFromTrustedArray(ImmutableCollections.java:215) ~[na:na]
	at java.base/java.util.List.of(List.java:991) ~[na:na]
	at com.Smart.Interview.Prep.Platform.service.QuizService.mapToDTO(QuizService.java:98) ~[classes/:na]
	at com.Smart.Interview.Prep.Platform.service.QuizService.lambda$startQuiz$0(QuizService.java:44) ~[classes/:na]
	at java.base/java.util.stream.ReferencePipeline$3$1.accept(ReferencePipeline.java:197) ~[na:na]
	at java.base/java.util.ArrayList$ArrayListSpliterator.forEachRemaining(ArrayList.java:1708) ~[na:na]
	at java.base/java.util.stream.AbstractPipeline.copyInto(AbstractPipeline.java:509) ~[na:na]
	at java.base/java.util.stream.AbstractPipeline.wrapAndCopyInto(AbstractPipeline.java:499) ~[na:na]
	at java.base/java.util.stream.AbstractPipeline.evaluate(AbstractPipeline.java:575) ~[na:na]
	at java.base/java.util.stream.AbstractPipeline.evaluateToArrayNode(AbstractPipeline.java:260) ~[na:na]
	at java.base/java.util.stream.ReferencePipeline.toArray(ReferencePipeline.java:616) ~[na:na]
	at java.base/java.util.stream.ReferencePipeline.toArray(ReferencePipeline.java:622) ~[na:na]
	at java.base/java.util.stream.ReferencePipeline.toList(ReferencePipeline.java:627) ~[na:na]
	at com.Smart.Interview.Prep.Platform.service.QuizService.startQuiz(QuizService.java:45) ~[classes/:na]
	at com.Smart.Interview.Prep.Platform.controller.QuizController.startQuiz(QuizController.java:29) ~[classes/:na]
	at java.base/jdk.internal.reflect.DirectMethodHandleAccessor.invoke(DirectMethodHandleAccessor.java:103) ~[na:na]
	at java.base/java.lang.reflect.Method.invoke(Method.java:580) ~[na:na]
	at org.springframework.web.method.support.InvocableHandlerMethod.doInvoke(InvocableHandlerMethod.java:255) ~[spring-web-6.1.6.jar:6.1.6]
	at org.springframework.web.method.support.InvocableHandlerMethod.invokeForRequest(InvocableHandlerMethod.java:188) ~[spring-web-6.1.6.jar:6.1.6]
	at org.springframework.web.servlet.mvc.method.annotation.ServletInvocableHandlerMethod.invokeAndHandle(ServletInvocableHandlerMethod.java:118) ~[spring-webmvc-6.1.6.jar:6.1.6]
	at org.springframework.web.servlet.mvc.method.annotation.RequestMappingHandlerAdapter.invokeHandlerMethod(RequestMappingHandlerAdapter.java:926) ~[spring-webmvc-6.1.6.jar:6.1.6]
	at org.springframework.web.servlet.mvc.method.annotation.RequestMappingHandlerAdapter.handleInternal(RequestMappingHandlerAdapter.java:831) ~[spring-webmvc-6.1.6.jar:6.1.6]
	at org.springframework.web.servlet.mvc.method.AbstractHandlerMethodAdapter.handle(AbstractHandlerMethodAdapter.java:87) ~[spring-webmvc-6.1.6.jar:6.1.6]
	at org.springframework.web.servlet.DispatcherServlet.doDispatch(DispatcherServlet.java:1089) ~[spring-webmvc-6.1.6.jar:6.1.6]
	at org.springframework.web.servlet.DispatcherServlet.doService(DispatcherServlet.java:979) ~[spring-webmvc-6.1.6.jar:6.1.6]
	at org.springframework.web.servlet.FrameworkServlet.processRequest(FrameworkServlet.java:1014) ~[spring-webmvc-6.1.6.jar:6.1.6]
	at org.springframework.web.servlet.FrameworkServlet.doPost(FrameworkServlet.java:914) ~[spring-webmvc-6.1.6.jar:6.1.6]
	at jakarta.servlet.http.HttpServlet.service(HttpServlet.java:590) ~[tomcat-embed-core-10.1.20.jar:6.0]
	at org.springframework.web.servlet.FrameworkServlet.service(FrameworkServlet.java:885) ~[spring-webmvc-6.1.6.jar:6.1.6]
	at jakarta.servlet.http.HttpServlet.service(HttpServlet.java:658) ~[tomcat-embed-core-10.1.20.jar:6.0]
	at org.apache.catalina.core.ApplicationFilterChain.internalDoFilter(ApplicationFilterChain.java:206) ~[tomcat-embed-core-10.1.20.jar:10.1.20]
	at org.apache.catalina.core.ApplicationFilterChain.doFilter(ApplicationFilterChain.java:150) ~[tomcat-embed-core-10.1.20.jar:10.1.20]
	at org.apache.tomcat.websocket.server.WsFilter.doFilter(WsFilter.java:51) ~[tomcat-embed-websocket-10.1.20.jar:10.1.20]
	at org.apache.catalina.core.ApplicationFilterChain.internalDoFilter(ApplicationFilterChain.java:175) ~[tomcat-embed-core-10.1.20.jar:10.1.20]
	at org.apache.catalina.core.ApplicationFilterChain.doFilter(ApplicationFilterChain.java:150) ~[tomcat-embed-core-10.1.20.jar:10.1.20]
	at org.springframework.web.filter.OncePerRequestFilter.doFilter(OncePerRequestFilter.java:110) ~[spring-web-6.1.6.jar:6.1.6]
	at org.apache.catalina.core.ApplicationFilterChain.internalDoFilter(ApplicationFilterChain.java:175) ~[tomcat-embed-core-10.1.20.jar:10.1.20]
	at org.apache.catalina.core.ApplicationFilterChain.doFilter(ApplicationFilterChain.java:150) ~[tomcat-embed-core-10.1.20.jar:10.1.20]
	at org.springframework.web.filter.CompositeFilter$VirtualFilterChain.doFilter(CompositeFilter.java:108) ~[spring-web-6.1.6.jar:6.1.6]
	at org.springframework.security.web.FilterChainProxy.lambda$doFilterInternal$3(FilterChainProxy.java:231) ~[spring-security-web-6.2.4.jar:6.2.4]
	at org.springframework.security.web.FilterChainProxy$VirtualFilterChain.doFilter(FilterChainProxy.java:365) ~[spring-security-web-6.2.4.jar:6.2.4]
	at org.springframework.security.web.access.intercept.AuthorizationFilter.doFilter(AuthorizationFilter.java:100) ~[spring-security-web-6.2.4.jar:6.2.4]
	at org.springframework.security.web.FilterChainProxy$VirtualFilterChain.doFilter(FilterChainProxy.java:374) ~[spring-security-web-6.2.4.jar:6.2.4]
	at org.springframework.security.web.access.ExceptionTranslationFilter.doFilter(ExceptionTranslationFilter.java:126) ~[spring-security-web-6.2.4.jar:6.2.4]
	at org.springframework.security.web.access.ExceptionTranslationFilter.doFilter(ExceptionTranslationFilter.java:120) ~[spring-security-web-6.2.4.jar:6.2.4]
	at org.springframework.security.web.FilterChainProxy$VirtualFilterChain.doFilter(FilterChainProxy.java:374) ~[spring-security-web-6.2.4.jar:6.2.4]
	at org.springframework.security.web.session.SessionManagementFilter.doFilter(SessionManagementFilter.java:131) ~[spring-security-web-6.2.4.jar:6.2.4]
	at org.springframework.security.web.session.SessionManagementFilter.doFilter(SessionManagementFilter.java:85) ~[spring-security-web-6.2.4.jar:6.2.4]
	at org.springframework.security.web.FilterChainProxy$VirtualFilterChain.doFilter(FilterChainProxy.java:374) ~[spring-security-web-6.2.4.jar:6.2.4]
	at org.springframework.security.web.authentication.AnonymousAuthenticationFilter.doFilter(AnonymousAuthenticationFilter.java:100) ~[spring-security-web-6.2.4.jar:6.2.4]
	at org.springframework.security.web.FilterChainProxy$VirtualFilterChain.doFilter(FilterChainProxy.java:374) ~[spring-security-web-6.2.4.jar:6.2.4]
	at org.springframework.security.web.servletapi.SecurityContextHolderAwareRequestFilter.doFilter(SecurityContextHolderAwareRequestFilter.java:179) ~[spring-security-web-6.2.4.jar:6.2.4]
	at org.springframework.security.web.FilterChainProxy$VirtualFilterChain.doFilter(FilterChainProxy.java:374) ~[spring-security-web-6.2.4.jar:6.2.4]
	at org.springframework.security.web.savedrequest.RequestCacheAwareFilter.doFilter(RequestCacheAwareFilter.java:63) ~[spring-security-web-6.2.4.jar:6.2.4]
	at org.springframework.security.web.FilterChainProxy$VirtualFilterChain.doFilter(FilterChainProxy.java:374) ~[spring-security-web-6.2.4.jar:6.2.4]
	at com.Smart.Interview.Prep.Platform.security.JwtAuthFilter.doFilterInternal(JwtAuthFilter.java:68) ~[classes/:na]
	at org.springframework.web.filter.OncePerRequestFilter.doFilter(OncePerRequestFilter.java:116) ~[spring-web-6.1.6.jar:6.1.6]
	at org.springframework.security.web.FilterChainProxy$VirtualFilterChain.doFilter(FilterChainProxy.java:374) ~[spring-security-web-6.2.4.jar:6.2.4]
	at org.springframework.security.web.authentication.logout.LogoutFilter.doFilter(LogoutFilter.java:107) ~[spring-security-web-6.2.4.jar:6.2.4]
	at org.springframework.security.web.authentication.logout.LogoutFilter.doFilter(LogoutFilter.java:93) ~[spring-security-web-6.2.4.jar:6.2.4]
	at org.springframework.security.web.FilterChainProxy$VirtualFilterChain.doFilter(FilterChainProxy.java:374) ~[spring-security-web-6.2.4.jar:6.2.4]
	at org.springframework.web.filter.CorsFilter.doFilterInternal(CorsFilter.java:91) ~[spring-web-6.1.6.jar:6.1.6]
	at org.springframework.web.filter.OncePerRequestFilter.doFilter(OncePerRequestFilter.java:116) ~[spring-web-6.1.6.jar:6.1.6]
	at org.springframework.security.web.FilterChainProxy$VirtualFilterChain.doFilter(FilterChainProxy.java:374) ~[spring-security-web-6.2.4.jar:6.2.4]
	at org.springframework.security.web.header.HeaderWriterFilter.doHeadersAfter(HeaderWriterFilter.java:90) ~[spring-security-web-6.2.4.jar:6.2.4]
	at org.springframework.security.web.header.HeaderWriterFilter.doFilterInternal(HeaderWriterFilter.java:75) ~[spring-security-web-6.2.4.jar:6.2.4]
	at org.springframework.web.filter.OncePerRequestFilter.doFilter(OncePerRequestFilter.java:116) ~[spring-web-6.1.6.jar:6.1.6]
	at org.springframework.security.web.FilterChainProxy$VirtualFilterChain.doFilter(FilterChainProxy.java:374) ~[spring-security-web-6.2.4.jar:6.2.4]
	at org.springframework.security.web.context.SecurityContextHolderFilter.doFilter(SecurityContextHolderFilter.java:82) ~[spring-security-web-6.2.4.jar:6.2.4]
	at org.springframework.security.web.context.SecurityContextHolderFilter.doFilter(SecurityContextHolderFilter.java:69) ~[spring-security-web-6.2.4.jar:6.2.4]
	at org.springframework.security.web.FilterChainProxy$VirtualFilterChain.doFilter(FilterChainProxy.java:374) ~[spring-security-web-6.2.4.jar:6.2.4]
	at org.springframework.security.web.context.request.async.WebAsyncManagerIntegrationFilter.doFilterInternal(WebAsyncManagerIntegrationFilter.java:62) ~[spring-security-web-6.2.4.jar:6.2.4]
	at org.springframework.web.filter.OncePerRequestFilter.doFilter(OncePerRequestFilter.java:116) ~[spring-web-6.1.6.jar:6.1.6]
	at org.springframework.security.web.FilterChainProxy$VirtualFilterChain.doFilter(FilterChainProxy.java:374) ~[spring-security-web-6.2.4.jar:6.2.4]
	at org.springframework.security.web.session.DisableEncodeUrlFilter.doFilterInternal(DisableEncodeUrlFilter.java:42) ~[spring-security-web-6.2.4.jar:6.2.4]
	at org.springframework.web.filter.OncePerRequestFilter.doFilter(OncePerRequestFilter.java:116) ~[spring-web-6.1.6.jar:6.1.6]
	at org.springframework.security.web.FilterChainProxy$VirtualFilterChain.doFilter(FilterChainProxy.java:374) ~[spring-security-web-6.2.4.jar:6.2.4]
	at org.springframework.security.web.FilterChainProxy.doFilterInternal(FilterChainProxy.java:233) ~[spring-security-web-6.2.4.jar:6.2.4]
	at org.springframework.security.web.FilterChainProxy.doFilter(FilterChainProxy.java:191) ~[spring-security-web-6.2.4.jar:6.2.4]
	at org.springframework.web.filter.CompositeFilter$VirtualFilterChain.doFilter(CompositeFilter.java:113) ~[spring-web-6.1.6.jar:6.1.6]
	at org.springframework.web.servlet.handler.HandlerMappingIntrospector.lambda$createCacheFilter$3(HandlerMappingIntrospector.java:195) ~[spring-webmvc-6.1.6.jar:6.1.6]
	at org.springframework.web.filter.CompositeFilter$VirtualFilterChain.doFilter(CompositeFilter.java:113) ~[spring-web-6.1.6.jar:6.1.6]
	at org.springframework.web.filter.CompositeFilter.doFilter(CompositeFilter.java:74) ~[spring-web-6.1.6.jar:6.1.6]
	at org.springframework.security.config.annotation.web.configuration.WebMvcSecurityConfiguration$CompositeFilterChainProxy.doFilter(WebMvcSecurityConfiguration.java:230) ~[spring-security-config-6.2.4.jar:6.2.4]
	at org.springframework.web.filter.DelegatingFilterProxy.invokeDelegate(DelegatingFilterProxy.java:352) ~[spring-web-6.1.6.jar:6.1.6]
	at org.springframework.web.filter.DelegatingFilterProxy.doFilter(DelegatingFilterProxy.java:268) ~[spring-web-6.1.6.jar:6.1.6]
	at org.apache.catalina.core.ApplicationFilterChain.internalDoFilter(ApplicationFilterChain.java:175) ~[tomcat-embed-core-10.1.20.jar:10.1.20]
	at org.apache.catalina.core.ApplicationFilterChain.doFilter(ApplicationFilterChain.java:150) ~[tomcat-embed-core-10.1.20.jar:10.1.20]
	at org.springframework.web.filter.RequestContextFilter.doFilterInternal(RequestContextFilter.java:100) ~[spring-web-6.1.6.jar:6.1.6]
	at org.springframework.web.filter.OncePerRequestFilter.doFilter(OncePerRequestFilter.java:116) ~[spring-web-6.1.6.jar:6.1.6]
	at org.apache.catalina.core.ApplicationFilterChain.internalDoFilter(ApplicationFilterChain.java:175) ~[tomcat-embed-core-10.1.20.jar:10.1.20]
	at org.apache.catalina.core.ApplicationFilterChain.doFilter(ApplicationFilterChain.java:150) ~[tomcat-embed-core-10.1.20.jar:10.1.20]
	at org.springframework.web.filter.FormContentFilter.doFilterInternal(FormContentFilter.java:93) ~[spring-web-6.1.6.jar:6.1.6]
	at org.springframework.web.filter.OncePerRequestFilter.doFilter(OncePerRequestFilter.java:116) ~[spring-web-6.1.6.jar:6.1.6]
	at org.apache.catalina.core.ApplicationFilterChain.internalDoFilter(ApplicationFilterChain.java:175) ~[tomcat-embed-core-10.1.20.jar:10.1.20]
	at org.apache.catalina.core.ApplicationFilterChain.doFilter(ApplicationFilterChain.java:150) ~[tomcat-embed-core-10.1.20.jar:10.1.20]
	at org.springframework.web.filter.CharacterEncodingFilter.doFilterInternal(CharacterEncodingFilter.java:201) ~[spring-web-6.1.6.jar:6.1.6]
	at org.springframework.web.filter.OncePerRequestFilter.doFilter(OncePerRequestFilter.java:116) ~[spring-web-6.1.6.jar:6.1.6]
	at org.apache.catalina.core.ApplicationFilterChain.internalDoFilter(ApplicationFilterChain.java:175) ~[tomcat-embed-core-10.1.20.jar:10.1.20]
	at org.apache.catalina.core.ApplicationFilterChain.doFilter(ApplicationFilterChain.java:150) ~[tomcat-embed-core-10.1.20.jar:10.1.20]
	at org.apache.catalina.core.StandardWrapperValve.invoke(StandardWrapperValve.java:167) ~[tomcat-embed-core-10.1.20.jar:10.1.20]
	at org.apache.catalina.core.StandardContextValve.invoke(StandardContextValve.java:90) ~[tomcat-embed-core-10.1.20.jar:10.1.20]
	at org.apache.catalina.authenticator.AuthenticatorBase.invoke(AuthenticatorBase.java:482) ~[tomcat-embed-core-10.1.20.jar:10.1.20]
	at org.apache.catalina.core.StandardHostValve.invoke(StandardHostValve.java:115) ~[tomcat-embed-core-10.1.20.jar:10.1.20]
	at org.apache.catalina.valves.ErrorReportValve.invoke(ErrorReportValve.java:93) ~[tomcat-embed-core-10.1.20.jar:10.1.20]
	at org.apache.catalina.core.StandardEngineValve.invoke(StandardEngineValve.java:74) ~[tomcat-embed-core-10.1.20.jar:10.1.20]
	at org.apache.catalina.connector.CoyoteAdapter.service(CoyoteAdapter.java:344) ~[tomcat-embed-core-10.1.20.jar:10.1.20]
	at org.apache.coyote.http11.Http11Processor.service(Http11Processor.java:391) ~[tomcat-embed-core-10.1.20.jar:10.1.20]
	at org.apache.coyote.AbstractProcessorLight.process(AbstractProcessorLight.java:63) ~[tomcat-embed-core-10.1.20.jar:10.1.20]
	at org.apache.coyote.AbstractProtocol$ConnectionHandler.process(AbstractProtocol.java:896) ~[tomcat-embed-core-10.1.20.jar:10.1.20]
	at org.apache.tomcat.util.net.NioEndpoint$SocketProcessor.doRun(NioEndpoint.java:1736) ~[tomcat-embed-core-10.1.20.jar:10.1.20]
	at org.apache.tomcat.util.net.SocketProcessorBase.run(SocketProcessorBase.java:52) ~[tomcat-embed-core-10.1.20.jar:10.1.20]
	at org.apache.tomcat.util.threads.ThreadPoolExecutor.runWorker(ThreadPoolExecutor.java:1191) ~[tomcat-embed-core-10.1.20.jar:10.1.20]
	at org.apache.tomcat.util.threads.ThreadPoolExecutor$Worker.run(ThreadPoolExecutor.java:659) ~[tomcat-embed-core-10.1.20.jar:10.1.20]
	at org.apache.tomcat.util.threads.TaskThread$WrappingRunnable.run(TaskThread.java:63) ~[tomcat-embed-core-10.1.20.jar:10.1.20]
	at java.base/java.lang.Thread.run(Thread.java:1583) ~[na:na]

2026-05-06T11:10:46.214+05:30 DEBUG 14212 --- [Smart-Interview-Prep-Platform] [http-nio-8080-exec-6] o.s.security.web.FilterChainProxy        : Securing POST /error
2026-05-06T11:10:46.215+05:30 DEBUG 14212 --- [Smart-Interview-Prep-Platform] [http-nio-8080-exec-6] o.s.s.w.a.AnonymousAuthenticationFilter  : Set SecurityContextHolder to anonymous SecurityContext
2026-05-06T11:10:46.216+05:30 DEBUG 14212 --- [Smart-Interview-Prep-Platform] [http-nio-8080-exec-6] o.s.s.w.a.Http403ForbiddenEntryPoint     : Pre-authenticated entry point called. Rejecting access
2026-05-06T11:11:18.046+05:30 DEBUG 14212 --- [Smart-Interview-Prep-Platform] [http-nio-8080-exec-8] o.s.security.web.FilterChainProxy        : Securing POST /api/user/quiz/start
2026-05-06T11:11:18.047+05:30  INFO 14212 --- [Smart-Interview-Prep-Platform] [http-nio-8080-exec-8] c.S.I.P.Platform.security.JwtAuthFilter  : JWT Filter Bearer eyJhbGciOiJIUzI1NiJ9.eyJzdWIiOiJzYW1tQGdtYWlsLmNvbSIsInJvbGUiOiJVU0VSIiwiaWF0IjoxNzc4MDQ1OTA2LCJleHAiOjE3NzgxMzIzMDZ9.CEojhqZnUT0e6sTGUaX970UpyzV5W5H1b10uocsSBtk
2026-05-06T11:11:18.047+05:30  INFO 14212 --- [Smart-Interview-Prep-Platform] [http-nio-8080-exec-8] c.S.I.P.Platform.security.JwtAuthFilter  : Token eyJhbGciOiJIUzI1NiJ9.eyJzdWIiOiJzYW1tQGdtYWlsLmNvbSIsInJvbGUiOiJVU0VSIiwiaWF0IjoxNzc4MDQ1OTA2LCJleHAiOjE3NzgxMzIzMDZ9.CEojhqZnUT0e6sTGUaX970UpyzV5W5H1b10uocsSBtk
2026-05-06T11:11:18.069+05:30  INFO 14212 --- [Smart-Interview-Prep-Platform] [http-nio-8080-exec-8] c.S.I.P.Platform.security.JwtAuthFilter  : Token Filter email samm@gmail.com
2026-05-06T11:11:18.070+05:30  INFO 14212 --- [Smart-Interview-Prep-Platform] [http-nio-8080-exec-8] c.S.I.P.Platform.security.JwtAuthFilter  : Token Filter auth UsernamePasswordAuthenticationToken [Principal=samm@gmail.com, Credentials=[PROTECTED], Authenticated=true, Details=null, Granted Authorities=[ROLE_USER]]
2026-05-06T11:11:18.071+05:30 DEBUG 14212 --- [Smart-Interview-Prep-Platform] [http-nio-8080-exec-8] o.s.security.web.FilterChainProxy        : Secured POST /api/user/quiz/start
2026-05-06T11:11:18.087+05:30  INFO 14212 --- [Smart-Interview-Prep-Platform] [http-nio-8080-exec-8] c.S.I.Prep.Platform.service.QuizService  : Questions
2026-05-06T11:11:18.111+05:30 ERROR 14212 --- [Smart-Interview-Prep-Platform] [http-nio-8080-exec-8] o.a.c.c.C.[.[.[/].[dispatcherServlet]    : Servlet.service() for servlet [dispatcherServlet] in context with path [] threw exception [Request processing failed: java.lang.NullPointerException] with root cause

java.lang.NullPointerException: null
	at java.base/java.util.Objects.requireNonNull(Objects.java:233) ~[na:na]
	at java.base/java.util.ImmutableCollections.listFromTrustedArray(ImmutableCollections.java:215) ~[na:na]
	at java.base/java.util.List.of(List.java:991) ~[na:na]
	at com.Smart.Interview.Prep.Platform.service.QuizService.mapToDTO(QuizService.java:98) ~[classes/:na]
	at com.Smart.Interview.Prep.Platform.service.QuizService.lambda$startQuiz$0(QuizService.java:44) ~[classes/:na]
	at java.base/java.util.stream.ReferencePipeline$3$1.accept(ReferencePipeline.java:197) ~[na:na]
	at java.base/java.util.ArrayList$ArrayListSpliterator.forEachRemaining(ArrayList.java:1708) ~[na:na]
	at java.base/java.util.stream.AbstractPipeline.copyInto(AbstractPipeline.java:509) ~[na:na]
	at java.base/java.util.stream.AbstractPipeline.wrapAndCopyInto(AbstractPipeline.java:499) ~[na:na]
	at java.base/java.util.stream.AbstractPipeline.evaluate(AbstractPipeline.java:575) ~[na:na]
	at java.base/java.util.stream.AbstractPipeline.evaluateToArrayNode(AbstractPipeline.java:260) ~[na:na]
	at java.base/java.util.stream.ReferencePipeline.toArray(ReferencePipeline.java:616) ~[na:na]
	at java.base/java.util.stream.ReferencePipeline.toArray(ReferencePipeline.java:622) ~[na:na]
	at java.base/java.util.stream.ReferencePipeline.toList(ReferencePipeline.java:627) ~[na:na]
	at com.Smart.Interview.Prep.Platform.service.QuizService.startQuiz(QuizService.java:45) ~[classes/:na]
	at com.Smart.Interview.Prep.Platform.controller.QuizController.startQuiz(QuizController.java:29) ~[classes/:na]
	at java.base/jdk.internal.reflect.DirectMethodHandleAccessor.invoke(DirectMethodHandleAccessor.java:103) ~[na:na]
	at java.base/java.lang.reflect.Method.invoke(Method.java:580) ~[na:na]
	at org.springframework.web.method.support.InvocableHandlerMethod.doInvoke(InvocableHandlerMethod.java:255) ~[spring-web-6.1.6.jar:6.1.6]
	at org.springframework.web.method.support.InvocableHandlerMethod.invokeForRequest(InvocableHandlerMethod.java:188) ~[spring-web-6.1.6.jar:6.1.6]
	at org.springframework.web.servlet.mvc.method.annotation.ServletInvocableHandlerMethod.invokeAndHandle(ServletInvocableHandlerMethod.java:118) ~[spring-webmvc-6.1.6.jar:6.1.6]
	at org.springframework.web.servlet.mvc.method.annotation.RequestMappingHandlerAdapter.invokeHandlerMethod(RequestMappingHandlerAdapter.java:926) ~[spring-webmvc-6.1.6.jar:6.1.6]
	at org.springframework.web.servlet.mvc.method.annotation.RequestMappingHandlerAdapter.handleInternal(RequestMappingHandlerAdapter.java:831) ~[spring-webmvc-6.1.6.jar:6.1.6]
	at org.springframework.web.servlet.mvc.method.AbstractHandlerMethodAdapter.handle(AbstractHandlerMethodAdapter.java:87) ~[spring-webmvc-6.1.6.jar:6.1.6]
	at org.springframework.web.servlet.DispatcherServlet.doDispatch(DispatcherServlet.java:1089) ~[spring-webmvc-6.1.6.jar:6.1.6]
	at org.springframework.web.servlet.DispatcherServlet.doService(DispatcherServlet.java:979) ~[spring-webmvc-6.1.6.jar:6.1.6]
	at org.springframework.web.servlet.FrameworkServlet.processRequest(FrameworkServlet.java:1014) ~[spring-webmvc-6.1.6.jar:6.1.6]
	at org.springframework.web.servlet.FrameworkServlet.doPost(FrameworkServlet.java:914) ~[spring-webmvc-6.1.6.jar:6.1.6]
	at jakarta.servlet.http.HttpServlet.service(HttpServlet.java:590) ~[tomcat-embed-core-10.1.20.jar:6.0]
	at org.springframework.web.servlet.FrameworkServlet.service(FrameworkServlet.java:885) ~[spring-webmvc-6.1.6.jar:6.1.6]
	at jakarta.servlet.http.HttpServlet.service(HttpServlet.java:658) ~[tomcat-embed-core-10.1.20.jar:6.0]
	at org.apache.catalina.core.ApplicationFilterChain.internalDoFilter(ApplicationFilterChain.java:206) ~[tomcat-embed-core-10.1.20.jar:10.1.20]
	at org.apache.catalina.core.ApplicationFilterChain.doFilter(ApplicationFilterChain.java:150) ~[tomcat-embed-core-10.1.20.jar:10.1.20]
	at org.apache.tomcat.websocket.server.WsFilter.doFilter(WsFilter.java:51) ~[tomcat-embed-websocket-10.1.20.jar:10.1.20]
	at org.apache.catalina.core.ApplicationFilterChain.internalDoFilter(ApplicationFilterChain.java:175) ~[tomcat-embed-core-10.1.20.jar:10.1.20]
	at org.apache.catalina.core.ApplicationFilterChain.doFilter(ApplicationFilterChain.java:150) ~[tomcat-embed-core-10.1.20.jar:10.1.20]
	at org.springframework.web.filter.OncePerRequestFilter.doFilter(OncePerRequestFilter.java:110) ~[spring-web-6.1.6.jar:6.1.6]
	at org.apache.catalina.core.ApplicationFilterChain.internalDoFilter(ApplicationFilterChain.java:175) ~[tomcat-embed-core-10.1.20.jar:10.1.20]
	at org.apache.catalina.core.ApplicationFilterChain.doFilter(ApplicationFilterChain.java:150) ~[tomcat-embed-core-10.1.20.jar:10.1.20]
	at org.springframework.web.filter.CompositeFilter$VirtualFilterChain.doFilter(CompositeFilter.java:108) ~[spring-web-6.1.6.jar:6.1.6]
	at org.springframework.security.web.FilterChainProxy.lambda$doFilterInternal$3(FilterChainProxy.java:231) ~[spring-security-web-6.2.4.jar:6.2.4]
	at org.springframework.security.web.FilterChainProxy$VirtualFilterChain.doFilter(FilterChainProxy.java:365) ~[spring-security-web-6.2.4.jar:6.2.4]
	at org.springframework.security.web.access.intercept.AuthorizationFilter.doFilter(AuthorizationFilter.java:100) ~[spring-security-web-6.2.4.jar:6.2.4]
	at org.springframework.security.web.FilterChainProxy$VirtualFilterChain.doFilter(FilterChainProxy.java:374) ~[spring-security-web-6.2.4.jar:6.2.4]
	at org.springframework.security.web.access.ExceptionTranslationFilter.doFilter(ExceptionTranslationFilter.java:126) ~[spring-security-web-6.2.4.jar:6.2.4]
	at org.springframework.security.web.access.ExceptionTranslationFilter.doFilter(ExceptionTranslationFilter.java:120) ~[spring-security-web-6.2.4.jar:6.2.4]
	at org.springframework.security.web.FilterChainProxy$VirtualFilterChain.doFilter(FilterChainProxy.java:374) ~[spring-security-web-6.2.4.jar:6.2.4]
	at org.springframework.security.web.session.SessionManagementFilter.doFilter(SessionManagementFilter.java:131) ~[spring-security-web-6.2.4.jar:6.2.4]
	at org.springframework.security.web.session.SessionManagementFilter.doFilter(SessionManagementFilter.java:85) ~[spring-security-web-6.2.4.jar:6.2.4]
	at org.springframework.security.web.FilterChainProxy$VirtualFilterChain.doFilter(FilterChainProxy.java:374) ~[spring-security-web-6.2.4.jar:6.2.4]
	at org.springframework.security.web.authentication.AnonymousAuthenticationFilter.doFilter(AnonymousAuthenticationFilter.java:100) ~[spring-security-web-6.2.4.jar:6.2.4]
	at org.springframework.security.web.FilterChainProxy$VirtualFilterChain.doFilter(FilterChainProxy.java:374) ~[spring-security-web-6.2.4.jar:6.2.4]
	at org.springframework.security.web.servletapi.SecurityContextHolderAwareRequestFilter.doFilter(SecurityContextHolderAwareRequestFilter.java:179) ~[spring-security-web-6.2.4.jar:6.2.4]
	at org.springframework.security.web.FilterChainProxy$VirtualFilterChain.doFilter(FilterChainProxy.java:374) ~[spring-security-web-6.2.4.jar:6.2.4]
	at org.springframework.security.web.savedrequest.RequestCacheAwareFilter.doFilter(RequestCacheAwareFilter.java:63) ~[spring-security-web-6.2.4.jar:6.2.4]
	at org.springframework.security.web.FilterChainProxy$VirtualFilterChain.doFilter(FilterChainProxy.java:374) ~[spring-security-web-6.2.4.jar:6.2.4]
	at com.Smart.Interview.Prep.Platform.security.JwtAuthFilter.doFilterInternal(JwtAuthFilter.java:68) ~[classes/:na]
	at org.springframework.web.filter.OncePerRequestFilter.doFilter(OncePerRequestFilter.java:116) ~[spring-web-6.1.6.jar:6.1.6]
	at org.springframework.security.web.FilterChainProxy$VirtualFilterChain.doFilter(FilterChainProxy.java:374) ~[spring-security-web-6.2.4.jar:6.2.4]
	at org.springframework.security.web.authentication.logout.LogoutFilter.doFilter(LogoutFilter.java:107) ~[spring-security-web-6.2.4.jar:6.2.4]
	at org.springframework.security.web.authentication.logout.LogoutFilter.doFilter(LogoutFilter.java:93) ~[spring-security-web-6.2.4.jar:6.2.4]
	at org.springframework.security.web.FilterChainProxy$VirtualFilterChain.doFilter(FilterChainProxy.java:374) ~[spring-security-web-6.2.4.jar:6.2.4]
	at org.springframework.web.filter.CorsFilter.doFilterInternal(CorsFilter.java:91) ~[spring-web-6.1.6.jar:6.1.6]
	at org.springframework.web.filter.OncePerRequestFilter.doFilter(OncePerRequestFilter.java:116) ~[spring-web-6.1.6.jar:6.1.6]
	at org.springframework.security.web.FilterChainProxy$VirtualFilterChain.doFilter(FilterChainProxy.java:374) ~[spring-security-web-6.2.4.jar:6.2.4]
	at org.springframework.security.web.header.HeaderWriterFilter.doHeadersAfter(HeaderWriterFilter.java:90) ~[spring-security-web-6.2.4.jar:6.2.4]
	at org.springframework.security.web.header.HeaderWriterFilter.doFilterInternal(HeaderWriterFilter.java:75) ~[spring-security-web-6.2.4.jar:6.2.4]
	at org.springframework.web.filter.OncePerRequestFilter.doFilter(OncePerRequestFilter.java:116) ~[spring-web-6.1.6.jar:6.1.6]
	at org.springframework.security.web.FilterChainProxy$VirtualFilterChain.doFilter(FilterChainProxy.java:374) ~[spring-security-web-6.2.4.jar:6.2.4]
	at org.springframework.security.web.context.SecurityContextHolderFilter.doFilter(SecurityContextHolderFilter.java:82) ~[spring-security-web-6.2.4.jar:6.2.4]
	at org.springframework.security.web.context.SecurityContextHolderFilter.doFilter(SecurityContextHolderFilter.java:69) ~[spring-security-web-6.2.4.jar:6.2.4]
	at org.springframework.security.web.FilterChainProxy$VirtualFilterChain.doFilter(FilterChainProxy.java:374) ~[spring-security-web-6.2.4.jar:6.2.4]
	at org.springframework.security.web.context.request.async.WebAsyncManagerIntegrationFilter.doFilterInternal(WebAsyncManagerIntegrationFilter.java:62) ~[spring-security-web-6.2.4.jar:6.2.4]
	at org.springframework.web.filter.OncePerRequestFilter.doFilter(OncePerRequestFilter.java:116) ~[spring-web-6.1.6.jar:6.1.6]
	at org.springframework.security.web.FilterChainProxy$VirtualFilterChain.doFilter(FilterChainProxy.java:374) ~[spring-security-web-6.2.4.jar:6.2.4]
	at org.springframework.security.web.session.DisableEncodeUrlFilter.doFilterInternal(DisableEncodeUrlFilter.java:42) ~[spring-security-web-6.2.4.jar:6.2.4]
	at org.springframework.web.filter.OncePerRequestFilter.doFilter(OncePerRequestFilter.java:116) ~[spring-web-6.1.6.jar:6.1.6]
	at org.springframework.security.web.FilterChainProxy$VirtualFilterChain.doFilter(FilterChainProxy.java:374) ~[spring-security-web-6.2.4.jar:6.2.4]
	at org.springframework.security.web.FilterChainProxy.doFilterInternal(FilterChainProxy.java:233) ~[spring-security-web-6.2.4.jar:6.2.4]
	at org.springframework.security.web.FilterChainProxy.doFilter(FilterChainProxy.java:191) ~[spring-security-web-6.2.4.jar:6.2.4]
	at org.springframework.web.filter.CompositeFilter$VirtualFilterChain.doFilter(CompositeFilter.java:113) ~[spring-web-6.1.6.jar:6.1.6]
	at org.springframework.web.servlet.handler.HandlerMappingIntrospector.lambda$createCacheFilter$3(HandlerMappingIntrospector.java:195) ~[spring-webmvc-6.1.6.jar:6.1.6]
	at org.springframework.web.filter.CompositeFilter$VirtualFilterChain.doFilter(CompositeFilter.java:113) ~[spring-web-6.1.6.jar:6.1.6]
	at org.springframework.web.filter.CompositeFilter.doFilter(CompositeFilter.java:74) ~[spring-web-6.1.6.jar:6.1.6]
	at org.springframework.security.config.annotation.web.configuration.WebMvcSecurityConfiguration$CompositeFilterChainProxy.doFilter(WebMvcSecurityConfiguration.java:230) ~[spring-security-config-6.2.4.jar:6.2.4]
	at org.springframework.web.filter.DelegatingFilterProxy.invokeDelegate(DelegatingFilterProxy.java:352) ~[spring-web-6.1.6.jar:6.1.6]
	at org.springframework.web.filter.DelegatingFilterProxy.doFilter(DelegatingFilterProxy.java:268) ~[spring-web-6.1.6.jar:6.1.6]
	at org.apache.catalina.core.ApplicationFilterChain.internalDoFilter(ApplicationFilterChain.java:175) ~[tomcat-embed-core-10.1.20.jar:10.1.20]
	at org.apache.catalina.core.ApplicationFilterChain.doFilter(ApplicationFilterChain.java:150) ~[tomcat-embed-core-10.1.20.jar:10.1.20]
	at org.springframework.web.filter.RequestContextFilter.doFilterInternal(RequestContextFilter.java:100) ~[spring-web-6.1.6.jar:6.1.6]
	at org.springframework.web.filter.OncePerRequestFilter.doFilter(OncePerRequestFilter.java:116) ~[spring-web-6.1.6.jar:6.1.6]
	at org.apache.catalina.core.ApplicationFilterChain.internalDoFilter(ApplicationFilterChain.java:175) ~[tomcat-embed-core-10.1.20.jar:10.1.20]
	at org.apache.catalina.core.ApplicationFilterChain.doFilter(ApplicationFilterChain.java:150) ~[tomcat-embed-core-10.1.20.jar:10.1.20]
	at org.springframework.web.filter.FormContentFilter.doFilterInternal(FormContentFilter.java:93) ~[spring-web-6.1.6.jar:6.1.6]
	at org.springframework.web.filter.OncePerRequestFilter.doFilter(OncePerRequestFilter.java:116) ~[spring-web-6.1.6.jar:6.1.6]
	at org.apache.catalina.core.ApplicationFilterChain.internalDoFilter(ApplicationFilterChain.java:175) ~[tomcat-embed-core-10.1.20.jar:10.1.20]
	at org.apache.catalina.core.ApplicationFilterChain.doFilter(ApplicationFilterChain.java:150) ~[tomcat-embed-core-10.1.20.jar:10.1.20]
	at org.springframework.web.filter.CharacterEncodingFilter.doFilterInternal(CharacterEncodingFilter.java:201) ~[spring-web-6.1.6.jar:6.1.6]
	at org.springframework.web.filter.OncePerRequestFilter.doFilter(OncePerRequestFilter.java:116) ~[spring-web-6.1.6.jar:6.1.6]
	at org.apache.catalina.core.ApplicationFilterChain.internalDoFilter(ApplicationFilterChain.java:175) ~[tomcat-embed-core-10.1.20.jar:10.1.20]
	at org.apache.catalina.core.ApplicationFilterChain.doFilter(ApplicationFilterChain.java:150) ~[tomcat-embed-core-10.1.20.jar:10.1.20]
	at org.apache.catalina.core.StandardWrapperValve.invoke(StandardWrapperValve.java:167) ~[tomcat-embed-core-10.1.20.jar:10.1.20]
	at org.apache.catalina.core.StandardContextValve.invoke(StandardContextValve.java:90) ~[tomcat-embed-core-10.1.20.jar:10.1.20]
	at org.apache.catalina.authenticator.AuthenticatorBase.invoke(AuthenticatorBase.java:482) ~[tomcat-embed-core-10.1.20.jar:10.1.20]
	at org.apache.catalina.core.StandardHostValve.invoke(StandardHostValve.java:115) ~[tomcat-embed-core-10.1.20.jar:10.1.20]
	at org.apache.catalina.valves.ErrorReportValve.invoke(ErrorReportValve.java:93) ~[tomcat-embed-core-10.1.20.jar:10.1.20]
	at org.apache.catalina.core.StandardEngineValve.invoke(StandardEngineValve.java:74) ~[tomcat-embed-core-10.1.20.jar:10.1.20]
	at org.apache.catalina.connector.CoyoteAdapter.service(CoyoteAdapter.java:344) ~[tomcat-embed-core-10.1.20.jar:10.1.20]
	at org.apache.coyote.http11.Http11Processor.service(Http11Processor.java:391) ~[tomcat-embed-core-10.1.20.jar:10.1.20]
	at org.apache.coyote.AbstractProcessorLight.process(AbstractProcessorLight.java:63) ~[tomcat-embed-core-10.1.20.jar:10.1.20]
	at org.apache.coyote.AbstractProtocol$ConnectionHandler.process(AbstractProtocol.java:896) ~[tomcat-embed-core-10.1.20.jar:10.1.20]
	at org.apache.tomcat.util.net.NioEndpoint$SocketProcessor.doRun(NioEndpoint.java:1736) ~[tomcat-embed-core-10.1.20.jar:10.1.20]
	at org.apache.tomcat.util.net.SocketProcessorBase.run(SocketProcessorBase.java:52) ~[tomcat-embed-core-10.1.20.jar:10.1.20]
	at org.apache.tomcat.util.threads.ThreadPoolExecutor.runWorker(ThreadPoolExecutor.java:1191) ~[tomcat-embed-core-10.1.20.jar:10.1.20]
	at org.apache.tomcat.util.threads.ThreadPoolExecutor$Worker.run(ThreadPoolExecutor.java:659) ~[tomcat-embed-core-10.1.20.jar:10.1.20]
	at org.apache.tomcat.util.threads.TaskThread$WrappingRunnable.run(TaskThread.java:63) ~[tomcat-embed-core-10.1.20.jar:10.1.20]
	at java.base/java.lang.Thread.run(Thread.java:1583) ~[na:na]

2026-05-06T11:11:18.117+05:30 DEBUG 14212 --- [Smart-Interview-Prep-Platform] [http-nio-8080-exec-8] o.s.security.web.FilterChainProxy        : Securing POST /error
2026-05-06T11:11:18.119+05:30 DEBUG 14212 --- [Smart-Interview-Prep-Platform] [http-nio-8080-exec-8] o.s.s.w.a.AnonymousAuthenticationFilter  : Set SecurityContextHolder to anonymous SecurityContext
2026-05-06T11:11:18.120+05:30 DEBUG 14212 --- [Smart-Interview-Prep-Platform] [http-nio-8080-exec-8] o.s.s.w.a.Http403ForbiddenEntryPoint     : Pre-authenticated entry point called. Rejecting access
2026-05-06T11:11:46.177+05:30 DEBUG 14212 --- [Smart-Interview-Prep-Platform] [http-nio-8080-exec-7] o.s.security.web.FilterChainProxy        : Securing POST /api/user/quiz/start
2026-05-06T11:11:46.180+05:30  INFO 14212 --- [Smart-Interview-Prep-Platform] [http-nio-8080-exec-7] c.S.I.P.Platform.security.JwtAuthFilter  : JWT Filter Bearer eyJhbGciOiJIUzI1NiJ9.eyJzdWIiOiJzYW1tQGdtYWlsLmNvbSIsInJvbGUiOiJVU0VSIiwiaWF0IjoxNzc4MDQ1OTA2LCJleHAiOjE3NzgxMzIzMDZ9.CEojhqZnUT0e6sTGUaX970UpyzV5W5H1b10uocsSBtk
2026-05-06T11:11:46.181+05:30  INFO 14212 --- [Smart-Interview-Prep-Platform] [http-nio-8080-exec-7] c.S.I.P.Platform.security.JwtAuthFilter  : Token eyJhbGciOiJIUzI1NiJ9.eyJzdWIiOiJzYW1tQGdtYWlsLmNvbSIsInJvbGUiOiJVU0VSIiwiaWF0IjoxNzc4MDQ1OTA2LCJleHAiOjE3NzgxMzIzMDZ9.CEojhqZnUT0e6sTGUaX970UpyzV5W5H1b10uocsSBtk
2026-05-06T11:11:46.196+05:30  INFO 14212 --- [Smart-Interview-Prep-Platform] [http-nio-8080-exec-7] c.S.I.P.Platform.security.JwtAuthFilter  : Token Filter email samm@gmail.com
2026-05-06T11:11:46.196+05:30  INFO 14212 --- [Smart-Interview-Prep-Platform] [http-nio-8080-exec-7] c.S.I.P.Platform.security.JwtAuthFilter  : Token Filter auth UsernamePasswordAuthenticationToken [Principal=samm@gmail.com, Credentials=[PROTECTED], Authenticated=true, Details=null, Granted Authorities=[ROLE_USER]]
2026-05-06T11:11:46.196+05:30 DEBUG 14212 --- [Smart-Interview-Prep-Platform] [http-nio-8080-exec-7] o.s.security.web.FilterChainProxy        : Secured POST /api/user/quiz/start
2026-05-06T11:11:46.208+05:30  INFO 14212 --- [Smart-Interview-Prep-Platform] [http-nio-8080-exec-7] c.S.I.Prep.Platform.service.QuizService  : Questions
2026-05-06T11:11:46.238+05:30 ERROR 14212 --- [Smart-Interview-Prep-Platform] [http-nio-8080-exec-7] o.a.c.c.C.[.[.[/].[dispatcherServlet]    : Servlet.service() for servlet [dispatcherServlet] in context with path [] threw exception [Request processing failed: java.lang.NullPointerException] with root cause

java.lang.NullPointerException: null
	at java.base/java.util.Objects.requireNonNull(Objects.java:233) ~[na:na]
	at java.base/java.util.ImmutableCollections.listFromTrustedArray(ImmutableCollections.java:215) ~[na:na]
	at java.base/java.util.List.of(List.java:991) ~[na:na]
	at com.Smart.Interview.Prep.Platform.service.QuizService.mapToDTO(QuizService.java:98) ~[classes/:na]
	at com.Smart.Interview.Prep.Platform.service.QuizService.lambda$startQuiz$0(QuizService.java:44) ~[classes/:na]
	at java.base/java.util.stream.ReferencePipeline$3$1.accept(ReferencePipeline.java:197) ~[na:na]
	at java.base/java.util.ArrayList$ArrayListSpliterator.forEachRemaining(ArrayList.java:1708) ~[na:na]
	at java.base/java.util.stream.AbstractPipeline.copyInto(AbstractPipeline.java:509) ~[na:na]
	at java.base/java.util.stream.AbstractPipeline.wrapAndCopyInto(AbstractPipeline.java:499) ~[na:na]
	at java.base/java.util.stream.AbstractPipeline.evaluate(AbstractPipeline.java:575) ~[na:na]
	at java.base/java.util.stream.AbstractPipeline.evaluateToArrayNode(AbstractPipeline.java:260) ~[na:na]
	at java.base/java.util.stream.ReferencePipeline.toArray(ReferencePipeline.java:616) ~[na:na]
	at java.base/java.util.stream.ReferencePipeline.toArray(ReferencePipeline.java:622) ~[na:na]
	at java.base/java.util.stream.ReferencePipeline.toList(ReferencePipeline.java:627) ~[na:na]
	at com.Smart.Interview.Prep.Platform.service.QuizService.startQuiz(QuizService.java:45) ~[classes/:na]
	at com.Smart.Interview.Prep.Platform.controller.QuizController.startQuiz(QuizController.java:29) ~[classes/:na]
	at java.base/jdk.internal.reflect.DirectMethodHandleAccessor.invoke(DirectMethodHandleAccessor.java:103) ~[na:na]
	at java.base/java.lang.reflect.Method.invoke(Method.java:580) ~[na:na]
	at org.springframework.web.method.support.InvocableHandlerMethod.doInvoke(InvocableHandlerMethod.java:255) ~[spring-web-6.1.6.jar:6.1.6]
	at org.springframework.web.method.support.InvocableHandlerMethod.invokeForRequest(InvocableHandlerMethod.java:188) ~[spring-web-6.1.6.jar:6.1.6]
	at org.springframework.web.servlet.mvc.method.annotation.ServletInvocableHandlerMethod.invokeAndHandle(ServletInvocableHandlerMethod.java:118) ~[spring-webmvc-6.1.6.jar:6.1.6]
	at org.springframework.web.servlet.mvc.method.annotation.RequestMappingHandlerAdapter.invokeHandlerMethod(RequestMappingHandlerAdapter.java:926) ~[spring-webmvc-6.1.6.jar:6.1.6]
	at org.springframework.web.servlet.mvc.method.annotation.RequestMappingHandlerAdapter.handleInternal(RequestMappingHandlerAdapter.java:831) ~[spring-webmvc-6.1.6.jar:6.1.6]
	at org.springframework.web.servlet.mvc.method.AbstractHandlerMethodAdapter.handle(AbstractHandlerMethodAdapter.java:87) ~[spring-webmvc-6.1.6.jar:6.1.6]
	at org.springframework.web.servlet.DispatcherServlet.doDispatch(DispatcherServlet.java:1089) ~[spring-webmvc-6.1.6.jar:6.1.6]
	at org.springframework.web.servlet.DispatcherServlet.doService(DispatcherServlet.java:979) ~[spring-webmvc-6.1.6.jar:6.1.6]
	at org.springframework.web.servlet.FrameworkServlet.processRequest(FrameworkServlet.java:1014) ~[spring-webmvc-6.1.6.jar:6.1.6]
	at org.springframework.web.servlet.FrameworkServlet.doPost(FrameworkServlet.java:914) ~[spring-webmvc-6.1.6.jar:6.1.6]
	at jakarta.servlet.http.HttpServlet.service(HttpServlet.java:590) ~[tomcat-embed-core-10.1.20.jar:6.0]
	at org.springframework.web.servlet.FrameworkServlet.service(FrameworkServlet.java:885) ~[spring-webmvc-6.1.6.jar:6.1.6]
	at jakarta.servlet.http.HttpServlet.service(HttpServlet.java:658) ~[tomcat-embed-core-10.1.20.jar:6.0]
	at org.apache.catalina.core.ApplicationFilterChain.internalDoFilter(ApplicationFilterChain.java:206) ~[tomcat-embed-core-10.1.20.jar:10.1.20]
	at org.apache.catalina.core.ApplicationFilterChain.doFilter(ApplicationFilterChain.java:150) ~[tomcat-embed-core-10.1.20.jar:10.1.20]
	at org.apache.tomcat.websocket.server.WsFilter.doFilter(WsFilter.java:51) ~[tomcat-embed-websocket-10.1.20.jar:10.1.20]
	at org.apache.catalina.core.ApplicationFilterChain.internalDoFilter(ApplicationFilterChain.java:175) ~[tomcat-embed-core-10.1.20.jar:10.1.20]
	at org.apache.catalina.core.ApplicationFilterChain.doFilter(ApplicationFilterChain.java:150) ~[tomcat-embed-core-10.1.20.jar:10.1.20]
	at org.springframework.web.filter.OncePerRequestFilter.doFilter(OncePerRequestFilter.java:110) ~[spring-web-6.1.6.jar:6.1.6]
	at org.apache.catalina.core.ApplicationFilterChain.internalDoFilter(ApplicationFilterChain.java:175) ~[tomcat-embed-core-10.1.20.jar:10.1.20]
	at org.apache.catalina.core.ApplicationFilterChain.doFilter(ApplicationFilterChain.java:150) ~[tomcat-embed-core-10.1.20.jar:10.1.20]
	at org.springframework.web.filter.CompositeFilter$VirtualFilterChain.doFilter(CompositeFilter.java:108) ~[spring-web-6.1.6.jar:6.1.6]
	at org.springframework.security.web.FilterChainProxy.lambda$doFilterInternal$3(FilterChainProxy.java:231) ~[spring-security-web-6.2.4.jar:6.2.4]
	at org.springframework.security.web.FilterChainProxy$VirtualFilterChain.doFilter(FilterChainProxy.java:365) ~[spring-security-web-6.2.4.jar:6.2.4]
	at org.springframework.security.web.access.intercept.AuthorizationFilter.doFilter(AuthorizationFilter.java:100) ~[spring-security-web-6.2.4.jar:6.2.4]
	at org.springframework.security.web.FilterChainProxy$VirtualFilterChain.doFilter(FilterChainProxy.java:374) ~[spring-security-web-6.2.4.jar:6.2.4]
	at org.springframework.security.web.access.ExceptionTranslationFilter.doFilter(ExceptionTranslationFilter.java:126) ~[spring-security-web-6.2.4.jar:6.2.4]
	at org.springframework.security.web.access.ExceptionTranslationFilter.doFilter(ExceptionTranslationFilter.java:120) ~[spring-security-web-6.2.4.jar:6.2.4]
	at org.springframework.security.web.FilterChainProxy$VirtualFilterChain.doFilter(FilterChainProxy.java:374) ~[spring-security-web-6.2.4.jar:6.2.4]
	at org.springframework.security.web.session.SessionManagementFilter.doFilter(SessionManagementFilter.java:131) ~[spring-security-web-6.2.4.jar:6.2.4]
	at org.springframework.security.web.session.SessionManagementFilter.doFilter(SessionManagementFilter.java:85) ~[spring-security-web-6.2.4.jar:6.2.4]
	at org.springframework.security.web.FilterChainProxy$VirtualFilterChain.doFilter(FilterChainProxy.java:374) ~[spring-security-web-6.2.4.jar:6.2.4]
	at org.springframework.security.web.authentication.AnonymousAuthenticationFilter.doFilter(AnonymousAuthenticationFilter.java:100) ~[spring-security-web-6.2.4.jar:6.2.4]
	at org.springframework.security.web.FilterChainProxy$VirtualFilterChain.doFilter(FilterChainProxy.java:374) ~[spring-security-web-6.2.4.jar:6.2.4]
	at org.springframework.security.web.servletapi.SecurityContextHolderAwareRequestFilter.doFilter(SecurityContextHolderAwareRequestFilter.java:179) ~[spring-security-web-6.2.4.jar:6.2.4]
	at org.springframework.security.web.FilterChainProxy$VirtualFilterChain.doFilter(FilterChainProxy.java:374) ~[spring-security-web-6.2.4.jar:6.2.4]
	at org.springframework.security.web.savedrequest.RequestCacheAwareFilter.doFilter(RequestCacheAwareFilter.java:63) ~[spring-security-web-6.2.4.jar:6.2.4]
	at org.springframework.security.web.FilterChainProxy$VirtualFilterChain.doFilter(FilterChainProxy.java:374) ~[spring-security-web-6.2.4.jar:6.2.4]
	at com.Smart.Interview.Prep.Platform.security.JwtAuthFilter.doFilterInternal(JwtAuthFilter.java:68) ~[classes/:na]
	at org.springframework.web.filter.OncePerRequestFilter.doFilter(OncePerRequestFilter.java:116) ~[spring-web-6.1.6.jar:6.1.6]
	at org.springframework.security.web.FilterChainProxy$VirtualFilterChain.doFilter(FilterChainProxy.java:374) ~[spring-security-web-6.2.4.jar:6.2.4]
	at org.springframework.security.web.authentication.logout.LogoutFilter.doFilter(LogoutFilter.java:107) ~[spring-security-web-6.2.4.jar:6.2.4]
	at org.springframework.security.web.authentication.logout.LogoutFilter.doFilter(LogoutFilter.java:93) ~[spring-security-web-6.2.4.jar:6.2.4]
	at org.springframework.security.web.FilterChainProxy$VirtualFilterChain.doFilter(FilterChainProxy.java:374) ~[spring-security-web-6.2.4.jar:6.2.4]
	at org.springframework.web.filter.CorsFilter.doFilterInternal(CorsFilter.java:91) ~[spring-web-6.1.6.jar:6.1.6]
	at org.springframework.web.filter.OncePerRequestFilter.doFilter(OncePerRequestFilter.java:116) ~[spring-web-6.1.6.jar:6.1.6]
	at org.springframework.security.web.FilterChainProxy$VirtualFilterChain.doFilter(FilterChainProxy.java:374) ~[spring-security-web-6.2.4.jar:6.2.4]
	at org.springframework.security.web.header.HeaderWriterFilter.doHeadersAfter(HeaderWriterFilter.java:90) ~[spring-security-web-6.2.4.jar:6.2.4]
	at org.springframework.security.web.header.HeaderWriterFilter.doFilterInternal(HeaderWriterFilter.java:75) ~[spring-security-web-6.2.4.jar:6.2.4]
	at org.springframework.web.filter.OncePerRequestFilter.doFilter(OncePerRequestFilter.java:116) ~[spring-web-6.1.6.jar:6.1.6]
	at org.springframework.security.web.FilterChainProxy$VirtualFilterChain.doFilter(FilterChainProxy.java:374) ~[spring-security-web-6.2.4.jar:6.2.4]
	at org.springframework.security.web.context.SecurityContextHolderFilter.doFilter(SecurityContextHolderFilter.java:82) ~[spring-security-web-6.2.4.jar:6.2.4]
	at org.springframework.security.web.context.SecurityContextHolderFilter.doFilter(SecurityContextHolderFilter.java:69) ~[spring-security-web-6.2.4.jar:6.2.4]
	at org.springframework.security.web.FilterChainProxy$VirtualFilterChain.doFilter(FilterChainProxy.java:374) ~[spring-security-web-6.2.4.jar:6.2.4]
	at org.springframework.security.web.context.request.async.WebAsyncManagerIntegrationFilter.doFilterInternal(WebAsyncManagerIntegrationFilter.java:62) ~[spring-security-web-6.2.4.jar:6.2.4]
	at org.springframework.web.filter.OncePerRequestFilter.doFilter(OncePerRequestFilter.java:116) ~[spring-web-6.1.6.jar:6.1.6]
	at org.springframework.security.web.FilterChainProxy$VirtualFilterChain.doFilter(FilterChainProxy.java:374) ~[spring-security-web-6.2.4.jar:6.2.4]
	at org.springframework.security.web.session.DisableEncodeUrlFilter.doFilterInternal(DisableEncodeUrlFilter.java:42) ~[spring-security-web-6.2.4.jar:6.2.4]
	at org.springframework.web.filter.OncePerRequestFilter.doFilter(OncePerRequestFilter.java:116) ~[spring-web-6.1.6.jar:6.1.6]
	at org.springframework.security.web.FilterChainProxy$VirtualFilterChain.doFilter(FilterChainProxy.java:374) ~[spring-security-web-6.2.4.jar:6.2.4]
	at org.springframework.security.web.FilterChainProxy.doFilterInternal(FilterChainProxy.java:233) ~[spring-security-web-6.2.4.jar:6.2.4]
	at org.springframework.security.web.FilterChainProxy.doFilter(FilterChainProxy.java:191) ~[spring-security-web-6.2.4.jar:6.2.4]
	at org.springframework.web.filter.CompositeFilter$VirtualFilterChain.doFilter(CompositeFilter.java:113) ~[spring-web-6.1.6.jar:6.1.6]
	at org.springframework.web.servlet.handler.HandlerMappingIntrospector.lambda$createCacheFilter$3(HandlerMappingIntrospector.java:195) ~[spring-webmvc-6.1.6.jar:6.1.6]
	at org.springframework.web.filter.CompositeFilter$VirtualFilterChain.doFilter(CompositeFilter.java:113) ~[spring-web-6.1.6.jar:6.1.6]
	at org.springframework.web.filter.CompositeFilter.doFilter(CompositeFilter.java:74) ~[spring-web-6.1.6.jar:6.1.6]
	at org.springframework.security.config.annotation.web.configuration.WebMvcSecurityConfiguration$CompositeFilterChainProxy.doFilter(WebMvcSecurityConfiguration.java:230) ~[spring-security-config-6.2.4.jar:6.2.4]
	at org.springframework.web.filter.DelegatingFilterProxy.invokeDelegate(DelegatingFilterProxy.java:352) ~[spring-web-6.1.6.jar:6.1.6]
	at org.springframework.web.filter.DelegatingFilterProxy.doFilter(DelegatingFilterProxy.java:268) ~[spring-web-6.1.6.jar:6.1.6]
	at org.apache.catalina.core.ApplicationFilterChain.internalDoFilter(ApplicationFilterChain.java:175) ~[tomcat-embed-core-10.1.20.jar:10.1.20]
	at org.apache.catalina.core.ApplicationFilterChain.doFilter(ApplicationFilterChain.java:150) ~[tomcat-embed-core-10.1.20.jar:10.1.20]
	at org.springframework.web.filter.RequestContextFilter.doFilterInternal(RequestContextFilter.java:100) ~[spring-web-6.1.6.jar:6.1.6]
	at org.springframework.web.filter.OncePerRequestFilter.doFilter(OncePerRequestFilter.java:116) ~[spring-web-6.1.6.jar:6.1.6]
	at org.apache.catalina.core.ApplicationFilterChain.internalDoFilter(ApplicationFilterChain.java:175) ~[tomcat-embed-core-10.1.20.jar:10.1.20]
	at org.apache.catalina.core.ApplicationFilterChain.doFilter(ApplicationFilterChain.java:150) ~[tomcat-embed-core-10.1.20.jar:10.1.20]
	at org.springframework.web.filter.FormContentFilter.doFilterInternal(FormContentFilter.java:93) ~[spring-web-6.1.6.jar:6.1.6]
	at org.springframework.web.filter.OncePerRequestFilter.doFilter(OncePerRequestFilter.java:116) ~[spring-web-6.1.6.jar:6.1.6]
	at org.apache.catalina.core.ApplicationFilterChain.internalDoFilter(ApplicationFilterChain.java:175) ~[tomcat-embed-core-10.1.20.jar:10.1.20]
	at org.apache.catalina.core.ApplicationFilterChain.doFilter(ApplicationFilterChain.java:150) ~[tomcat-embed-core-10.1.20.jar:10.1.20]
	at org.springframework.web.filter.CharacterEncodingFilter.doFilterInternal(CharacterEncodingFilter.java:201) ~[spring-web-6.1.6.jar:6.1.6]
	at org.springframework.web.filter.OncePerRequestFilter.doFilter(OncePerRequestFilter.java:116) ~[spring-web-6.1.6.jar:6.1.6]
	at org.apache.catalina.core.ApplicationFilterChain.internalDoFilter(ApplicationFilterChain.java:175) ~[tomcat-embed-core-10.1.20.jar:10.1.20]
	at org.apache.catalina.core.ApplicationFilterChain.doFilter(ApplicationFilterChain.java:150) ~[tomcat-embed-core-10.1.20.jar:10.1.20]
	at org.apache.catalina.core.StandardWrapperValve.invoke(StandardWrapperValve.java:167) ~[tomcat-embed-core-10.1.20.jar:10.1.20]
	at org.apache.catalina.core.StandardContextValve.invoke(StandardContextValve.java:90) ~[tomcat-embed-core-10.1.20.jar:10.1.20]
	at org.apache.catalina.authenticator.AuthenticatorBase.invoke(AuthenticatorBase.java:482) ~[tomcat-embed-core-10.1.20.jar:10.1.20]
	at org.apache.catalina.core.StandardHostValve.invoke(StandardHostValve.java:115) ~[tomcat-embed-core-10.1.20.jar:10.1.20]
	at org.apache.catalina.valves.ErrorReportValve.invoke(ErrorReportValve.java:93) ~[tomcat-embed-core-10.1.20.jar:10.1.20]
	at org.apache.catalina.core.StandardEngineValve.invoke(StandardEngineValve.java:74) ~[tomcat-embed-core-10.1.20.jar:10.1.20]
	at org.apache.catalina.connector.CoyoteAdapter.service(CoyoteAdapter.java:344) ~[tomcat-embed-core-10.1.20.jar:10.1.20]
	at org.apache.coyote.http11.Http11Processor.service(Http11Processor.java:391) ~[tomcat-embed-core-10.1.20.jar:10.1.20]
	at org.apache.coyote.AbstractProcessorLight.process(AbstractProcessorLight.java:63) ~[tomcat-embed-core-10.1.20.jar:10.1.20]
	at org.apache.coyote.AbstractProtocol$ConnectionHandler.process(AbstractProtocol.java:896) ~[tomcat-embed-core-10.1.20.jar:10.1.20]
	at org.apache.tomcat.util.net.NioEndpoint$SocketProcessor.doRun(NioEndpoint.java:1736) ~[tomcat-embed-core-10.1.20.jar:10.1.20]
	at org.apache.tomcat.util.net.SocketProcessorBase.run(SocketProcessorBase.java:52) ~[tomcat-embed-core-10.1.20.jar:10.1.20]
	at org.apache.tomcat.util.threads.ThreadPoolExecutor.runWorker(ThreadPoolExecutor.java:1191) ~[tomcat-embed-core-10.1.20.jar:10.1.20]
	at org.apache.tomcat.util.threads.ThreadPoolExecutor$Worker.run(ThreadPoolExecutor.java:659) ~[tomcat-embed-core-10.1.20.jar:10.1.20]
	at org.apache.tomcat.util.threads.TaskThread$WrappingRunnable.run(TaskThread.java:63) ~[tomcat-embed-core-10.1.20.jar:10.1.20]
	at java.base/java.lang.Thread.run(Thread.java:1583) ~[na:na]

2026-05-06T11:11:46.243+05:30 DEBUG 14212 --- [Smart-Interview-Prep-Platform] [http-nio-8080-exec-7] o.s.security.web.FilterChainProxy        : Securing POST /error
2026-05-06T11:11:46.244+05:30 DEBUG 14212 --- [Smart-Interview-Prep-Platform] [http-nio-8080-exec-7] o.s.s.w.a.AnonymousAuthenticationFilter  : Set SecurityContextHolder to anonymous SecurityContext
2026-05-06T11:11:46.244+05:30 DEBUG 14212 --- [Smart-Interview-Prep-Platform] [http-nio-8080-exec-7] o.s.s.w.a.Http403ForbiddenEntryPoint     : Pre-authenticated entry point called. Rejecting access
2026-05-06T11:11:57.542+05:30 DEBUG 14212 --- [Smart-Interview-Prep-Platform] [http-nio-8080-exec-10] o.s.security.web.FilterChainProxy        : Securing GET /api/user/profile
2026-05-06T11:11:57.546+05:30  INFO 14212 --- [Smart-Interview-Prep-Platform] [http-nio-8080-exec-10] c.S.I.P.Platform.security.JwtAuthFilter  : JWT Filter Bearer eyJhbGciOiJIUzI1NiJ9.eyJzdWIiOiJzYW1tQGdtYWlsLmNvbSIsInJvbGUiOiJVU0VSIiwiaWF0IjoxNzc4MDQ1OTA2LCJleHAiOjE3NzgxMzIzMDZ9.CEojhqZnUT0e6sTGUaX970UpyzV5W5H1b10uocsSBtk
2026-05-06T11:11:57.549+05:30  INFO 14212 --- [Smart-Interview-Prep-Platform] [http-nio-8080-exec-10] c.S.I.P.Platform.security.JwtAuthFilter  : Token eyJhbGciOiJIUzI1NiJ9.eyJzdWIiOiJzYW1tQGdtYWlsLmNvbSIsInJvbGUiOiJVU0VSIiwiaWF0IjoxNzc4MDQ1OTA2LCJleHAiOjE3NzgxMzIzMDZ9.CEojhqZnUT0e6sTGUaX970UpyzV5W5H1b10uocsSBtk
2026-05-06T11:11:57.561+05:30  INFO 14212 --- [Smart-Interview-Prep-Platform] [http-nio-8080-exec-10] c.S.I.P.Platform.security.JwtAuthFilter  : Token Filter email samm@gmail.com
2026-05-06T11:11:57.561+05:30  INFO 14212 --- [Smart-Interview-Prep-Platform] [http-nio-8080-exec-10] c.S.I.P.Platform.security.JwtAuthFilter  : Token Filter auth UsernamePasswordAuthenticationToken [Principal=samm@gmail.com, Credentials=[PROTECTED], Authenticated=true, Details=null, Granted Authorities=[ROLE_USER]]
2026-05-06T11:11:57.562+05:30 DEBUG 14212 --- [Smart-Interview-Prep-Platform] [http-nio-8080-exec-10] o.s.security.web.FilterChainProxy        : Secured GET /api/user/profile
2026-05-06T11:11:57.568+05:30  INFO 14212 --- [Smart-Interview-Prep-Platform] [http-nio-8080-exec-10] c.S.I.P.P.c.UserProfileController        : User Profile
2026-05-06T11:11:57.569+05:30  INFO 14212 --- [Smart-Interview-Prep-Platform] [http-nio-8080-exec-10] c.S.I.P.P.c.UserProfileController        : Current User
2026-05-06T11:12:47.896+05:30 DEBUG 14212 --- [Smart-Interview-Prep-Platform] [http-nio-8080-exec-9] o.s.security.web.FilterChainProxy        : Securing POST /api/user/quiz/start
2026-05-06T11:12:47.906+05:30  INFO 14212 --- [Smart-Interview-Prep-Platform] [http-nio-8080-exec-9] c.S.I.P.Platform.security.JwtAuthFilter  : JWT Filter Bearer eyJhbGciOiJIUzI1NiJ9.eyJzdWIiOiJzYW1tQGdtYWlsLmNvbSIsInJvbGUiOiJVU0VSIiwiaWF0IjoxNzc4MDQ1OTA2LCJleHAiOjE3NzgxMzIzMDZ9.CEojhqZnUT0e6sTGUaX970UpyzV5W5H1b10uocsSBtk
2026-05-06T11:12:47.906+05:30  INFO 14212 --- [Smart-Interview-Prep-Platform] [http-nio-8080-exec-9] c.S.I.P.Platform.security.JwtAuthFilter  : Token eyJhbGciOiJIUzI1NiJ9.eyJzdWIiOiJzYW1tQGdtYWlsLmNvbSIsInJvbGUiOiJVU0VSIiwiaWF0IjoxNzc4MDQ1OTA2LCJleHAiOjE3NzgxMzIzMDZ9.CEojhqZnUT0e6sTGUaX970UpyzV5W5H1b10uocsSBtk
2026-05-06T11:12:47.928+05:30  INFO 14212 --- [Smart-Interview-Prep-Platform] [http-nio-8080-exec-9] c.S.I.P.Platform.security.JwtAuthFilter  : Token Filter email samm@gmail.com
2026-05-06T11:12:47.929+05:30  INFO 14212 --- [Smart-Interview-Prep-Platform] [http-nio-8080-exec-9] c.S.I.P.Platform.security.JwtAuthFilter  : Token Filter auth UsernamePasswordAuthenticationToken [Principal=samm@gmail.com, Credentials=[PROTECTED], Authenticated=true, Details=null, Granted Authorities=[ROLE_USER]]
2026-05-06T11:12:47.936+05:30 DEBUG 14212 --- [Smart-Interview-Prep-Platform] [http-nio-8080-exec-9] o.s.security.web.FilterChainProxy        : Secured POST /api/user/quiz/start
2026-05-06T11:12:47.993+05:30  INFO 14212 --- [Smart-Interview-Prep-Platform] [http-nio-8080-exec-9] c.S.I.Prep.Platform.service.QuizService  : Questions
2026-05-06T11:12:48.020+05:30 ERROR 14212 --- [Smart-Interview-Prep-Platform] [http-nio-8080-exec-9] o.a.c.c.C.[.[.[/].[dispatcherServlet]    : Servlet.service() for servlet [dispatcherServlet] in context with path [] threw exception [Request processing failed: java.lang.NullPointerException] with root cause

java.lang.NullPointerException: null
	at java.base/java.util.Objects.requireNonNull(Objects.java:233) ~[na:na]
	at java.base/java.util.ImmutableCollections.listFromTrustedArray(ImmutableCollections.java:215) ~[na:na]
	at java.base/java.util.List.of(List.java:991) ~[na:na]
	at com.Smart.Interview.Prep.Platform.service.QuizService.mapToDTO(QuizService.java:98) ~[classes/:na]
	at com.Smart.Interview.Prep.Platform.service.QuizService.lambda$startQuiz$0(QuizService.java:44) ~[classes/:na]
	at java.base/java.util.stream.ReferencePipeline$3$1.accept(ReferencePipeline.java:197) ~[na:na]
	at java.base/java.util.ArrayList$ArrayListSpliterator.forEachRemaining(ArrayList.java:1708) ~[na:na]
	at java.base/java.util.stream.AbstractPipeline.copyInto(AbstractPipeline.java:509) ~[na:na]
	at java.base/java.util.stream.AbstractPipeline.wrapAndCopyInto(AbstractPipeline.java:499) ~[na:na]
	at java.base/java.util.stream.AbstractPipeline.evaluate(AbstractPipeline.java:575) ~[na:na]
	at java.base/java.util.stream.AbstractPipeline.evaluateToArrayNode(AbstractPipeline.java:260) ~[na:na]
	at java.base/java.util.stream.ReferencePipeline.toArray(ReferencePipeline.java:616) ~[na:na]
	at java.base/java.util.stream.ReferencePipeline.toArray(ReferencePipeline.java:622) ~[na:na]
	at java.base/java.util.stream.ReferencePipeline.toList(ReferencePipeline.java:627) ~[na:na]
	at com.Smart.Interview.Prep.Platform.service.QuizService.startQuiz(QuizService.java:45) ~[classes/:na]
	at com.Smart.Interview.Prep.Platform.controller.QuizController.startQuiz(QuizController.java:29) ~[classes/:na]
	at java.base/jdk.internal.reflect.DirectMethodHandleAccessor.invoke(DirectMethodHandleAccessor.java:103) ~[na:na]
	at java.base/java.lang.reflect.Method.invoke(Method.java:580) ~[na:na]
	at org.springframework.web.method.support.InvocableHandlerMethod.doInvoke(InvocableHandlerMethod.java:255) ~[spring-web-6.1.6.jar:6.1.6]
	at org.springframework.web.method.support.InvocableHandlerMethod.invokeForRequest(InvocableHandlerMethod.java:188) ~[spring-web-6.1.6.jar:6.1.6]
	at org.springframework.web.servlet.mvc.method.annotation.ServletInvocableHandlerMethod.invokeAndHandle(ServletInvocableHandlerMethod.java:118) ~[spring-webmvc-6.1.6.jar:6.1.6]
	at org.springframework.web.servlet.mvc.method.annotation.RequestMappingHandlerAdapter.invokeHandlerMethod(RequestMappingHandlerAdapter.java:926) ~[spring-webmvc-6.1.6.jar:6.1.6]
	at org.springframework.web.servlet.mvc.method.annotation.RequestMappingHandlerAdapter.handleInternal(RequestMappingHandlerAdapter.java:831) ~[spring-webmvc-6.1.6.jar:6.1.6]
	at org.springframework.web.servlet.mvc.method.AbstractHandlerMethodAdapter.handle(AbstractHandlerMethodAdapter.java:87) ~[spring-webmvc-6.1.6.jar:6.1.6]
	at org.springframework.web.servlet.DispatcherServlet.doDispatch(DispatcherServlet.java:1089) ~[spring-webmvc-6.1.6.jar:6.1.6]
	at org.springframework.web.servlet.DispatcherServlet.doService(DispatcherServlet.java:979) ~[spring-webmvc-6.1.6.jar:6.1.6]
	at org.springframework.web.servlet.FrameworkServlet.processRequest(FrameworkServlet.java:1014) ~[spring-webmvc-6.1.6.jar:6.1.6]
	at org.springframework.web.servlet.FrameworkServlet.doPost(FrameworkServlet.java:914) ~[spring-webmvc-6.1.6.jar:6.1.6]
	at jakarta.servlet.http.HttpServlet.service(HttpServlet.java:590) ~[tomcat-embed-core-10.1.20.jar:6.0]
	at org.springframework.web.servlet.FrameworkServlet.service(FrameworkServlet.java:885) ~[spring-webmvc-6.1.6.jar:6.1.6]
	at jakarta.servlet.http.HttpServlet.service(HttpServlet.java:658) ~[tomcat-embed-core-10.1.20.jar:6.0]
	at org.apache.catalina.core.ApplicationFilterChain.internalDoFilter(ApplicationFilterChain.java:206) ~[tomcat-embed-core-10.1.20.jar:10.1.20]
	at org.apache.catalina.core.ApplicationFilterChain.doFilter(ApplicationFilterChain.java:150) ~[tomcat-embed-core-10.1.20.jar:10.1.20]
	at org.apache.tomcat.websocket.server.WsFilter.doFilter(WsFilter.java:51) ~[tomcat-embed-websocket-10.1.20.jar:10.1.20]
	at org.apache.catalina.core.ApplicationFilterChain.internalDoFilter(ApplicationFilterChain.java:175) ~[tomcat-embed-core-10.1.20.jar:10.1.20]
	at org.apache.catalina.core.ApplicationFilterChain.doFilter(ApplicationFilterChain.java:150) ~[tomcat-embed-core-10.1.20.jar:10.1.20]
	at org.springframework.web.filter.OncePerRequestFilter.doFilter(OncePerRequestFilter.java:110) ~[spring-web-6.1.6.jar:6.1.6]
	at org.apache.catalina.core.ApplicationFilterChain.internalDoFilter(ApplicationFilterChain.java:175) ~[tomcat-embed-core-10.1.20.jar:10.1.20]
	at org.apache.catalina.core.ApplicationFilterChain.doFilter(ApplicationFilterChain.java:150) ~[tomcat-embed-core-10.1.20.jar:10.1.20]
	at org.springframework.web.filter.CompositeFilter$VirtualFilterChain.doFilter(CompositeFilter.java:108) ~[spring-web-6.1.6.jar:6.1.6]
	at org.springframework.security.web.FilterChainProxy.lambda$doFilterInternal$3(FilterChainProxy.java:231) ~[spring-security-web-6.2.4.jar:6.2.4]
	at org.springframework.security.web.FilterChainProxy$VirtualFilterChain.doFilter(FilterChainProxy.java:365) ~[spring-security-web-6.2.4.jar:6.2.4]
	at org.springframework.security.web.access.intercept.AuthorizationFilter.doFilter(AuthorizationFilter.java:100) ~[spring-security-web-6.2.4.jar:6.2.4]
	at org.springframework.security.web.FilterChainProxy$VirtualFilterChain.doFilter(FilterChainProxy.java:374) ~[spring-security-web-6.2.4.jar:6.2.4]
	at org.springframework.security.web.access.ExceptionTranslationFilter.doFilter(ExceptionTranslationFilter.java:126) ~[spring-security-web-6.2.4.jar:6.2.4]
	at org.springframework.security.web.access.ExceptionTranslationFilter.doFilter(ExceptionTranslationFilter.java:120) ~[spring-security-web-6.2.4.jar:6.2.4]
	at org.springframework.security.web.FilterChainProxy$VirtualFilterChain.doFilter(FilterChainProxy.java:374) ~[spring-security-web-6.2.4.jar:6.2.4]
	at org.springframework.security.web.session.SessionManagementFilter.doFilter(SessionManagementFilter.java:131) ~[spring-security-web-6.2.4.jar:6.2.4]
	at org.springframework.security.web.session.SessionManagementFilter.doFilter(SessionManagementFilter.java:85) ~[spring-security-web-6.2.4.jar:6.2.4]
	at org.springframework.security.web.FilterChainProxy$VirtualFilterChain.doFilter(FilterChainProxy.java:374) ~[spring-security-web-6.2.4.jar:6.2.4]
	at org.springframework.security.web.authentication.AnonymousAuthenticationFilter.doFilter(AnonymousAuthenticationFilter.java:100) ~[spring-security-web-6.2.4.jar:6.2.4]
	at org.springframework.security.web.FilterChainProxy$VirtualFilterChain.doFilter(FilterChainProxy.java:374) ~[spring-security-web-6.2.4.jar:6.2.4]
	at org.springframework.security.web.servletapi.SecurityContextHolderAwareRequestFilter.doFilter(SecurityContextHolderAwareRequestFilter.java:179) ~[spring-security-web-6.2.4.jar:6.2.4]
	at org.springframework.security.web.FilterChainProxy$VirtualFilterChain.doFilter(FilterChainProxy.java:374) ~[spring-security-web-6.2.4.jar:6.2.4]
	at org.springframework.security.web.savedrequest.RequestCacheAwareFilter.doFilter(RequestCacheAwareFilter.java:63) ~[spring-security-web-6.2.4.jar:6.2.4]
	at org.springframework.security.web.FilterChainProxy$VirtualFilterChain.doFilter(FilterChainProxy.java:374) ~[spring-security-web-6.2.4.jar:6.2.4]
	at com.Smart.Interview.Prep.Platform.security.JwtAuthFilter.doFilterInternal(JwtAuthFilter.java:68) ~[classes/:na]
	at org.springframework.web.filter.OncePerRequestFilter.doFilter(OncePerRequestFilter.java:116) ~[spring-web-6.1.6.jar:6.1.6]
	at org.springframework.security.web.FilterChainProxy$VirtualFilterChain.doFilter(FilterChainProxy.java:374) ~[spring-security-web-6.2.4.jar:6.2.4]
	at org.springframework.security.web.authentication.logout.LogoutFilter.doFilter(LogoutFilter.java:107) ~[spring-security-web-6.2.4.jar:6.2.4]
	at org.springframework.security.web.authentication.logout.LogoutFilter.doFilter(LogoutFilter.java:93) ~[spring-security-web-6.2.4.jar:6.2.4]
	at org.springframework.security.web.FilterChainProxy$VirtualFilterChain.doFilter(FilterChainProxy.java:374) ~[spring-security-web-6.2.4.jar:6.2.4]
	at org.springframework.web.filter.CorsFilter.doFilterInternal(CorsFilter.java:91) ~[spring-web-6.1.6.jar:6.1.6]
	at org.springframework.web.filter.OncePerRequestFilter.doFilter(OncePerRequestFilter.java:116) ~[spring-web-6.1.6.jar:6.1.6]
	at org.springframework.security.web.FilterChainProxy$VirtualFilterChain.doFilter(FilterChainProxy.java:374) ~[spring-security-web-6.2.4.jar:6.2.4]
	at org.springframework.security.web.header.HeaderWriterFilter.doHeadersAfter(HeaderWriterFilter.java:90) ~[spring-security-web-6.2.4.jar:6.2.4]
	at org.springframework.security.web.header.HeaderWriterFilter.doFilterInternal(HeaderWriterFilter.java:75) ~[spring-security-web-6.2.4.jar:6.2.4]
	at org.springframework.web.filter.OncePerRequestFilter.doFilter(OncePerRequestFilter.java:116) ~[spring-web-6.1.6.jar:6.1.6]
	at org.springframework.security.web.FilterChainProxy$VirtualFilterChain.doFilter(FilterChainProxy.java:374) ~[spring-security-web-6.2.4.jar:6.2.4]
	at org.springframework.security.web.context.SecurityContextHolderFilter.doFilter(SecurityContextHolderFilter.java:82) ~[spring-security-web-6.2.4.jar:6.2.4]
	at org.springframework.security.web.context.SecurityContextHolderFilter.doFilter(SecurityContextHolderFilter.java:69) ~[spring-security-web-6.2.4.jar:6.2.4]
	at org.springframework.security.web.FilterChainProxy$VirtualFilterChain.doFilter(FilterChainProxy.java:374) ~[spring-security-web-6.2.4.jar:6.2.4]
	at org.springframework.security.web.context.request.async.WebAsyncManagerIntegrationFilter.doFilterInternal(WebAsyncManagerIntegrationFilter.java:62) ~[spring-security-web-6.2.4.jar:6.2.4]
	at org.springframework.web.filter.OncePerRequestFilter.doFilter(OncePerRequestFilter.java:116) ~[spring-web-6.1.6.jar:6.1.6]
	at org.springframework.security.web.FilterChainProxy$VirtualFilterChain.doFilter(FilterChainProxy.java:374) ~[spring-security-web-6.2.4.jar:6.2.4]
	at org.springframework.security.web.session.DisableEncodeUrlFilter.doFilterInternal(DisableEncodeUrlFilter.java:42) ~[spring-security-web-6.2.4.jar:6.2.4]
	at org.springframework.web.filter.OncePerRequestFilter.doFilter(OncePerRequestFilter.java:116) ~[spring-web-6.1.6.jar:6.1.6]
	at org.springframework.security.web.FilterChainProxy$VirtualFilterChain.doFilter(FilterChainProxy.java:374) ~[spring-security-web-6.2.4.jar:6.2.4]
	at org.springframework.security.web.FilterChainProxy.doFilterInternal(FilterChainProxy.java:233) ~[spring-security-web-6.2.4.jar:6.2.4]
	at org.springframework.security.web.FilterChainProxy.doFilter(FilterChainProxy.java:191) ~[spring-security-web-6.2.4.jar:6.2.4]
	at org.springframework.web.filter.CompositeFilter$VirtualFilterChain.doFilter(CompositeFilter.java:113) ~[spring-web-6.1.6.jar:6.1.6]
	at org.springframework.web.servlet.handler.HandlerMappingIntrospector.lambda$createCacheFilter$3(HandlerMappingIntrospector.java:195) ~[spring-webmvc-6.1.6.jar:6.1.6]
	at org.springframework.web.filter.CompositeFilter$VirtualFilterChain.doFilter(CompositeFilter.java:113) ~[spring-web-6.1.6.jar:6.1.6]
	at org.springframework.web.filter.CompositeFilter.doFilter(CompositeFilter.java:74) ~[spring-web-6.1.6.jar:6.1.6]
	at org.springframework.security.config.annotation.web.configuration.WebMvcSecurityConfiguration$CompositeFilterChainProxy.doFilter(WebMvcSecurityConfiguration.java:230) ~[spring-security-config-6.2.4.jar:6.2.4]
	at org.springframework.web.filter.DelegatingFilterProxy.invokeDelegate(DelegatingFilterProxy.java:352) ~[spring-web-6.1.6.jar:6.1.6]
	at org.springframework.web.filter.DelegatingFilterProxy.doFilter(DelegatingFilterProxy.java:268) ~[spring-web-6.1.6.jar:6.1.6]
	at org.apache.catalina.core.ApplicationFilterChain.internalDoFilter(ApplicationFilterChain.java:175) ~[tomcat-embed-core-10.1.20.jar:10.1.20]
	at org.apache.catalina.core.ApplicationFilterChain.doFilter(ApplicationFilterChain.java:150) ~[tomcat-embed-core-10.1.20.jar:10.1.20]
	at org.springframework.web.filter.RequestContextFilter.doFilterInternal(RequestContextFilter.java:100) ~[spring-web-6.1.6.jar:6.1.6]
	at org.springframework.web.filter.OncePerRequestFilter.doFilter(OncePerRequestFilter.java:116) ~[spring-web-6.1.6.jar:6.1.6]
	at org.apache.catalina.core.ApplicationFilterChain.internalDoFilter(ApplicationFilterChain.java:175) ~[tomcat-embed-core-10.1.20.jar:10.1.20]
	at org.apache.catalina.core.ApplicationFilterChain.doFilter(ApplicationFilterChain.java:150) ~[tomcat-embed-core-10.1.20.jar:10.1.20]
	at org.springframework.web.filter.FormContentFilter.doFilterInternal(FormContentFilter.java:93) ~[spring-web-6.1.6.jar:6.1.6]
	at org.springframework.web.filter.OncePerRequestFilter.doFilter(OncePerRequestFilter.java:116) ~[spring-web-6.1.6.jar:6.1.6]
	at org.apache.catalina.core.ApplicationFilterChain.internalDoFilter(ApplicationFilterChain.java:175) ~[tomcat-embed-core-10.1.20.jar:10.1.20]
	at org.apache.catalina.core.ApplicationFilterChain.doFilter(ApplicationFilterChain.java:150) ~[tomcat-embed-core-10.1.20.jar:10.1.20]
	at org.springframework.web.filter.CharacterEncodingFilter.doFilterInternal(CharacterEncodingFilter.java:201) ~[spring-web-6.1.6.jar:6.1.6]
	at org.springframework.web.filter.OncePerRequestFilter.doFilter(OncePerRequestFilter.java:116) ~[spring-web-6.1.6.jar:6.1.6]
	at org.apache.catalina.core.ApplicationFilterChain.internalDoFilter(ApplicationFilterChain.java:175) ~[tomcat-embed-core-10.1.20.jar:10.1.20]
	at org.apache.catalina.core.ApplicationFilterChain.doFilter(ApplicationFilterChain.java:150) ~[tomcat-embed-core-10.1.20.jar:10.1.20]
	at org.apache.catalina.core.StandardWrapperValve.invoke(StandardWrapperValve.java:167) ~[tomcat-embed-core-10.1.20.jar:10.1.20]
	at org.apache.catalina.core.StandardContextValve.invoke(StandardContextValve.java:90) ~[tomcat-embed-core-10.1.20.jar:10.1.20]
	at org.apache.catalina.authenticator.AuthenticatorBase.invoke(AuthenticatorBase.java:482) ~[tomcat-embed-core-10.1.20.jar:10.1.20]
	at org.apache.catalina.core.StandardHostValve.invoke(StandardHostValve.java:115) ~[tomcat-embed-core-10.1.20.jar:10.1.20]
	at org.apache.catalina.valves.ErrorReportValve.invoke(ErrorReportValve.java:93) ~[tomcat-embed-core-10.1.20.jar:10.1.20]
	at org.apache.catalina.core.StandardEngineValve.invoke(StandardEngineValve.java:74) ~[tomcat-embed-core-10.1.20.jar:10.1.20]
	at org.apache.catalina.connector.CoyoteAdapter.service(CoyoteAdapter.java:344) ~[tomcat-embed-core-10.1.20.jar:10.1.20]
	at org.apache.coyote.http11.Http11Processor.service(Http11Processor.java:391) ~[tomcat-embed-core-10.1.20.jar:10.1.20]
	at org.apache.coyote.AbstractProcessorLight.process(AbstractProcessorLight.java:63) ~[tomcat-embed-core-10.1.20.jar:10.1.20]
	at org.apache.coyote.AbstractProtocol$ConnectionHandler.process(AbstractProtocol.java:896) ~[tomcat-embed-core-10.1.20.jar:10.1.20]
	at org.apache.tomcat.util.net.NioEndpoint$SocketProcessor.doRun(NioEndpoint.java:1736) ~[tomcat-embed-core-10.1.20.jar:10.1.20]
	at org.apache.tomcat.util.net.SocketProcessorBase.run(SocketProcessorBase.java:52) ~[tomcat-embed-core-10.1.20.jar:10.1.20]
	at org.apache.tomcat.util.threads.ThreadPoolExecutor.runWorker(ThreadPoolExecutor.java:1191) ~[tomcat-embed-core-10.1.20.jar:10.1.20]
	at org.apache.tomcat.util.threads.ThreadPoolExecutor$Worker.run(ThreadPoolExecutor.java:659) ~[tomcat-embed-core-10.1.20.jar:10.1.20]
	at org.apache.tomcat.util.threads.TaskThread$WrappingRunnable.run(TaskThread.java:63) ~[tomcat-embed-core-10.1.20.jar:10.1.20]
	at java.base/java.lang.Thread.run(Thread.java:1583) ~[na:na]

2026-05-06T11:12:48.461+05:30 DEBUG 14212 --- [Smart-Interview-Prep-Platform] [http-nio-8080-exec-9] o.s.security.web.FilterChainProxy        : Securing POST /error
2026-05-06T11:12:48.468+05:30 DEBUG 14212 --- [Smart-Interview-Prep-Platform] [http-nio-8080-exec-9] o.s.s.w.a.AnonymousAuthenticationFilter  : Set SecurityContextHolder to anonymous SecurityContext
2026-05-06T11:12:48.469+05:30 DEBUG 14212 --- [Smart-Interview-Prep-Platform] [http-nio-8080-exec-9] o.s.s.w.a.Http403ForbiddenEntryPoint     : Pre-authenticated entry point called. Rejecting access
2026-05-06T11:14:45.338+05:30  INFO 14212 --- [Smart-Interview-Prep-Platform] [SpringApplicationShutdownHook] j.LocalContainerEntityManagerFactoryBean : Closing JPA EntityManagerFactory for persistence unit 'default'
2026-05-06T11:14:45.349+05:30  INFO 14212 --- [Smart-Interview-Prep-Platform] [SpringApplicationShutdownHook] com.zaxxer.hikari.HikariDataSource       : HikariPool-1 - Shutdown initiated...
2026-05-06T11:14:45.374+05:30  INFO 14212 --- [Smart-Interview-Prep-Platform] [SpringApplicationShutdownHook] com.zaxxer.hikari.HikariDataSource       : HikariPool-1 - Shutdown completed.
2026-05-06T11:14:58.974+05:30  INFO 10116 --- [Smart-Interview-Prep-Platform] [restartedMain] .P.SmartInterviewPrepPlatformApplication : Starting SmartInterviewPrepPlatformApplication using Java 21.0.10 with PID 10116 (C:\Users\Dell\Desktop\Smart Interview Prep Platform (3)\Smart Interview Prep Platform\Smart-Interview-Prep-Platform\target\classes started by Dell in C:\Users\Dell\Desktop\Smart Interview Prep Platform (3)\Smart Interview Prep Platform\Smart-Interview-Prep-Platform)
2026-05-06T11:14:58.976+05:30 DEBUG 10116 --- [Smart-Interview-Prep-Platform] [restartedMain] .P.SmartInterviewPrepPlatformApplication : Running with Spring Boot v3.2.5, Spring v6.1.6
2026-05-06T11:14:58.977+05:30  INFO 10116 --- [Smart-Interview-Prep-Platform] [restartedMain] .P.SmartInterviewPrepPlatformApplication : No active profile set, falling back to 1 default profile: "default"
2026-05-06T11:14:59.078+05:30  INFO 10116 --- [Smart-Interview-Prep-Platform] [restartedMain] .e.DevToolsPropertyDefaultsPostProcessor : Devtools property defaults active! Set 'spring.devtools.add-properties' to 'false' to disable
2026-05-06T11:14:59.079+05:30  INFO 10116 --- [Smart-Interview-Prep-Platform] [restartedMain] .e.DevToolsPropertyDefaultsPostProcessor : For additional web related logging consider setting the 'logging.level.web' property to 'DEBUG'
2026-05-06T11:15:00.444+05:30  INFO 10116 --- [Smart-Interview-Prep-Platform] [restartedMain] .s.d.r.c.RepositoryConfigurationDelegate : Bootstrapping Spring Data JPA repositories in DEFAULT mode.
2026-05-06T11:15:00.593+05:30  INFO 10116 --- [Smart-Interview-Prep-Platform] [restartedMain] .s.d.r.c.RepositoryConfigurationDelegate : Finished Spring Data repository scanning in 128 ms. Found 4 JPA repository interfaces.
2026-05-06T11:15:01.813+05:30  INFO 10116 --- [Smart-Interview-Prep-Platform] [restartedMain] o.s.b.w.embedded.tomcat.TomcatWebServer  : Tomcat initialized with port 8080 (http)
2026-05-06T11:15:01.841+05:30  INFO 10116 --- [Smart-Interview-Prep-Platform] [restartedMain] o.apache.catalina.core.StandardService   : Starting service [Tomcat]
2026-05-06T11:15:01.841+05:30  INFO 10116 --- [Smart-Interview-Prep-Platform] [restartedMain] o.apache.catalina.core.StandardEngine    : Starting Servlet engine: [Apache Tomcat/10.1.20]
2026-05-06T11:15:01.949+05:30  INFO 10116 --- [Smart-Interview-Prep-Platform] [restartedMain] o.a.c.c.C.[Tomcat].[localhost].[/]       : Initializing Spring embedded WebApplicationContext
2026-05-06T11:15:01.950+05:30  INFO 10116 --- [Smart-Interview-Prep-Platform] [restartedMain] w.s.c.ServletWebServerApplicationContext : Root WebApplicationContext: initialization completed in 2871 ms
2026-05-06T11:15:02.003+05:30  INFO 10116 --- [Smart-Interview-Prep-Platform] [restartedMain] com.zaxxer.hikari.HikariDataSource       : HikariPool-1 - Starting...
2026-05-06T11:15:02.625+05:30  INFO 10116 --- [Smart-Interview-Prep-Platform] [restartedMain] com.zaxxer.hikari.pool.HikariPool        : HikariPool-1 - Added connection com.mysql.cj.jdbc.ConnectionImpl@34ceb621
2026-05-06T11:15:02.629+05:30  INFO 10116 --- [Smart-Interview-Prep-Platform] [restartedMain] com.zaxxer.hikari.HikariDataSource       : HikariPool-1 - Start completed.
2026-05-06T11:15:02.645+05:30  INFO 10116 --- [Smart-Interview-Prep-Platform] [restartedMain] o.s.b.a.h2.H2ConsoleAutoConfiguration    : H2 console available at '/h2-console'. Database available at 'jdbc:mysql://localhost:3306/interview_prep'
2026-05-06T11:15:02.724+05:30 DEBUG 10116 --- [Smart-Interview-Prep-Platform] [restartedMain] c.S.I.P.Platform.security.JwtAuthFilter  : Filter 'jwtAuthFilter' configured for use
2026-05-06T11:15:02.884+05:30  INFO 10116 --- [Smart-Interview-Prep-Platform] [restartedMain] o.hibernate.jpa.internal.util.LogHelper  : HHH000204: Processing PersistenceUnitInfo [name: default]
2026-05-06T11:15:02.983+05:30  INFO 10116 --- [Smart-Interview-Prep-Platform] [restartedMain] org.hibernate.Version                    : HHH000412: Hibernate ORM core version 6.4.4.Final
2026-05-06T11:15:03.049+05:30  INFO 10116 --- [Smart-Interview-Prep-Platform] [restartedMain] o.h.c.internal.RegionFactoryInitiator    : HHH000026: Second-level cache disabled
2026-05-06T11:15:03.583+05:30  INFO 10116 --- [Smart-Interview-Prep-Platform] [restartedMain] o.s.o.j.p.SpringPersistenceUnitInfo      : No LoadTimeWeaver setup: ignoring JPA class transformer
2026-05-06T11:15:06.141+05:30  INFO 10116 --- [Smart-Interview-Prep-Platform] [restartedMain] o.h.e.t.j.p.i.JtaPlatformInitiator       : HHH000489: No JTA platform available (set 'hibernate.transaction.jta.platform' to enable JTA platform integration)
2026-05-06T11:15:06.298+05:30  INFO 10116 --- [Smart-Interview-Prep-Platform] [restartedMain] j.LocalContainerEntityManagerFactoryBean : Initialized JPA EntityManagerFactory for persistence unit 'default'
2026-05-06T11:15:07.062+05:30  INFO 10116 --- [Smart-Interview-Prep-Platform] [restartedMain] o.s.d.j.r.query.QueryEnhancerFactory     : Hibernate is in classpath; If applicable, HQL parser will be used.
2026-05-06T11:15:07.308+05:30  WARN 10116 --- [Smart-Interview-Prep-Platform] [restartedMain] JpaBaseConfiguration$JpaWebConfiguration : spring.jpa.open-in-view is enabled by default. Therefore, database queries may be performed during view rendering. Explicitly configure spring.jpa.open-in-view to disable this warning
2026-05-06T11:15:07.385+05:30 DEBUG 10116 --- [Smart-Interview-Prep-Platform] [restartedMain] swordEncoderAuthenticationManagerBuilder : No authenticationProviders and no parentAuthenticationManager defined. Returning null.
2026-05-06T11:15:07.997+05:30  INFO 10116 --- [Smart-Interview-Prep-Platform] [restartedMain] o.s.s.web.DefaultSecurityFilterChain     : Will secure any request with [org.springframework.security.web.session.DisableEncodeUrlFilter@7d47d123, org.springframework.security.web.context.request.async.WebAsyncManagerIntegrationFilter@30d9a7c5, org.springframework.security.web.context.SecurityContextHolderFilter@78a96290, org.springframework.security.web.header.HeaderWriterFilter@37b92c3f, org.springframework.web.filter.CorsFilter@2b9624d2, org.springframework.security.web.authentication.logout.LogoutFilter@58019131, com.Smart.Interview.Prep.Platform.security.JwtAuthFilter@32d4618b, org.springframework.security.web.savedrequest.RequestCacheAwareFilter@f832f0a, org.springframework.security.web.servletapi.SecurityContextHolderAwareRequestFilter@16950dd9, org.springframework.security.web.authentication.AnonymousAuthenticationFilter@60b4da0c, org.springframework.security.web.session.SessionManagementFilter@64a582ca, org.springframework.security.web.access.ExceptionTranslationFilter@74d8a118, org.springframework.security.web.access.intercept.AuthorizationFilter@4d000a64]
2026-05-06T11:15:08.617+05:30  INFO 10116 --- [Smart-Interview-Prep-Platform] [restartedMain] o.s.b.d.a.OptionalLiveReloadServer       : LiveReload server is running on port 35729
2026-05-06T11:15:08.709+05:30  INFO 10116 --- [Smart-Interview-Prep-Platform] [restartedMain] o.s.b.w.embedded.tomcat.TomcatWebServer  : Tomcat started on port 8080 (http) with context path ''
2026-05-06T11:15:08.729+05:30  INFO 10116 --- [Smart-Interview-Prep-Platform] [restartedMain] .P.SmartInterviewPrepPlatformApplication : Started SmartInterviewPrepPlatformApplication in 10.483 seconds (process running for 11.925)
2026-05-06T11:15:19.651+05:30  INFO 10116 --- [Smart-Interview-Prep-Platform] [http-nio-8080-exec-1] o.a.c.c.C.[Tomcat].[localhost].[/]       : Initializing Spring DispatcherServlet 'dispatcherServlet'
2026-05-06T11:15:19.652+05:30  INFO 10116 --- [Smart-Interview-Prep-Platform] [http-nio-8080-exec-1] o.s.web.servlet.DispatcherServlet        : Initializing Servlet 'dispatcherServlet'
2026-05-06T11:15:19.654+05:30  INFO 10116 --- [Smart-Interview-Prep-Platform] [http-nio-8080-exec-1] o.s.web.servlet.DispatcherServlet        : Completed initialization in 2 ms
2026-05-06T11:15:19.708+05:30 DEBUG 10116 --- [Smart-Interview-Prep-Platform] [http-nio-8080-exec-1] o.s.security.web.FilterChainProxy        : Securing POST /api/auth/login
2026-05-06T11:15:19.724+05:30  INFO 10116 --- [Smart-Interview-Prep-Platform] [http-nio-8080-exec-1] c.S.I.P.Platform.security.JwtAuthFilter  : JWT Filter null
2026-05-06T11:15:19.729+05:30 DEBUG 10116 --- [Smart-Interview-Prep-Platform] [http-nio-8080-exec-1] o.s.s.w.a.AnonymousAuthenticationFilter  : Set SecurityContextHolder to anonymous SecurityContext
2026-05-06T11:15:19.734+05:30 DEBUG 10116 --- [Smart-Interview-Prep-Platform] [http-nio-8080-exec-1] o.s.security.web.FilterChainProxy        : Secured POST /api/auth/login
2026-05-06T11:15:19.957+05:30  INFO 10116 --- [Smart-Interview-Prep-Platform] [http-nio-8080-exec-1] c.S.I.Prep.Platform.service.AuthService  : Login attempt for email: samm@gmail.com
2026-05-06T11:15:31.854+05:30 DEBUG 10116 --- [Smart-Interview-Prep-Platform] [http-nio-8080-exec-3] o.s.security.web.FilterChainProxy        : Securing POST /api/user/quiz/start
2026-05-06T11:15:31.854+05:30  INFO 10116 --- [Smart-Interview-Prep-Platform] [http-nio-8080-exec-3] c.S.I.P.Platform.security.JwtAuthFilter  : JWT Filter Bearer eyJhbGciOiJIUzI1NiJ9.eyJzdWIiOiJzYW1tQGdtYWlsLmNvbSIsInJvbGUiOiJVU0VSIiwiaWF0IjoxNzc4MDQ2MzIwLCJleHAiOjE3NzgxMzI3MjB9.7ga1VRq0Jxlh63pu-cJCcSKd6oT4JQOrbBqX_NL6tEU
2026-05-06T11:15:31.854+05:30  INFO 10116 --- [Smart-Interview-Prep-Platform] [http-nio-8080-exec-3] c.S.I.P.Platform.security.JwtAuthFilter  : Token eyJhbGciOiJIUzI1NiJ9.eyJzdWIiOiJzYW1tQGdtYWlsLmNvbSIsInJvbGUiOiJVU0VSIiwiaWF0IjoxNzc4MDQ2MzIwLCJleHAiOjE3NzgxMzI3MjB9.7ga1VRq0Jxlh63pu-cJCcSKd6oT4JQOrbBqX_NL6tEU
2026-05-06T11:15:31.962+05:30  INFO 10116 --- [Smart-Interview-Prep-Platform] [http-nio-8080-exec-3] c.S.I.P.Platform.security.JwtAuthFilter  : Token Filter email samm@gmail.com
2026-05-06T11:15:31.966+05:30  INFO 10116 --- [Smart-Interview-Prep-Platform] [http-nio-8080-exec-3] c.S.I.P.Platform.security.JwtAuthFilter  : Token Filter auth UsernamePasswordAuthenticationToken [Principal=samm@gmail.com, Credentials=[PROTECTED], Authenticated=true, Details=null, Granted Authorities=[ROLE_USER]]
2026-05-06T11:15:31.973+05:30 DEBUG 10116 --- [Smart-Interview-Prep-Platform] [http-nio-8080-exec-3] o.s.s.w.access.AccessDeniedHandlerImpl   : Responding with 403 status code
2026-05-06T11:15:31.989+05:30 DEBUG 10116 --- [Smart-Interview-Prep-Platform] [http-nio-8080-exec-3] o.s.security.web.FilterChainProxy        : Securing POST /error
2026-05-06T11:15:31.990+05:30 DEBUG 10116 --- [Smart-Interview-Prep-Platform] [http-nio-8080-exec-3] o.s.s.w.a.AnonymousAuthenticationFilter  : Set SecurityContextHolder to anonymous SecurityContext
2026-05-06T11:15:31.992+05:30 DEBUG 10116 --- [Smart-Interview-Prep-Platform] [http-nio-8080-exec-3] o.s.s.w.a.Http403ForbiddenEntryPoint     : Pre-authenticated entry point called. Rejecting access
2026-05-06T11:15:37.400+05:30 DEBUG 10116 --- [Smart-Interview-Prep-Platform] [http-nio-8080-exec-4] o.s.security.web.FilterChainProxy        : Securing POST /api/user/quiz/start
2026-05-06T11:15:37.402+05:30  INFO 10116 --- [Smart-Interview-Prep-Platform] [http-nio-8080-exec-4] c.S.I.P.Platform.security.JwtAuthFilter  : JWT Filter Bearer eyJhbGciOiJIUzI1NiJ9.eyJzdWIiOiJzYW1tQGdtYWlsLmNvbSIsInJvbGUiOiJVU0VSIiwiaWF0IjoxNzc4MDQ2MzIwLCJleHAiOjE3NzgxMzI3MjB9.7ga1VRq0Jxlh63pu-cJCcSKd6oT4JQOrbBqX_NL6tEU
2026-05-06T11:15:37.402+05:30  INFO 10116 --- [Smart-Interview-Prep-Platform] [http-nio-8080-exec-4] c.S.I.P.Platform.security.JwtAuthFilter  : Token eyJhbGciOiJIUzI1NiJ9.eyJzdWIiOiJzYW1tQGdtYWlsLmNvbSIsInJvbGUiOiJVU0VSIiwiaWF0IjoxNzc4MDQ2MzIwLCJleHAiOjE3NzgxMzI3MjB9.7ga1VRq0Jxlh63pu-cJCcSKd6oT4JQOrbBqX_NL6tEU
2026-05-06T11:15:37.416+05:30  INFO 10116 --- [Smart-Interview-Prep-Platform] [http-nio-8080-exec-4] c.S.I.P.Platform.security.JwtAuthFilter  : Token Filter email samm@gmail.com
2026-05-06T11:15:37.417+05:30  INFO 10116 --- [Smart-Interview-Prep-Platform] [http-nio-8080-exec-4] c.S.I.P.Platform.security.JwtAuthFilter  : Token Filter auth UsernamePasswordAuthenticationToken [Principal=samm@gmail.com, Credentials=[PROTECTED], Authenticated=true, Details=null, Granted Authorities=[ROLE_USER]]
2026-05-06T11:15:37.417+05:30 DEBUG 10116 --- [Smart-Interview-Prep-Platform] [http-nio-8080-exec-4] o.s.s.w.access.AccessDeniedHandlerImpl   : Responding with 403 status code
2026-05-06T11:15:37.420+05:30 DEBUG 10116 --- [Smart-Interview-Prep-Platform] [http-nio-8080-exec-4] o.s.security.web.FilterChainProxy        : Securing POST /error
2026-05-06T11:15:37.423+05:30 DEBUG 10116 --- [Smart-Interview-Prep-Platform] [http-nio-8080-exec-4] o.s.s.w.a.AnonymousAuthenticationFilter  : Set SecurityContextHolder to anonymous SecurityContext
2026-05-06T11:15:37.423+05:30 DEBUG 10116 --- [Smart-Interview-Prep-Platform] [http-nio-8080-exec-4] o.s.s.w.a.Http403ForbiddenEntryPoint     : Pre-authenticated entry point called. Rejecting access
2026-05-06T11:16:12.409+05:30 DEBUG 10116 --- [Smart-Interview-Prep-Platform] [http-nio-8080-exec-5] o.s.security.web.FilterChainProxy        : Securing POST /api/user/quiz/start
2026-05-06T11:16:12.410+05:30  INFO 10116 --- [Smart-Interview-Prep-Platform] [http-nio-8080-exec-5] c.S.I.P.Platform.security.JwtAuthFilter  : JWT Filter Bearer eyJhbGciOiJIUzI1NiJ9.eyJzdWIiOiJzYW1tQGdtYWlsLmNvbSIsInJvbGUiOiJVU0VSIiwiaWF0IjoxNzc4MDQ2MzIwLCJleHAiOjE3NzgxMzI3MjB9.7ga1VRq0Jxlh63pu-cJCcSKd6oT4JQOrbBqX_NL6tEU
2026-05-06T11:16:12.411+05:30  INFO 10116 --- [Smart-Interview-Prep-Platform] [http-nio-8080-exec-5] c.S.I.P.Platform.security.JwtAuthFilter  : Token eyJhbGciOiJIUzI1NiJ9.eyJzdWIiOiJzYW1tQGdtYWlsLmNvbSIsInJvbGUiOiJVU0VSIiwiaWF0IjoxNzc4MDQ2MzIwLCJleHAiOjE3NzgxMzI3MjB9.7ga1VRq0Jxlh63pu-cJCcSKd6oT4JQOrbBqX_NL6tEU
2026-05-06T11:16:12.427+05:30  INFO 10116 --- [Smart-Interview-Prep-Platform] [http-nio-8080-exec-5] c.S.I.P.Platform.security.JwtAuthFilter  : Token Filter email samm@gmail.com
2026-05-06T11:16:12.428+05:30  INFO 10116 --- [Smart-Interview-Prep-Platform] [http-nio-8080-exec-5] c.S.I.P.Platform.security.JwtAuthFilter  : Token Filter auth UsernamePasswordAuthenticationToken [Principal=samm@gmail.com, Credentials=[PROTECTED], Authenticated=true, Details=null, Granted Authorities=[ROLE_USER]]
2026-05-06T11:16:12.430+05:30 DEBUG 10116 --- [Smart-Interview-Prep-Platform] [http-nio-8080-exec-5] o.s.s.w.access.AccessDeniedHandlerImpl   : Responding with 403 status code
2026-05-06T11:16:12.433+05:30 DEBUG 10116 --- [Smart-Interview-Prep-Platform] [http-nio-8080-exec-5] o.s.security.web.FilterChainProxy        : Securing POST /error
2026-05-06T11:16:12.436+05:30 DEBUG 10116 --- [Smart-Interview-Prep-Platform] [http-nio-8080-exec-5] o.s.s.w.a.AnonymousAuthenticationFilter  : Set SecurityContextHolder to anonymous SecurityContext
2026-05-06T11:16:12.436+05:30 DEBUG 10116 --- [Smart-Interview-Prep-Platform] [http-nio-8080-exec-5] o.s.s.w.a.Http403ForbiddenEntryPoint     : Pre-authenticated entry point called. Rejecting access
2026-05-06T11:17:25.743+05:30 DEBUG 10116 --- [Smart-Interview-Prep-Platform] [http-nio-8080-exec-7] o.s.security.web.FilterChainProxy        : Securing POST /api/auth/login
2026-05-06T11:17:25.744+05:30  INFO 10116 --- [Smart-Interview-Prep-Platform] [http-nio-8080-exec-7] c.S.I.P.Platform.security.JwtAuthFilter  : JWT Filter null
2026-05-06T11:17:25.744+05:30 DEBUG 10116 --- [Smart-Interview-Prep-Platform] [http-nio-8080-exec-7] o.s.s.w.a.AnonymousAuthenticationFilter  : Set SecurityContextHolder to anonymous SecurityContext
2026-05-06T11:17:25.744+05:30 DEBUG 10116 --- [Smart-Interview-Prep-Platform] [http-nio-8080-exec-7] o.s.security.web.FilterChainProxy        : Secured POST /api/auth/login
2026-05-06T11:17:25.749+05:30  INFO 10116 --- [Smart-Interview-Prep-Platform] [http-nio-8080-exec-7] c.S.I.Prep.Platform.service.AuthService  : Login attempt for email: sam@gmail.com
2026-05-06T11:17:47.879+05:30 DEBUG 10116 --- [Smart-Interview-Prep-Platform] [http-nio-8080-exec-8] o.s.security.web.FilterChainProxy        : Securing POST /api/user/quiz/start
2026-05-06T11:17:47.880+05:30  INFO 10116 --- [Smart-Interview-Prep-Platform] [http-nio-8080-exec-8] c.S.I.P.Platform.security.JwtAuthFilter  : JWT Filter Bearer eyJhbGciOiJIUzI1NiJ9.eyJzdWIiOiJzYW1AZ21haWwuY29tIiwicm9sZSI6IkFETUlOIiwiaWF0IjoxNzc4MDQ2NDQ1LCJleHAiOjE3NzgxMzI4NDV9.z0CZP_93H6rdFlucJLCdmMfaOZcsgmJsa0xTbsvgNpM
2026-05-06T11:17:47.880+05:30  INFO 10116 --- [Smart-Interview-Prep-Platform] [http-nio-8080-exec-8] c.S.I.P.Platform.security.JwtAuthFilter  : Token eyJhbGciOiJIUzI1NiJ9.eyJzdWIiOiJzYW1AZ21haWwuY29tIiwicm9sZSI6IkFETUlOIiwiaWF0IjoxNzc4MDQ2NDQ1LCJleHAiOjE3NzgxMzI4NDV9.z0CZP_93H6rdFlucJLCdmMfaOZcsgmJsa0xTbsvgNpM
2026-05-06T11:17:47.884+05:30  INFO 10116 --- [Smart-Interview-Prep-Platform] [http-nio-8080-exec-8] c.S.I.P.Platform.security.JwtAuthFilter  : Token Filter email sam@gmail.com
2026-05-06T11:17:47.886+05:30  INFO 10116 --- [Smart-Interview-Prep-Platform] [http-nio-8080-exec-8] c.S.I.P.Platform.security.JwtAuthFilter  : Token Filter auth UsernamePasswordAuthenticationToken [Principal=sam@gmail.com, Credentials=[PROTECTED], Authenticated=true, Details=null, Granted Authorities=[ROLE_ADMIN]]
2026-05-06T11:17:47.886+05:30 DEBUG 10116 --- [Smart-Interview-Prep-Platform] [http-nio-8080-exec-8] o.s.s.w.access.AccessDeniedHandlerImpl   : Responding with 403 status code
2026-05-06T11:17:47.887+05:30 DEBUG 10116 --- [Smart-Interview-Prep-Platform] [http-nio-8080-exec-8] o.s.security.web.FilterChainProxy        : Securing POST /error
2026-05-06T11:17:47.889+05:30 DEBUG 10116 --- [Smart-Interview-Prep-Platform] [http-nio-8080-exec-8] o.s.s.w.a.AnonymousAuthenticationFilter  : Set SecurityContextHolder to anonymous SecurityContext
2026-05-06T11:17:47.891+05:30 DEBUG 10116 --- [Smart-Interview-Prep-Platform] [http-nio-8080-exec-8] o.s.s.w.a.Http403ForbiddenEntryPoint     : Pre-authenticated entry point called. Rejecting access
2026-05-06T11:18:22.896+05:30  INFO 10116 --- [Smart-Interview-Prep-Platform] [SpringApplicationShutdownHook] j.LocalContainerEntityManagerFactoryBean : Closing JPA EntityManagerFactory for persistence unit 'default'
2026-05-06T11:18:22.906+05:30  INFO 10116 --- [Smart-Interview-Prep-Platform] [SpringApplicationShutdownHook] com.zaxxer.hikari.HikariDataSource       : HikariPool-1 - Shutdown initiated...
2026-05-06T11:18:22.920+05:30  INFO 10116 --- [Smart-Interview-Prep-Platform] [SpringApplicationShutdownHook] com.zaxxer.hikari.HikariDataSource       : HikariPool-1 - Shutdown completed.
2026-05-06T11:18:51.493+05:30  INFO 12444 --- [Smart-Interview-Prep-Platform] [restartedMain] .P.SmartInterviewPrepPlatformApplication : Starting SmartInterviewPrepPlatformApplication using Java 21.0.10 with PID 12444 (C:\Users\Dell\Desktop\Smart Interview Prep Platform (3)\Smart Interview Prep Platform\Smart-Interview-Prep-Platform\target\classes started by Dell in C:\Users\Dell\Desktop\Smart Interview Prep Platform (3)\Smart Interview Prep Platform\Smart-Interview-Prep-Platform)
2026-05-06T11:18:51.498+05:30 DEBUG 12444 --- [Smart-Interview-Prep-Platform] [restartedMain] .P.SmartInterviewPrepPlatformApplication : Running with Spring Boot v3.2.5, Spring v6.1.6
2026-05-06T11:18:51.500+05:30  INFO 12444 --- [Smart-Interview-Prep-Platform] [restartedMain] .P.SmartInterviewPrepPlatformApplication : No active profile set, falling back to 1 default profile: "default"
2026-05-06T11:18:51.622+05:30  INFO 12444 --- [Smart-Interview-Prep-Platform] [restartedMain] .e.DevToolsPropertyDefaultsPostProcessor : Devtools property defaults active! Set 'spring.devtools.add-properties' to 'false' to disable
2026-05-06T11:18:51.623+05:30  INFO 12444 --- [Smart-Interview-Prep-Platform] [restartedMain] .e.DevToolsPropertyDefaultsPostProcessor : For additional web related logging consider setting the 'logging.level.web' property to 'DEBUG'
2026-05-06T11:18:53.542+05:30  INFO 12444 --- [Smart-Interview-Prep-Platform] [restartedMain] .s.d.r.c.RepositoryConfigurationDelegate : Bootstrapping Spring Data JPA repositories in DEFAULT mode.
2026-05-06T11:18:53.769+05:30  INFO 12444 --- [Smart-Interview-Prep-Platform] [restartedMain] .s.d.r.c.RepositoryConfigurationDelegate : Finished Spring Data repository scanning in 206 ms. Found 4 JPA repository interfaces.
2026-05-06T11:18:55.481+05:30  INFO 12444 --- [Smart-Interview-Prep-Platform] [restartedMain] o.s.b.w.embedded.tomcat.TomcatWebServer  : Tomcat initialized with port 8080 (http)
2026-05-06T11:18:55.535+05:30  INFO 12444 --- [Smart-Interview-Prep-Platform] [restartedMain] o.apache.catalina.core.StandardService   : Starting service [Tomcat]
2026-05-06T11:18:55.536+05:30  INFO 12444 --- [Smart-Interview-Prep-Platform] [restartedMain] o.apache.catalina.core.StandardEngine    : Starting Servlet engine: [Apache Tomcat/10.1.20]
2026-05-06T11:18:55.687+05:30  INFO 12444 --- [Smart-Interview-Prep-Platform] [restartedMain] o.a.c.c.C.[Tomcat].[localhost].[/]       : Initializing Spring embedded WebApplicationContext
2026-05-06T11:18:55.689+05:30  INFO 12444 --- [Smart-Interview-Prep-Platform] [restartedMain] w.s.c.ServletWebServerApplicationContext : Root WebApplicationContext: initialization completed in 4063 ms
2026-05-06T11:18:55.784+05:30  INFO 12444 --- [Smart-Interview-Prep-Platform] [restartedMain] com.zaxxer.hikari.HikariDataSource       : HikariPool-1 - Starting...
2026-05-06T11:18:56.758+05:30  INFO 12444 --- [Smart-Interview-Prep-Platform] [restartedMain] com.zaxxer.hikari.pool.HikariPool        : HikariPool-1 - Added connection com.mysql.cj.jdbc.ConnectionImpl@42e89232
2026-05-06T11:18:56.763+05:30  INFO 12444 --- [Smart-Interview-Prep-Platform] [restartedMain] com.zaxxer.hikari.HikariDataSource       : HikariPool-1 - Start completed.
2026-05-06T11:18:56.801+05:30  INFO 12444 --- [Smart-Interview-Prep-Platform] [restartedMain] o.s.b.a.h2.H2ConsoleAutoConfiguration    : H2 console available at '/h2-console'. Database available at 'jdbc:mysql://localhost:3306/interview_prep'
2026-05-06T11:18:56.933+05:30 DEBUG 12444 --- [Smart-Interview-Prep-Platform] [restartedMain] c.S.I.P.Platform.security.JwtAuthFilter  : Filter 'jwtAuthFilter' configured for use
2026-05-06T11:18:57.170+05:30  INFO 12444 --- [Smart-Interview-Prep-Platform] [restartedMain] o.hibernate.jpa.internal.util.LogHelper  : HHH000204: Processing PersistenceUnitInfo [name: default]
2026-05-06T11:18:57.318+05:30  INFO 12444 --- [Smart-Interview-Prep-Platform] [restartedMain] org.hibernate.Version                    : HHH000412: Hibernate ORM core version 6.4.4.Final
2026-05-06T11:18:57.424+05:30  INFO 12444 --- [Smart-Interview-Prep-Platform] [restartedMain] o.h.c.internal.RegionFactoryInitiator    : HHH000026: Second-level cache disabled
2026-05-06T11:18:58.136+05:30  INFO 12444 --- [Smart-Interview-Prep-Platform] [restartedMain] o.s.o.j.p.SpringPersistenceUnitInfo      : No LoadTimeWeaver setup: ignoring JPA class transformer
2026-05-06T11:19:01.484+05:30  INFO 12444 --- [Smart-Interview-Prep-Platform] [restartedMain] o.h.e.t.j.p.i.JtaPlatformInitiator       : HHH000489: No JTA platform available (set 'hibernate.transaction.jta.platform' to enable JTA platform integration)
2026-05-06T11:19:01.728+05:30  INFO 12444 --- [Smart-Interview-Prep-Platform] [restartedMain] j.LocalContainerEntityManagerFactoryBean : Initialized JPA EntityManagerFactory for persistence unit 'default'
2026-05-06T11:19:02.454+05:30  INFO 12444 --- [Smart-Interview-Prep-Platform] [restartedMain] o.s.d.j.r.query.QueryEnhancerFactory     : Hibernate is in classpath; If applicable, HQL parser will be used.
2026-05-06T11:19:02.900+05:30  WARN 12444 --- [Smart-Interview-Prep-Platform] [restartedMain] JpaBaseConfiguration$JpaWebConfiguration : spring.jpa.open-in-view is enabled by default. Therefore, database queries may be performed during view rendering. Explicitly configure spring.jpa.open-in-view to disable this warning
2026-05-06T11:19:03.003+05:30 DEBUG 12444 --- [Smart-Interview-Prep-Platform] [restartedMain] swordEncoderAuthenticationManagerBuilder : No authenticationProviders and no parentAuthenticationManager defined. Returning null.
2026-05-06T11:19:03.730+05:30  INFO 12444 --- [Smart-Interview-Prep-Platform] [restartedMain] o.s.s.web.DefaultSecurityFilterChain     : Will secure any request with [org.springframework.security.web.session.DisableEncodeUrlFilter@6edeb902, org.springframework.security.web.context.request.async.WebAsyncManagerIntegrationFilter@5774071, org.springframework.security.web.context.SecurityContextHolderFilter@127b0ad0, org.springframework.security.web.header.HeaderWriterFilter@2803098b, org.springframework.web.filter.CorsFilter@3da58c2c, org.springframework.security.web.authentication.logout.LogoutFilter@2b89a047, com.Smart.Interview.Prep.Platform.security.JwtAuthFilter@7a1df0e3, org.springframework.security.web.savedrequest.RequestCacheAwareFilter@c701546, org.springframework.security.web.servletapi.SecurityContextHolderAwareRequestFilter@3414ec7f, org.springframework.security.web.authentication.AnonymousAuthenticationFilter@648acd7b, org.springframework.security.web.session.SessionManagementFilter@1564fe70, org.springframework.security.web.access.ExceptionTranslationFilter@4f6108a7, org.springframework.security.web.access.intercept.AuthorizationFilter@5df6c69e]
2026-05-06T11:19:04.402+05:30  INFO 12444 --- [Smart-Interview-Prep-Platform] [restartedMain] o.s.b.d.a.OptionalLiveReloadServer       : LiveReload server is running on port 35729
2026-05-06T11:19:04.479+05:30  INFO 12444 --- [Smart-Interview-Prep-Platform] [restartedMain] o.s.b.w.embedded.tomcat.TomcatWebServer  : Tomcat started on port 8080 (http) with context path ''
2026-05-06T11:19:04.493+05:30  INFO 12444 --- [Smart-Interview-Prep-Platform] [restartedMain] .P.SmartInterviewPrepPlatformApplication : Started SmartInterviewPrepPlatformApplication in 14.38 seconds (process running for 23.656)
2026-05-06T11:20:25.889+05:30  INFO 12444 --- [Smart-Interview-Prep-Platform] [http-nio-8080-exec-3] o.a.c.c.C.[Tomcat].[localhost].[/]       : Initializing Spring DispatcherServlet 'dispatcherServlet'
2026-05-06T11:20:25.890+05:30  INFO 12444 --- [Smart-Interview-Prep-Platform] [http-nio-8080-exec-3] o.s.web.servlet.DispatcherServlet        : Initializing Servlet 'dispatcherServlet'
2026-05-06T11:20:25.894+05:30  INFO 12444 --- [Smart-Interview-Prep-Platform] [http-nio-8080-exec-3] o.s.web.servlet.DispatcherServlet        : Completed initialization in 2 ms
2026-05-06T11:20:25.924+05:30 DEBUG 12444 --- [Smart-Interview-Prep-Platform] [http-nio-8080-exec-3] o.s.security.web.FilterChainProxy        : Securing POST /api/auth/login
2026-05-06T11:20:25.932+05:30  INFO 12444 --- [Smart-Interview-Prep-Platform] [http-nio-8080-exec-3] c.S.I.P.Platform.security.JwtAuthFilter  : JWT Filter null
2026-05-06T11:20:25.936+05:30 DEBUG 12444 --- [Smart-Interview-Prep-Platform] [http-nio-8080-exec-3] o.s.s.w.a.AnonymousAuthenticationFilter  : Set SecurityContextHolder to anonymous SecurityContext
2026-05-06T11:20:25.938+05:30 DEBUG 12444 --- [Smart-Interview-Prep-Platform] [http-nio-8080-exec-3] o.s.security.web.FilterChainProxy        : Secured POST /api/auth/login
2026-05-06T11:20:26.113+05:30  INFO 12444 --- [Smart-Interview-Prep-Platform] [http-nio-8080-exec-3] c.S.I.Prep.Platform.service.AuthService  : Login attempt for email: sam@gmail.com
2026-05-06T11:20:38.538+05:30 DEBUG 12444 --- [Smart-Interview-Prep-Platform] [http-nio-8080-exec-2] o.s.security.web.FilterChainProxy        : Securing POST /api/user/quiz/start
2026-05-06T11:20:38.538+05:30  INFO 12444 --- [Smart-Interview-Prep-Platform] [http-nio-8080-exec-2] c.S.I.P.Platform.security.JwtAuthFilter  : JWT Filter Bearer eyJhbGciOiJIUzI1NiJ9.eyJzdWIiOiJzYW1AZ21haWwuY29tIiwicm9sZSI6IkFETUlOIiwiaWF0IjoxNzc4MDQ2NjI2LCJleHAiOjE3NzgxMzMwMjZ9.H2x-kJ580HIv6kz7Pwllx6bQzy2YkqlaMssuQUlJGwA
2026-05-06T11:20:38.539+05:30  INFO 12444 --- [Smart-Interview-Prep-Platform] [http-nio-8080-exec-2] c.S.I.P.Platform.security.JwtAuthFilter  : Token eyJhbGciOiJIUzI1NiJ9.eyJzdWIiOiJzYW1AZ21haWwuY29tIiwicm9sZSI6IkFETUlOIiwiaWF0IjoxNzc4MDQ2NjI2LCJleHAiOjE3NzgxMzMwMjZ9.H2x-kJ580HIv6kz7Pwllx6bQzy2YkqlaMssuQUlJGwA
2026-05-06T11:20:38.612+05:30  INFO 12444 --- [Smart-Interview-Prep-Platform] [http-nio-8080-exec-2] c.S.I.P.Platform.security.JwtAuthFilter  : Token Filter email sam@gmail.com
2026-05-06T11:20:38.615+05:30  INFO 12444 --- [Smart-Interview-Prep-Platform] [http-nio-8080-exec-2] c.S.I.P.Platform.security.JwtAuthFilter  : Token Filter auth UsernamePasswordAuthenticationToken [Principal=sam@gmail.com, Credentials=[PROTECTED], Authenticated=true, Details=null, Granted Authorities=[ROLE_ADMIN]]
2026-05-06T11:20:38.617+05:30 DEBUG 12444 --- [Smart-Interview-Prep-Platform] [http-nio-8080-exec-2] o.s.security.web.FilterChainProxy        : Secured POST /api/user/quiz/start
2026-05-06T11:20:38.723+05:30  INFO 12444 --- [Smart-Interview-Prep-Platform] [http-nio-8080-exec-2] c.S.I.Prep.Platform.service.QuizService  : Questions
2026-05-06T11:20:38.893+05:30 ERROR 12444 --- [Smart-Interview-Prep-Platform] [http-nio-8080-exec-2] o.a.c.c.C.[.[.[/].[dispatcherServlet]    : Servlet.service() for servlet [dispatcherServlet] in context with path [] threw exception [Request processing failed: java.lang.NullPointerException] with root cause

java.lang.NullPointerException: null
	at java.base/java.util.Objects.requireNonNull(Objects.java:233) ~[na:na]
	at java.base/java.util.ImmutableCollections.listFromTrustedArray(ImmutableCollections.java:215) ~[na:na]
	at java.base/java.util.List.of(List.java:991) ~[na:na]
	at com.Smart.Interview.Prep.Platform.service.QuizService.mapToDTO(QuizService.java:98) ~[classes/:na]
	at com.Smart.Interview.Prep.Platform.service.QuizService.lambda$startQuiz$0(QuizService.java:44) ~[classes/:na]
	at java.base/java.util.stream.ReferencePipeline$3$1.accept(ReferencePipeline.java:197) ~[na:na]
	at java.base/java.util.ArrayList$ArrayListSpliterator.forEachRemaining(ArrayList.java:1708) ~[na:na]
	at java.base/java.util.stream.AbstractPipeline.copyInto(AbstractPipeline.java:509) ~[na:na]
	at java.base/java.util.stream.AbstractPipeline.wrapAndCopyInto(AbstractPipeline.java:499) ~[na:na]
	at java.base/java.util.stream.AbstractPipeline.evaluate(AbstractPipeline.java:575) ~[na:na]
	at java.base/java.util.stream.AbstractPipeline.evaluateToArrayNode(AbstractPipeline.java:260) ~[na:na]
	at java.base/java.util.stream.ReferencePipeline.toArray(ReferencePipeline.java:616) ~[na:na]
	at java.base/java.util.stream.ReferencePipeline.toArray(ReferencePipeline.java:622) ~[na:na]
	at java.base/java.util.stream.ReferencePipeline.toList(ReferencePipeline.java:627) ~[na:na]
	at com.Smart.Interview.Prep.Platform.service.QuizService.startQuiz(QuizService.java:45) ~[classes/:na]
	at com.Smart.Interview.Prep.Platform.controller.QuizController.startQuiz(QuizController.java:29) ~[classes/:na]
	at java.base/jdk.internal.reflect.DirectMethodHandleAccessor.invoke(DirectMethodHandleAccessor.java:103) ~[na:na]
	at java.base/java.lang.reflect.Method.invoke(Method.java:580) ~[na:na]
	at org.springframework.web.method.support.InvocableHandlerMethod.doInvoke(InvocableHandlerMethod.java:255) ~[spring-web-6.1.6.jar:6.1.6]
	at org.springframework.web.method.support.InvocableHandlerMethod.invokeForRequest(InvocableHandlerMethod.java:188) ~[spring-web-6.1.6.jar:6.1.6]
	at org.springframework.web.servlet.mvc.method.annotation.ServletInvocableHandlerMethod.invokeAndHandle(ServletInvocableHandlerMethod.java:118) ~[spring-webmvc-6.1.6.jar:6.1.6]
	at org.springframework.web.servlet.mvc.method.annotation.RequestMappingHandlerAdapter.invokeHandlerMethod(RequestMappingHandlerAdapter.java:926) ~[spring-webmvc-6.1.6.jar:6.1.6]
	at org.springframework.web.servlet.mvc.method.annotation.RequestMappingHandlerAdapter.handleInternal(RequestMappingHandlerAdapter.java:831) ~[spring-webmvc-6.1.6.jar:6.1.6]
	at org.springframework.web.servlet.mvc.method.AbstractHandlerMethodAdapter.handle(AbstractHandlerMethodAdapter.java:87) ~[spring-webmvc-6.1.6.jar:6.1.6]
	at org.springframework.web.servlet.DispatcherServlet.doDispatch(DispatcherServlet.java:1089) ~[spring-webmvc-6.1.6.jar:6.1.6]
	at org.springframework.web.servlet.DispatcherServlet.doService(DispatcherServlet.java:979) ~[spring-webmvc-6.1.6.jar:6.1.6]
	at org.springframework.web.servlet.FrameworkServlet.processRequest(FrameworkServlet.java:1014) ~[spring-webmvc-6.1.6.jar:6.1.6]
	at org.springframework.web.servlet.FrameworkServlet.doPost(FrameworkServlet.java:914) ~[spring-webmvc-6.1.6.jar:6.1.6]
	at jakarta.servlet.http.HttpServlet.service(HttpServlet.java:590) ~[tomcat-embed-core-10.1.20.jar:6.0]
	at org.springframework.web.servlet.FrameworkServlet.service(FrameworkServlet.java:885) ~[spring-webmvc-6.1.6.jar:6.1.6]
	at jakarta.servlet.http.HttpServlet.service(HttpServlet.java:658) ~[tomcat-embed-core-10.1.20.jar:6.0]
	at org.apache.catalina.core.ApplicationFilterChain.internalDoFilter(ApplicationFilterChain.java:206) ~[tomcat-embed-core-10.1.20.jar:10.1.20]
	at org.apache.catalina.core.ApplicationFilterChain.doFilter(ApplicationFilterChain.java:150) ~[tomcat-embed-core-10.1.20.jar:10.1.20]
	at org.apache.tomcat.websocket.server.WsFilter.doFilter(WsFilter.java:51) ~[tomcat-embed-websocket-10.1.20.jar:10.1.20]
	at org.apache.catalina.core.ApplicationFilterChain.internalDoFilter(ApplicationFilterChain.java:175) ~[tomcat-embed-core-10.1.20.jar:10.1.20]
	at org.apache.catalina.core.ApplicationFilterChain.doFilter(ApplicationFilterChain.java:150) ~[tomcat-embed-core-10.1.20.jar:10.1.20]
	at org.springframework.web.filter.OncePerRequestFilter.doFilter(OncePerRequestFilter.java:110) ~[spring-web-6.1.6.jar:6.1.6]
	at org.apache.catalina.core.ApplicationFilterChain.internalDoFilter(ApplicationFilterChain.java:175) ~[tomcat-embed-core-10.1.20.jar:10.1.20]
	at org.apache.catalina.core.ApplicationFilterChain.doFilter(ApplicationFilterChain.java:150) ~[tomcat-embed-core-10.1.20.jar:10.1.20]
	at org.springframework.web.filter.CompositeFilter$VirtualFilterChain.doFilter(CompositeFilter.java:108) ~[spring-web-6.1.6.jar:6.1.6]
	at org.springframework.security.web.FilterChainProxy.lambda$doFilterInternal$3(FilterChainProxy.java:231) ~[spring-security-web-6.2.4.jar:6.2.4]
	at org.springframework.security.web.FilterChainProxy$VirtualFilterChain.doFilter(FilterChainProxy.java:365) ~[spring-security-web-6.2.4.jar:6.2.4]
	at org.springframework.security.web.access.intercept.AuthorizationFilter.doFilter(AuthorizationFilter.java:100) ~[spring-security-web-6.2.4.jar:6.2.4]
	at org.springframework.security.web.FilterChainProxy$VirtualFilterChain.doFilter(FilterChainProxy.java:374) ~[spring-security-web-6.2.4.jar:6.2.4]
	at org.springframework.security.web.access.ExceptionTranslationFilter.doFilter(ExceptionTranslationFilter.java:126) ~[spring-security-web-6.2.4.jar:6.2.4]
	at org.springframework.security.web.access.ExceptionTranslationFilter.doFilter(ExceptionTranslationFilter.java:120) ~[spring-security-web-6.2.4.jar:6.2.4]
	at org.springframework.security.web.FilterChainProxy$VirtualFilterChain.doFilter(FilterChainProxy.java:374) ~[spring-security-web-6.2.4.jar:6.2.4]
	at org.springframework.security.web.session.SessionManagementFilter.doFilter(SessionManagementFilter.java:131) ~[spring-security-web-6.2.4.jar:6.2.4]
	at org.springframework.security.web.session.SessionManagementFilter.doFilter(SessionManagementFilter.java:85) ~[spring-security-web-6.2.4.jar:6.2.4]
	at org.springframework.security.web.FilterChainProxy$VirtualFilterChain.doFilter(FilterChainProxy.java:374) ~[spring-security-web-6.2.4.jar:6.2.4]
	at org.springframework.security.web.authentication.AnonymousAuthenticationFilter.doFilter(AnonymousAuthenticationFilter.java:100) ~[spring-security-web-6.2.4.jar:6.2.4]
	at org.springframework.security.web.FilterChainProxy$VirtualFilterChain.doFilter(FilterChainProxy.java:374) ~[spring-security-web-6.2.4.jar:6.2.4]
	at org.springframework.security.web.servletapi.SecurityContextHolderAwareRequestFilter.doFilter(SecurityContextHolderAwareRequestFilter.java:179) ~[spring-security-web-6.2.4.jar:6.2.4]
	at org.springframework.security.web.FilterChainProxy$VirtualFilterChain.doFilter(FilterChainProxy.java:374) ~[spring-security-web-6.2.4.jar:6.2.4]
	at org.springframework.security.web.savedrequest.RequestCacheAwareFilter.doFilter(RequestCacheAwareFilter.java:63) ~[spring-security-web-6.2.4.jar:6.2.4]
	at org.springframework.security.web.FilterChainProxy$VirtualFilterChain.doFilter(FilterChainProxy.java:374) ~[spring-security-web-6.2.4.jar:6.2.4]
	at com.Smart.Interview.Prep.Platform.security.JwtAuthFilter.doFilterInternal(JwtAuthFilter.java:68) ~[classes/:na]
	at org.springframework.web.filter.OncePerRequestFilter.doFilter(OncePerRequestFilter.java:116) ~[spring-web-6.1.6.jar:6.1.6]
	at org.springframework.security.web.FilterChainProxy$VirtualFilterChain.doFilter(FilterChainProxy.java:374) ~[spring-security-web-6.2.4.jar:6.2.4]
	at org.springframework.security.web.authentication.logout.LogoutFilter.doFilter(LogoutFilter.java:107) ~[spring-security-web-6.2.4.jar:6.2.4]
	at org.springframework.security.web.authentication.logout.LogoutFilter.doFilter(LogoutFilter.java:93) ~[spring-security-web-6.2.4.jar:6.2.4]
	at org.springframework.security.web.FilterChainProxy$VirtualFilterChain.doFilter(FilterChainProxy.java:374) ~[spring-security-web-6.2.4.jar:6.2.4]
	at org.springframework.web.filter.CorsFilter.doFilterInternal(CorsFilter.java:91) ~[spring-web-6.1.6.jar:6.1.6]
	at org.springframework.web.filter.OncePerRequestFilter.doFilter(OncePerRequestFilter.java:116) ~[spring-web-6.1.6.jar:6.1.6]
	at org.springframework.security.web.FilterChainProxy$VirtualFilterChain.doFilter(FilterChainProxy.java:374) ~[spring-security-web-6.2.4.jar:6.2.4]
	at org.springframework.security.web.header.HeaderWriterFilter.doHeadersAfter(HeaderWriterFilter.java:90) ~[spring-security-web-6.2.4.jar:6.2.4]
	at org.springframework.security.web.header.HeaderWriterFilter.doFilterInternal(HeaderWriterFilter.java:75) ~[spring-security-web-6.2.4.jar:6.2.4]
	at org.springframework.web.filter.OncePerRequestFilter.doFilter(OncePerRequestFilter.java:116) ~[spring-web-6.1.6.jar:6.1.6]
	at org.springframework.security.web.FilterChainProxy$VirtualFilterChain.doFilter(FilterChainProxy.java:374) ~[spring-security-web-6.2.4.jar:6.2.4]
	at org.springframework.security.web.context.SecurityContextHolderFilter.doFilter(SecurityContextHolderFilter.java:82) ~[spring-security-web-6.2.4.jar:6.2.4]
	at org.springframework.security.web.context.SecurityContextHolderFilter.doFilter(SecurityContextHolderFilter.java:69) ~[spring-security-web-6.2.4.jar:6.2.4]
	at org.springframework.security.web.FilterChainProxy$VirtualFilterChain.doFilter(FilterChainProxy.java:374) ~[spring-security-web-6.2.4.jar:6.2.4]
	at org.springframework.security.web.context.request.async.WebAsyncManagerIntegrationFilter.doFilterInternal(WebAsyncManagerIntegrationFilter.java:62) ~[spring-security-web-6.2.4.jar:6.2.4]
	at org.springframework.web.filter.OncePerRequestFilter.doFilter(OncePerRequestFilter.java:116) ~[spring-web-6.1.6.jar:6.1.6]
	at org.springframework.security.web.FilterChainProxy$VirtualFilterChain.doFilter(FilterChainProxy.java:374) ~[spring-security-web-6.2.4.jar:6.2.4]
	at org.springframework.security.web.session.DisableEncodeUrlFilter.doFilterInternal(DisableEncodeUrlFilter.java:42) ~[spring-security-web-6.2.4.jar:6.2.4]
	at org.springframework.web.filter.OncePerRequestFilter.doFilter(OncePerRequestFilter.java:116) ~[spring-web-6.1.6.jar:6.1.6]
	at org.springframework.security.web.FilterChainProxy$VirtualFilterChain.doFilter(FilterChainProxy.java:374) ~[spring-security-web-6.2.4.jar:6.2.4]
	at org.springframework.security.web.FilterChainProxy.doFilterInternal(FilterChainProxy.java:233) ~[spring-security-web-6.2.4.jar:6.2.4]
	at org.springframework.security.web.FilterChainProxy.doFilter(FilterChainProxy.java:191) ~[spring-security-web-6.2.4.jar:6.2.4]
	at org.springframework.web.filter.CompositeFilter$VirtualFilterChain.doFilter(CompositeFilter.java:113) ~[spring-web-6.1.6.jar:6.1.6]
	at org.springframework.web.servlet.handler.HandlerMappingIntrospector.lambda$createCacheFilter$3(HandlerMappingIntrospector.java:195) ~[spring-webmvc-6.1.6.jar:6.1.6]
	at org.springframework.web.filter.CompositeFilter$VirtualFilterChain.doFilter(CompositeFilter.java:113) ~[spring-web-6.1.6.jar:6.1.6]
	at org.springframework.web.filter.CompositeFilter.doFilter(CompositeFilter.java:74) ~[spring-web-6.1.6.jar:6.1.6]
	at org.springframework.security.config.annotation.web.configuration.WebMvcSecurityConfiguration$CompositeFilterChainProxy.doFilter(WebMvcSecurityConfiguration.java:230) ~[spring-security-config-6.2.4.jar:6.2.4]
	at org.springframework.web.filter.DelegatingFilterProxy.invokeDelegate(DelegatingFilterProxy.java:352) ~[spring-web-6.1.6.jar:6.1.6]
	at org.springframework.web.filter.DelegatingFilterProxy.doFilter(DelegatingFilterProxy.java:268) ~[spring-web-6.1.6.jar:6.1.6]
	at org.apache.catalina.core.ApplicationFilterChain.internalDoFilter(ApplicationFilterChain.java:175) ~[tomcat-embed-core-10.1.20.jar:10.1.20]
	at org.apache.catalina.core.ApplicationFilterChain.doFilter(ApplicationFilterChain.java:150) ~[tomcat-embed-core-10.1.20.jar:10.1.20]
	at org.springframework.web.filter.RequestContextFilter.doFilterInternal(RequestContextFilter.java:100) ~[spring-web-6.1.6.jar:6.1.6]
	at org.springframework.web.filter.OncePerRequestFilter.doFilter(OncePerRequestFilter.java:116) ~[spring-web-6.1.6.jar:6.1.6]
	at org.apache.catalina.core.ApplicationFilterChain.internalDoFilter(ApplicationFilterChain.java:175) ~[tomcat-embed-core-10.1.20.jar:10.1.20]
	at org.apache.catalina.core.ApplicationFilterChain.doFilter(ApplicationFilterChain.java:150) ~[tomcat-embed-core-10.1.20.jar:10.1.20]
	at org.springframework.web.filter.FormContentFilter.doFilterInternal(FormContentFilter.java:93) ~[spring-web-6.1.6.jar:6.1.6]
	at org.springframework.web.filter.OncePerRequestFilter.doFilter(OncePerRequestFilter.java:116) ~[spring-web-6.1.6.jar:6.1.6]
	at org.apache.catalina.core.ApplicationFilterChain.internalDoFilter(ApplicationFilterChain.java:175) ~[tomcat-embed-core-10.1.20.jar:10.1.20]
	at org.apache.catalina.core.ApplicationFilterChain.doFilter(ApplicationFilterChain.java:150) ~[tomcat-embed-core-10.1.20.jar:10.1.20]
	at org.springframework.web.filter.CharacterEncodingFilter.doFilterInternal(CharacterEncodingFilter.java:201) ~[spring-web-6.1.6.jar:6.1.6]
	at org.springframework.web.filter.OncePerRequestFilter.doFilter(OncePerRequestFilter.java:116) ~[spring-web-6.1.6.jar:6.1.6]
	at org.apache.catalina.core.ApplicationFilterChain.internalDoFilter(ApplicationFilterChain.java:175) ~[tomcat-embed-core-10.1.20.jar:10.1.20]
	at org.apache.catalina.core.ApplicationFilterChain.doFilter(ApplicationFilterChain.java:150) ~[tomcat-embed-core-10.1.20.jar:10.1.20]
	at org.apache.catalina.core.StandardWrapperValve.invoke(StandardWrapperValve.java:167) ~[tomcat-embed-core-10.1.20.jar:10.1.20]
	at org.apache.catalina.core.StandardContextValve.invoke(StandardContextValve.java:90) ~[tomcat-embed-core-10.1.20.jar:10.1.20]
	at org.apache.catalina.authenticator.AuthenticatorBase.invoke(AuthenticatorBase.java:482) ~[tomcat-embed-core-10.1.20.jar:10.1.20]
	at org.apache.catalina.core.StandardHostValve.invoke(StandardHostValve.java:115) ~[tomcat-embed-core-10.1.20.jar:10.1.20]
	at org.apache.catalina.valves.ErrorReportValve.invoke(ErrorReportValve.java:93) ~[tomcat-embed-core-10.1.20.jar:10.1.20]
	at org.apache.catalina.core.StandardEngineValve.invoke(StandardEngineValve.java:74) ~[tomcat-embed-core-10.1.20.jar:10.1.20]
	at org.apache.catalina.connector.CoyoteAdapter.service(CoyoteAdapter.java:344) ~[tomcat-embed-core-10.1.20.jar:10.1.20]
	at org.apache.coyote.http11.Http11Processor.service(Http11Processor.java:391) ~[tomcat-embed-core-10.1.20.jar:10.1.20]
	at org.apache.coyote.AbstractProcessorLight.process(AbstractProcessorLight.java:63) ~[tomcat-embed-core-10.1.20.jar:10.1.20]
	at org.apache.coyote.AbstractProtocol$ConnectionHandler.process(AbstractProtocol.java:896) ~[tomcat-embed-core-10.1.20.jar:10.1.20]
	at org.apache.tomcat.util.net.NioEndpoint$SocketProcessor.doRun(NioEndpoint.java:1736) ~[tomcat-embed-core-10.1.20.jar:10.1.20]
	at org.apache.tomcat.util.net.SocketProcessorBase.run(SocketProcessorBase.java:52) ~[tomcat-embed-core-10.1.20.jar:10.1.20]
	at org.apache.tomcat.util.threads.ThreadPoolExecutor.runWorker(ThreadPoolExecutor.java:1191) ~[tomcat-embed-core-10.1.20.jar:10.1.20]
	at org.apache.tomcat.util.threads.ThreadPoolExecutor$Worker.run(ThreadPoolExecutor.java:659) ~[tomcat-embed-core-10.1.20.jar:10.1.20]
	at org.apache.tomcat.util.threads.TaskThread$WrappingRunnable.run(TaskThread.java:63) ~[tomcat-embed-core-10.1.20.jar:10.1.20]
	at java.base/java.lang.Thread.run(Thread.java:1583) ~[na:na]

2026-05-06T11:20:38.925+05:30 DEBUG 12444 --- [Smart-Interview-Prep-Platform] [http-nio-8080-exec-2] o.s.security.web.FilterChainProxy        : Securing POST /error
2026-05-06T11:20:38.926+05:30 DEBUG 12444 --- [Smart-Interview-Prep-Platform] [http-nio-8080-exec-2] o.s.s.w.a.AnonymousAuthenticationFilter  : Set SecurityContextHolder to anonymous SecurityContext
2026-05-06T11:20:38.928+05:30 DEBUG 12444 --- [Smart-Interview-Prep-Platform] [http-nio-8080-exec-2] o.s.s.w.a.Http403ForbiddenEntryPoint     : Pre-authenticated entry point called. Rejecting access
2026-05-06T11:22:53.770+05:30  INFO 12444 --- [Smart-Interview-Prep-Platform] [SpringApplicationShutdownHook] j.LocalContainerEntityManagerFactoryBean : Closing JPA EntityManagerFactory for persistence unit 'default'
2026-05-06T11:22:53.784+05:30  INFO 12444 --- [Smart-Interview-Prep-Platform] [SpringApplicationShutdownHook] com.zaxxer.hikari.HikariDataSource       : HikariPool-1 - Shutdown initiated...
2026-05-06T11:22:53.805+05:30  INFO 12444 --- [Smart-Interview-Prep-Platform] [SpringApplicationShutdownHook] com.zaxxer.hikari.HikariDataSource       : HikariPool-1 - Shutdown completed.
2026-05-06T11:23:04.136+05:30  INFO 16560 --- [Smart-Interview-Prep-Platform] [restartedMain] .P.SmartInterviewPrepPlatformApplication : Starting SmartInterviewPrepPlatformApplication using Java 21.0.10 with PID 16560 (C:\Users\Dell\Desktop\Smart Interview Prep Platform (3)\Smart Interview Prep Platform\Smart-Interview-Prep-Platform\target\classes started by Dell in C:\Users\Dell\Desktop\Smart Interview Prep Platform (3)\Smart Interview Prep Platform\Smart-Interview-Prep-Platform)
2026-05-06T11:23:04.138+05:30 DEBUG 16560 --- [Smart-Interview-Prep-Platform] [restartedMain] .P.SmartInterviewPrepPlatformApplication : Running with Spring Boot v3.2.5, Spring v6.1.6
2026-05-06T11:23:04.139+05:30  INFO 16560 --- [Smart-Interview-Prep-Platform] [restartedMain] .P.SmartInterviewPrepPlatformApplication : No active profile set, falling back to 1 default profile: "default"
2026-05-06T11:23:04.207+05:30  INFO 16560 --- [Smart-Interview-Prep-Platform] [restartedMain] .e.DevToolsPropertyDefaultsPostProcessor : Devtools property defaults active! Set 'spring.devtools.add-properties' to 'false' to disable
2026-05-06T11:23:04.208+05:30  INFO 16560 --- [Smart-Interview-Prep-Platform] [restartedMain] .e.DevToolsPropertyDefaultsPostProcessor : For additional web related logging consider setting the 'logging.level.web' property to 'DEBUG'
2026-05-06T11:23:05.625+05:30  INFO 16560 --- [Smart-Interview-Prep-Platform] [restartedMain] .s.d.r.c.RepositoryConfigurationDelegate : Bootstrapping Spring Data JPA repositories in DEFAULT mode.
2026-05-06T11:23:05.809+05:30  INFO 16560 --- [Smart-Interview-Prep-Platform] [restartedMain] .s.d.r.c.RepositoryConfigurationDelegate : Finished Spring Data repository scanning in 162 ms. Found 4 JPA repository interfaces.
2026-05-06T11:23:07.035+05:30  INFO 16560 --- [Smart-Interview-Prep-Platform] [restartedMain] o.s.b.w.embedded.tomcat.TomcatWebServer  : Tomcat initialized with port 8080 (http)
2026-05-06T11:23:07.064+05:30  INFO 16560 --- [Smart-Interview-Prep-Platform] [restartedMain] o.apache.catalina.core.StandardService   : Starting service [Tomcat]
2026-05-06T11:23:07.064+05:30  INFO 16560 --- [Smart-Interview-Prep-Platform] [restartedMain] o.apache.catalina.core.StandardEngine    : Starting Servlet engine: [Apache Tomcat/10.1.20]
2026-05-06T11:23:07.202+05:30  INFO 16560 --- [Smart-Interview-Prep-Platform] [restartedMain] o.a.c.c.C.[Tomcat].[localhost].[/]       : Initializing Spring embedded WebApplicationContext
2026-05-06T11:23:07.203+05:30  INFO 16560 --- [Smart-Interview-Prep-Platform] [restartedMain] w.s.c.ServletWebServerApplicationContext : Root WebApplicationContext: initialization completed in 2995 ms
2026-05-06T11:23:07.295+05:30  INFO 16560 --- [Smart-Interview-Prep-Platform] [restartedMain] com.zaxxer.hikari.HikariDataSource       : HikariPool-1 - Starting...
2026-05-06T11:23:08.091+05:30  INFO 16560 --- [Smart-Interview-Prep-Platform] [restartedMain] com.zaxxer.hikari.pool.HikariPool        : HikariPool-1 - Added connection com.mysql.cj.jdbc.ConnectionImpl@175cb0ea
2026-05-06T11:23:08.098+05:30  INFO 16560 --- [Smart-Interview-Prep-Platform] [restartedMain] com.zaxxer.hikari.HikariDataSource       : HikariPool-1 - Start completed.
2026-05-06T11:23:08.122+05:30  INFO 16560 --- [Smart-Interview-Prep-Platform] [restartedMain] o.s.b.a.h2.H2ConsoleAutoConfiguration    : H2 console available at '/h2-console'. Database available at 'jdbc:mysql://localhost:3306/interview_prep'
2026-05-06T11:23:08.268+05:30 DEBUG 16560 --- [Smart-Interview-Prep-Platform] [restartedMain] c.S.I.P.Platform.security.JwtAuthFilter  : Filter 'jwtAuthFilter' configured for use
2026-05-06T11:23:08.448+05:30  INFO 16560 --- [Smart-Interview-Prep-Platform] [restartedMain] o.hibernate.jpa.internal.util.LogHelper  : HHH000204: Processing PersistenceUnitInfo [name: default]
2026-05-06T11:23:08.552+05:30  INFO 16560 --- [Smart-Interview-Prep-Platform] [restartedMain] org.hibernate.Version                    : HHH000412: Hibernate ORM core version 6.4.4.Final
2026-05-06T11:23:08.649+05:30  INFO 16560 --- [Smart-Interview-Prep-Platform] [restartedMain] o.h.c.internal.RegionFactoryInitiator    : HHH000026: Second-level cache disabled
2026-05-06T11:23:09.070+05:30  INFO 16560 --- [Smart-Interview-Prep-Platform] [restartedMain] o.s.o.j.p.SpringPersistenceUnitInfo      : No LoadTimeWeaver setup: ignoring JPA class transformer
2026-05-06T11:23:11.539+05:30  INFO 16560 --- [Smart-Interview-Prep-Platform] [restartedMain] o.h.e.t.j.p.i.JtaPlatformInitiator       : HHH000489: No JTA platform available (set 'hibernate.transaction.jta.platform' to enable JTA platform integration)
2026-05-06T11:23:11.715+05:30  INFO 16560 --- [Smart-Interview-Prep-Platform] [restartedMain] j.LocalContainerEntityManagerFactoryBean : Initialized JPA EntityManagerFactory for persistence unit 'default'
2026-05-06T11:23:12.496+05:30  INFO 16560 --- [Smart-Interview-Prep-Platform] [restartedMain] o.s.d.j.r.query.QueryEnhancerFactory     : Hibernate is in classpath; If applicable, HQL parser will be used.
2026-05-06T11:23:12.621+05:30  WARN 16560 --- [Smart-Interview-Prep-Platform] [restartedMain] JpaBaseConfiguration$JpaWebConfiguration : spring.jpa.open-in-view is enabled by default. Therefore, database queries may be performed during view rendering. Explicitly configure spring.jpa.open-in-view to disable this warning
2026-05-06T11:23:12.695+05:30 DEBUG 16560 --- [Smart-Interview-Prep-Platform] [restartedMain] swordEncoderAuthenticationManagerBuilder : No authenticationProviders and no parentAuthenticationManager defined. Returning null.
2026-05-06T11:23:13.402+05:30  INFO 16560 --- [Smart-Interview-Prep-Platform] [restartedMain] o.s.s.web.DefaultSecurityFilterChain     : Will secure any request with [org.springframework.security.web.session.DisableEncodeUrlFilter@4eab4290, org.springframework.security.web.context.request.async.WebAsyncManagerIntegrationFilter@1c624d20, org.springframework.security.web.context.SecurityContextHolderFilter@70170767, org.springframework.security.web.header.HeaderWriterFilter@10e9fe93, org.springframework.web.filter.CorsFilter@3f46e230, org.springframework.security.web.authentication.logout.LogoutFilter@3600bdd4, com.Smart.Interview.Prep.Platform.security.JwtAuthFilter@5ad207d8, org.springframework.security.web.savedrequest.RequestCacheAwareFilter@d199122, org.springframework.security.web.servletapi.SecurityContextHolderAwareRequestFilter@3d2708a6, org.springframework.security.web.authentication.AnonymousAuthenticationFilter@525dff54, org.springframework.security.web.session.SessionManagementFilter@485eb70, org.springframework.security.web.access.ExceptionTranslationFilter@609ceabf, org.springframework.security.web.access.intercept.AuthorizationFilter@70745df8]
2026-05-06T11:23:14.051+05:30  INFO 16560 --- [Smart-Interview-Prep-Platform] [restartedMain] o.s.b.d.a.OptionalLiveReloadServer       : LiveReload server is running on port 35729
2026-05-06T11:23:14.159+05:30  INFO 16560 --- [Smart-Interview-Prep-Platform] [restartedMain] o.s.b.w.embedded.tomcat.TomcatWebServer  : Tomcat started on port 8080 (http) with context path ''
2026-05-06T11:23:14.182+05:30  INFO 16560 --- [Smart-Interview-Prep-Platform] [restartedMain] .P.SmartInterviewPrepPlatformApplication : Started SmartInterviewPrepPlatformApplication in 10.641 seconds (process running for 11.695)
2026-05-06T11:23:29.533+05:30  INFO 16560 --- [Smart-Interview-Prep-Platform] [http-nio-8080-exec-1] o.a.c.c.C.[Tomcat].[localhost].[/]       : Initializing Spring DispatcherServlet 'dispatcherServlet'
2026-05-06T11:23:29.533+05:30  INFO 16560 --- [Smart-Interview-Prep-Platform] [http-nio-8080-exec-1] o.s.web.servlet.DispatcherServlet        : Initializing Servlet 'dispatcherServlet'
2026-05-06T11:23:29.536+05:30  INFO 16560 --- [Smart-Interview-Prep-Platform] [http-nio-8080-exec-1] o.s.web.servlet.DispatcherServlet        : Completed initialization in 2 ms
2026-05-06T11:23:29.573+05:30 DEBUG 16560 --- [Smart-Interview-Prep-Platform] [http-nio-8080-exec-1] o.s.security.web.FilterChainProxy        : Securing POST /api/auth/login
2026-05-06T11:23:29.586+05:30  INFO 16560 --- [Smart-Interview-Prep-Platform] [http-nio-8080-exec-1] c.S.I.P.Platform.security.JwtAuthFilter  : JWT Filter null
2026-05-06T11:23:29.590+05:30 DEBUG 16560 --- [Smart-Interview-Prep-Platform] [http-nio-8080-exec-1] o.s.s.w.a.AnonymousAuthenticationFilter  : Set SecurityContextHolder to anonymous SecurityContext
2026-05-06T11:23:29.593+05:30 DEBUG 16560 --- [Smart-Interview-Prep-Platform] [http-nio-8080-exec-1] o.s.security.web.FilterChainProxy        : Secured POST /api/auth/login
2026-05-06T11:23:29.783+05:30  INFO 16560 --- [Smart-Interview-Prep-Platform] [http-nio-8080-exec-1] c.S.I.Prep.Platform.service.AuthService  : Login attempt for email: sam@gmail.com
2026-05-06T11:23:46.352+05:30 DEBUG 16560 --- [Smart-Interview-Prep-Platform] [http-nio-8080-exec-3] o.s.security.web.FilterChainProxy        : Securing POST /api/user/quiz/start
2026-05-06T11:23:46.354+05:30  INFO 16560 --- [Smart-Interview-Prep-Platform] [http-nio-8080-exec-3] c.S.I.P.Platform.security.JwtAuthFilter  : JWT Filter Bearer eyJhbGciOiJIUzI1NiJ9.eyJzdWIiOiJzYW1AZ21haWwuY29tIiwicm9sZSI6IkFETUlOIiwiaWF0IjoxNzc4MDQ2ODEwLCJleHAiOjE3NzgxMzMyMTB9.pOBDCZA0L8WzteTQzDBSxaFCu7fJDpSiOGCr9KJ3cPc
2026-05-06T11:23:46.354+05:30  INFO 16560 --- [Smart-Interview-Prep-Platform] [http-nio-8080-exec-3] c.S.I.P.Platform.security.JwtAuthFilter  : Token eyJhbGciOiJIUzI1NiJ9.eyJzdWIiOiJzYW1AZ21haWwuY29tIiwicm9sZSI6IkFETUlOIiwiaWF0IjoxNzc4MDQ2ODEwLCJleHAiOjE3NzgxMzMyMTB9.pOBDCZA0L8WzteTQzDBSxaFCu7fJDpSiOGCr9KJ3cPc
2026-05-06T11:23:46.448+05:30  INFO 16560 --- [Smart-Interview-Prep-Platform] [http-nio-8080-exec-3] c.S.I.P.Platform.security.JwtAuthFilter  : Token Filter email sam@gmail.com
2026-05-06T11:23:46.452+05:30  INFO 16560 --- [Smart-Interview-Prep-Platform] [http-nio-8080-exec-3] c.S.I.P.Platform.security.JwtAuthFilter  : Token Filter auth UsernamePasswordAuthenticationToken [Principal=sam@gmail.com, Credentials=[PROTECTED], Authenticated=true, Details=null, Granted Authorities=[ROLE_ADMIN]]
2026-05-06T11:23:46.454+05:30 DEBUG 16560 --- [Smart-Interview-Prep-Platform] [http-nio-8080-exec-3] o.s.security.web.FilterChainProxy        : Secured POST /api/user/quiz/start
2026-05-06T11:23:46.598+05:30  INFO 16560 --- [Smart-Interview-Prep-Platform] [http-nio-8080-exec-3] c.S.I.Prep.Platform.service.QuizService  : Questions [Question(id=1, tittle=Two Sum, description=Find two numbers that add up to target, Answer=null, topic=DSA, difficulty=Easy, createdBy=sam@gmail.com, optionA=null, optionB=null, optionC=null, optionD=null), Question(id=2, tittle=Two Sum, description=Find two numbers that add up to target, Answer=null, topic=DSA, difficulty=Easy, createdBy=sam@gmail.com, optionA=null, optionB=null, optionC=null, optionD=null)]
2026-05-06T11:23:46.778+05:30 ERROR 16560 --- [Smart-Interview-Prep-Platform] [http-nio-8080-exec-3] o.a.c.c.C.[.[.[/].[dispatcherServlet]    : Servlet.service() for servlet [dispatcherServlet] in context with path [] threw exception [Request processing failed: java.lang.NullPointerException] with root cause

java.lang.NullPointerException: null
	at java.base/java.util.Objects.requireNonNull(Objects.java:233) ~[na:na]
	at java.base/java.util.ImmutableCollections.listFromTrustedArray(ImmutableCollections.java:215) ~[na:na]
	at java.base/java.util.List.of(List.java:991) ~[na:na]
	at com.Smart.Interview.Prep.Platform.service.QuizService.mapToDTO(QuizService.java:98) ~[classes/:na]
	at com.Smart.Interview.Prep.Platform.service.QuizService.lambda$startQuiz$0(QuizService.java:44) ~[classes/:na]
	at java.base/java.util.stream.ReferencePipeline$3$1.accept(ReferencePipeline.java:197) ~[na:na]
	at java.base/java.util.ArrayList$ArrayListSpliterator.forEachRemaining(ArrayList.java:1708) ~[na:na]
	at java.base/java.util.stream.AbstractPipeline.copyInto(AbstractPipeline.java:509) ~[na:na]
	at java.base/java.util.stream.AbstractPipeline.wrapAndCopyInto(AbstractPipeline.java:499) ~[na:na]
	at java.base/java.util.stream.AbstractPipeline.evaluate(AbstractPipeline.java:575) ~[na:na]
	at java.base/java.util.stream.AbstractPipeline.evaluateToArrayNode(AbstractPipeline.java:260) ~[na:na]
	at java.base/java.util.stream.ReferencePipeline.toArray(ReferencePipeline.java:616) ~[na:na]
	at java.base/java.util.stream.ReferencePipeline.toArray(ReferencePipeline.java:622) ~[na:na]
	at java.base/java.util.stream.ReferencePipeline.toList(ReferencePipeline.java:627) ~[na:na]
	at com.Smart.Interview.Prep.Platform.service.QuizService.startQuiz(QuizService.java:45) ~[classes/:na]
	at com.Smart.Interview.Prep.Platform.controller.QuizController.startQuiz(QuizController.java:29) ~[classes/:na]
	at java.base/jdk.internal.reflect.DirectMethodHandleAccessor.invoke(DirectMethodHandleAccessor.java:103) ~[na:na]
	at java.base/java.lang.reflect.Method.invoke(Method.java:580) ~[na:na]
	at org.springframework.web.method.support.InvocableHandlerMethod.doInvoke(InvocableHandlerMethod.java:255) ~[spring-web-6.1.6.jar:6.1.6]
	at org.springframework.web.method.support.InvocableHandlerMethod.invokeForRequest(InvocableHandlerMethod.java:188) ~[spring-web-6.1.6.jar:6.1.6]
	at org.springframework.web.servlet.mvc.method.annotation.ServletInvocableHandlerMethod.invokeAndHandle(ServletInvocableHandlerMethod.java:118) ~[spring-webmvc-6.1.6.jar:6.1.6]
	at org.springframework.web.servlet.mvc.method.annotation.RequestMappingHandlerAdapter.invokeHandlerMethod(RequestMappingHandlerAdapter.java:926) ~[spring-webmvc-6.1.6.jar:6.1.6]
	at org.springframework.web.servlet.mvc.method.annotation.RequestMappingHandlerAdapter.handleInternal(RequestMappingHandlerAdapter.java:831) ~[spring-webmvc-6.1.6.jar:6.1.6]
	at org.springframework.web.servlet.mvc.method.AbstractHandlerMethodAdapter.handle(AbstractHandlerMethodAdapter.java:87) ~[spring-webmvc-6.1.6.jar:6.1.6]
	at org.springframework.web.servlet.DispatcherServlet.doDispatch(DispatcherServlet.java:1089) ~[spring-webmvc-6.1.6.jar:6.1.6]
	at org.springframework.web.servlet.DispatcherServlet.doService(DispatcherServlet.java:979) ~[spring-webmvc-6.1.6.jar:6.1.6]
	at org.springframework.web.servlet.FrameworkServlet.processRequest(FrameworkServlet.java:1014) ~[spring-webmvc-6.1.6.jar:6.1.6]
	at org.springframework.web.servlet.FrameworkServlet.doPost(FrameworkServlet.java:914) ~[spring-webmvc-6.1.6.jar:6.1.6]
	at jakarta.servlet.http.HttpServlet.service(HttpServlet.java:590) ~[tomcat-embed-core-10.1.20.jar:6.0]
	at org.springframework.web.servlet.FrameworkServlet.service(FrameworkServlet.java:885) ~[spring-webmvc-6.1.6.jar:6.1.6]
	at jakarta.servlet.http.HttpServlet.service(HttpServlet.java:658) ~[tomcat-embed-core-10.1.20.jar:6.0]
	at org.apache.catalina.core.ApplicationFilterChain.internalDoFilter(ApplicationFilterChain.java:206) ~[tomcat-embed-core-10.1.20.jar:10.1.20]
	at org.apache.catalina.core.ApplicationFilterChain.doFilter(ApplicationFilterChain.java:150) ~[tomcat-embed-core-10.1.20.jar:10.1.20]
	at org.apache.tomcat.websocket.server.WsFilter.doFilter(WsFilter.java:51) ~[tomcat-embed-websocket-10.1.20.jar:10.1.20]
	at org.apache.catalina.core.ApplicationFilterChain.internalDoFilter(ApplicationFilterChain.java:175) ~[tomcat-embed-core-10.1.20.jar:10.1.20]
	at org.apache.catalina.core.ApplicationFilterChain.doFilter(ApplicationFilterChain.java:150) ~[tomcat-embed-core-10.1.20.jar:10.1.20]
	at org.springframework.web.filter.OncePerRequestFilter.doFilter(OncePerRequestFilter.java:110) ~[spring-web-6.1.6.jar:6.1.6]
	at org.apache.catalina.core.ApplicationFilterChain.internalDoFilter(ApplicationFilterChain.java:175) ~[tomcat-embed-core-10.1.20.jar:10.1.20]
	at org.apache.catalina.core.ApplicationFilterChain.doFilter(ApplicationFilterChain.java:150) ~[tomcat-embed-core-10.1.20.jar:10.1.20]
	at org.springframework.web.filter.CompositeFilter$VirtualFilterChain.doFilter(CompositeFilter.java:108) ~[spring-web-6.1.6.jar:6.1.6]
	at org.springframework.security.web.FilterChainProxy.lambda$doFilterInternal$3(FilterChainProxy.java:231) ~[spring-security-web-6.2.4.jar:6.2.4]
	at org.springframework.security.web.FilterChainProxy$VirtualFilterChain.doFilter(FilterChainProxy.java:365) ~[spring-security-web-6.2.4.jar:6.2.4]
	at org.springframework.security.web.access.intercept.AuthorizationFilter.doFilter(AuthorizationFilter.java:100) ~[spring-security-web-6.2.4.jar:6.2.4]
	at org.springframework.security.web.FilterChainProxy$VirtualFilterChain.doFilter(FilterChainProxy.java:374) ~[spring-security-web-6.2.4.jar:6.2.4]
	at org.springframework.security.web.access.ExceptionTranslationFilter.doFilter(ExceptionTranslationFilter.java:126) ~[spring-security-web-6.2.4.jar:6.2.4]
	at org.springframework.security.web.access.ExceptionTranslationFilter.doFilter(ExceptionTranslationFilter.java:120) ~[spring-security-web-6.2.4.jar:6.2.4]
	at org.springframework.security.web.FilterChainProxy$VirtualFilterChain.doFilter(FilterChainProxy.java:374) ~[spring-security-web-6.2.4.jar:6.2.4]
	at org.springframework.security.web.session.SessionManagementFilter.doFilter(SessionManagementFilter.java:131) ~[spring-security-web-6.2.4.jar:6.2.4]
	at org.springframework.security.web.session.SessionManagementFilter.doFilter(SessionManagementFilter.java:85) ~[spring-security-web-6.2.4.jar:6.2.4]
	at org.springframework.security.web.FilterChainProxy$VirtualFilterChain.doFilter(FilterChainProxy.java:374) ~[spring-security-web-6.2.4.jar:6.2.4]
	at org.springframework.security.web.authentication.AnonymousAuthenticationFilter.doFilter(AnonymousAuthenticationFilter.java:100) ~[spring-security-web-6.2.4.jar:6.2.4]
	at org.springframework.security.web.FilterChainProxy$VirtualFilterChain.doFilter(FilterChainProxy.java:374) ~[spring-security-web-6.2.4.jar:6.2.4]
	at org.springframework.security.web.servletapi.SecurityContextHolderAwareRequestFilter.doFilter(SecurityContextHolderAwareRequestFilter.java:179) ~[spring-security-web-6.2.4.jar:6.2.4]
	at org.springframework.security.web.FilterChainProxy$VirtualFilterChain.doFilter(FilterChainProxy.java:374) ~[spring-security-web-6.2.4.jar:6.2.4]
	at org.springframework.security.web.savedrequest.RequestCacheAwareFilter.doFilter(RequestCacheAwareFilter.java:63) ~[spring-security-web-6.2.4.jar:6.2.4]
	at org.springframework.security.web.FilterChainProxy$VirtualFilterChain.doFilter(FilterChainProxy.java:374) ~[spring-security-web-6.2.4.jar:6.2.4]
	at com.Smart.Interview.Prep.Platform.security.JwtAuthFilter.doFilterInternal(JwtAuthFilter.java:68) ~[classes/:na]
	at org.springframework.web.filter.OncePerRequestFilter.doFilter(OncePerRequestFilter.java:116) ~[spring-web-6.1.6.jar:6.1.6]
	at org.springframework.security.web.FilterChainProxy$VirtualFilterChain.doFilter(FilterChainProxy.java:374) ~[spring-security-web-6.2.4.jar:6.2.4]
	at org.springframework.security.web.authentication.logout.LogoutFilter.doFilter(LogoutFilter.java:107) ~[spring-security-web-6.2.4.jar:6.2.4]
	at org.springframework.security.web.authentication.logout.LogoutFilter.doFilter(LogoutFilter.java:93) ~[spring-security-web-6.2.4.jar:6.2.4]
	at org.springframework.security.web.FilterChainProxy$VirtualFilterChain.doFilter(FilterChainProxy.java:374) ~[spring-security-web-6.2.4.jar:6.2.4]
	at org.springframework.web.filter.CorsFilter.doFilterInternal(CorsFilter.java:91) ~[spring-web-6.1.6.jar:6.1.6]
	at org.springframework.web.filter.OncePerRequestFilter.doFilter(OncePerRequestFilter.java:116) ~[spring-web-6.1.6.jar:6.1.6]
	at org.springframework.security.web.FilterChainProxy$VirtualFilterChain.doFilter(FilterChainProxy.java:374) ~[spring-security-web-6.2.4.jar:6.2.4]
	at org.springframework.security.web.header.HeaderWriterFilter.doHeadersAfter(HeaderWriterFilter.java:90) ~[spring-security-web-6.2.4.jar:6.2.4]
	at org.springframework.security.web.header.HeaderWriterFilter.doFilterInternal(HeaderWriterFilter.java:75) ~[spring-security-web-6.2.4.jar:6.2.4]
	at org.springframework.web.filter.OncePerRequestFilter.doFilter(OncePerRequestFilter.java:116) ~[spring-web-6.1.6.jar:6.1.6]
	at org.springframework.security.web.FilterChainProxy$VirtualFilterChain.doFilter(FilterChainProxy.java:374) ~[spring-security-web-6.2.4.jar:6.2.4]
	at org.springframework.security.web.context.SecurityContextHolderFilter.doFilter(SecurityContextHolderFilter.java:82) ~[spring-security-web-6.2.4.jar:6.2.4]
	at org.springframework.security.web.context.SecurityContextHolderFilter.doFilter(SecurityContextHolderFilter.java:69) ~[spring-security-web-6.2.4.jar:6.2.4]
	at org.springframework.security.web.FilterChainProxy$VirtualFilterChain.doFilter(FilterChainProxy.java:374) ~[spring-security-web-6.2.4.jar:6.2.4]
	at org.springframework.security.web.context.request.async.WebAsyncManagerIntegrationFilter.doFilterInternal(WebAsyncManagerIntegrationFilter.java:62) ~[spring-security-web-6.2.4.jar:6.2.4]
	at org.springframework.web.filter.OncePerRequestFilter.doFilter(OncePerRequestFilter.java:116) ~[spring-web-6.1.6.jar:6.1.6]
	at org.springframework.security.web.FilterChainProxy$VirtualFilterChain.doFilter(FilterChainProxy.java:374) ~[spring-security-web-6.2.4.jar:6.2.4]
	at org.springframework.security.web.session.DisableEncodeUrlFilter.doFilterInternal(DisableEncodeUrlFilter.java:42) ~[spring-security-web-6.2.4.jar:6.2.4]
	at org.springframework.web.filter.OncePerRequestFilter.doFilter(OncePerRequestFilter.java:116) ~[spring-web-6.1.6.jar:6.1.6]
	at org.springframework.security.web.FilterChainProxy$VirtualFilterChain.doFilter(FilterChainProxy.java:374) ~[spring-security-web-6.2.4.jar:6.2.4]
	at org.springframework.security.web.FilterChainProxy.doFilterInternal(FilterChainProxy.java:233) ~[spring-security-web-6.2.4.jar:6.2.4]
	at org.springframework.security.web.FilterChainProxy.doFilter(FilterChainProxy.java:191) ~[spring-security-web-6.2.4.jar:6.2.4]
	at org.springframework.web.filter.CompositeFilter$VirtualFilterChain.doFilter(CompositeFilter.java:113) ~[spring-web-6.1.6.jar:6.1.6]
	at org.springframework.web.servlet.handler.HandlerMappingIntrospector.lambda$createCacheFilter$3(HandlerMappingIntrospector.java:195) ~[spring-webmvc-6.1.6.jar:6.1.6]
	at org.springframework.web.filter.CompositeFilter$VirtualFilterChain.doFilter(CompositeFilter.java:113) ~[spring-web-6.1.6.jar:6.1.6]
	at org.springframework.web.filter.CompositeFilter.doFilter(CompositeFilter.java:74) ~[spring-web-6.1.6.jar:6.1.6]
	at org.springframework.security.config.annotation.web.configuration.WebMvcSecurityConfiguration$CompositeFilterChainProxy.doFilter(WebMvcSecurityConfiguration.java:230) ~[spring-security-config-6.2.4.jar:6.2.4]
	at org.springframework.web.filter.DelegatingFilterProxy.invokeDelegate(DelegatingFilterProxy.java:352) ~[spring-web-6.1.6.jar:6.1.6]
	at org.springframework.web.filter.DelegatingFilterProxy.doFilter(DelegatingFilterProxy.java:268) ~[spring-web-6.1.6.jar:6.1.6]
	at org.apache.catalina.core.ApplicationFilterChain.internalDoFilter(ApplicationFilterChain.java:175) ~[tomcat-embed-core-10.1.20.jar:10.1.20]
	at org.apache.catalina.core.ApplicationFilterChain.doFilter(ApplicationFilterChain.java:150) ~[tomcat-embed-core-10.1.20.jar:10.1.20]
	at org.springframework.web.filter.RequestContextFilter.doFilterInternal(RequestContextFilter.java:100) ~[spring-web-6.1.6.jar:6.1.6]
	at org.springframework.web.filter.OncePerRequestFilter.doFilter(OncePerRequestFilter.java:116) ~[spring-web-6.1.6.jar:6.1.6]
	at org.apache.catalina.core.ApplicationFilterChain.internalDoFilter(ApplicationFilterChain.java:175) ~[tomcat-embed-core-10.1.20.jar:10.1.20]
	at org.apache.catalina.core.ApplicationFilterChain.doFilter(ApplicationFilterChain.java:150) ~[tomcat-embed-core-10.1.20.jar:10.1.20]
	at org.springframework.web.filter.FormContentFilter.doFilterInternal(FormContentFilter.java:93) ~[spring-web-6.1.6.jar:6.1.6]
	at org.springframework.web.filter.OncePerRequestFilter.doFilter(OncePerRequestFilter.java:116) ~[spring-web-6.1.6.jar:6.1.6]
	at org.apache.catalina.core.ApplicationFilterChain.internalDoFilter(ApplicationFilterChain.java:175) ~[tomcat-embed-core-10.1.20.jar:10.1.20]
	at org.apache.catalina.core.ApplicationFilterChain.doFilter(ApplicationFilterChain.java:150) ~[tomcat-embed-core-10.1.20.jar:10.1.20]
	at org.springframework.web.filter.CharacterEncodingFilter.doFilterInternal(CharacterEncodingFilter.java:201) ~[spring-web-6.1.6.jar:6.1.6]
	at org.springframework.web.filter.OncePerRequestFilter.doFilter(OncePerRequestFilter.java:116) ~[spring-web-6.1.6.jar:6.1.6]
	at org.apache.catalina.core.ApplicationFilterChain.internalDoFilter(ApplicationFilterChain.java:175) ~[tomcat-embed-core-10.1.20.jar:10.1.20]
	at org.apache.catalina.core.ApplicationFilterChain.doFilter(ApplicationFilterChain.java:150) ~[tomcat-embed-core-10.1.20.jar:10.1.20]
	at org.apache.catalina.core.StandardWrapperValve.invoke(StandardWrapperValve.java:167) ~[tomcat-embed-core-10.1.20.jar:10.1.20]
	at org.apache.catalina.core.StandardContextValve.invoke(StandardContextValve.java:90) ~[tomcat-embed-core-10.1.20.jar:10.1.20]
	at org.apache.catalina.authenticator.AuthenticatorBase.invoke(AuthenticatorBase.java:482) ~[tomcat-embed-core-10.1.20.jar:10.1.20]
	at org.apache.catalina.core.StandardHostValve.invoke(StandardHostValve.java:115) ~[tomcat-embed-core-10.1.20.jar:10.1.20]
	at org.apache.catalina.valves.ErrorReportValve.invoke(ErrorReportValve.java:93) ~[tomcat-embed-core-10.1.20.jar:10.1.20]
	at org.apache.catalina.core.StandardEngineValve.invoke(StandardEngineValve.java:74) ~[tomcat-embed-core-10.1.20.jar:10.1.20]
	at org.apache.catalina.connector.CoyoteAdapter.service(CoyoteAdapter.java:344) ~[tomcat-embed-core-10.1.20.jar:10.1.20]
	at org.apache.coyote.http11.Http11Processor.service(Http11Processor.java:391) ~[tomcat-embed-core-10.1.20.jar:10.1.20]
	at org.apache.coyote.AbstractProcessorLight.process(AbstractProcessorLight.java:63) ~[tomcat-embed-core-10.1.20.jar:10.1.20]
	at org.apache.coyote.AbstractProtocol$ConnectionHandler.process(AbstractProtocol.java:896) ~[tomcat-embed-core-10.1.20.jar:10.1.20]
	at org.apache.tomcat.util.net.NioEndpoint$SocketProcessor.doRun(NioEndpoint.java:1736) ~[tomcat-embed-core-10.1.20.jar:10.1.20]
	at org.apache.tomcat.util.net.SocketProcessorBase.run(SocketProcessorBase.java:52) ~[tomcat-embed-core-10.1.20.jar:10.1.20]
	at org.apache.tomcat.util.threads.ThreadPoolExecutor.runWorker(ThreadPoolExecutor.java:1191) ~[tomcat-embed-core-10.1.20.jar:10.1.20]
	at org.apache.tomcat.util.threads.ThreadPoolExecutor$Worker.run(ThreadPoolExecutor.java:659) ~[tomcat-embed-core-10.1.20.jar:10.1.20]
	at org.apache.tomcat.util.threads.TaskThread$WrappingRunnable.run(TaskThread.java:63) ~[tomcat-embed-core-10.1.20.jar:10.1.20]
	at java.base/java.lang.Thread.run(Thread.java:1583) ~[na:na]

2026-05-06T11:23:46.828+05:30 DEBUG 16560 --- [Smart-Interview-Prep-Platform] [http-nio-8080-exec-3] o.s.security.web.FilterChainProxy        : Securing POST /error
2026-05-06T11:23:46.828+05:30 DEBUG 16560 --- [Smart-Interview-Prep-Platform] [http-nio-8080-exec-3] o.s.s.w.a.AnonymousAuthenticationFilter  : Set SecurityContextHolder to anonymous SecurityContext
2026-05-06T11:23:46.832+05:30 DEBUG 16560 --- [Smart-Interview-Prep-Platform] [http-nio-8080-exec-3] o.s.s.w.a.Http403ForbiddenEntryPoint     : Pre-authenticated entry point called. Rejecting access
2026-05-06T11:24:48.144+05:30  INFO 16560 --- [Smart-Interview-Prep-Platform] [SpringApplicationShutdownHook] j.LocalContainerEntityManagerFactoryBean : Closing JPA EntityManagerFactory for persistence unit 'default'
2026-05-06T11:24:48.153+05:30  INFO 16560 --- [Smart-Interview-Prep-Platform] [SpringApplicationShutdownHook] com.zaxxer.hikari.HikariDataSource       : HikariPool-1 - Shutdown initiated...
2026-05-06T11:24:48.174+05:30  INFO 16560 --- [Smart-Interview-Prep-Platform] [SpringApplicationShutdownHook] com.zaxxer.hikari.HikariDataSource       : HikariPool-1 - Shutdown completed.
2026-05-06T11:25:02.295+05:30  INFO 15956 --- [Smart-Interview-Prep-Platform] [restartedMain] .P.SmartInterviewPrepPlatformApplication : Starting SmartInterviewPrepPlatformApplication using Java 21.0.10 with PID 15956 (C:\Users\Dell\Desktop\Smart Interview Prep Platform (3)\Smart Interview Prep Platform\Smart-Interview-Prep-Platform\target\classes started by Dell in C:\Users\Dell\Desktop\Smart Interview Prep Platform (3)\Smart Interview Prep Platform\Smart-Interview-Prep-Platform)
2026-05-06T11:25:02.297+05:30 DEBUG 15956 --- [Smart-Interview-Prep-Platform] [restartedMain] .P.SmartInterviewPrepPlatformApplication : Running with Spring Boot v3.2.5, Spring v6.1.6
2026-05-06T11:25:02.298+05:30  INFO 15956 --- [Smart-Interview-Prep-Platform] [restartedMain] .P.SmartInterviewPrepPlatformApplication : No active profile set, falling back to 1 default profile: "default"
2026-05-06T11:25:02.375+05:30  INFO 15956 --- [Smart-Interview-Prep-Platform] [restartedMain] .e.DevToolsPropertyDefaultsPostProcessor : Devtools property defaults active! Set 'spring.devtools.add-properties' to 'false' to disable
2026-05-06T11:25:02.375+05:30  INFO 15956 --- [Smart-Interview-Prep-Platform] [restartedMain] .e.DevToolsPropertyDefaultsPostProcessor : For additional web related logging consider setting the 'logging.level.web' property to 'DEBUG'
2026-05-06T11:25:04.244+05:30  INFO 15956 --- [Smart-Interview-Prep-Platform] [restartedMain] .s.d.r.c.RepositoryConfigurationDelegate : Bootstrapping Spring Data JPA repositories in DEFAULT mode.
2026-05-06T11:25:04.452+05:30  INFO 15956 --- [Smart-Interview-Prep-Platform] [restartedMain] .s.d.r.c.RepositoryConfigurationDelegate : Finished Spring Data repository scanning in 191 ms. Found 4 JPA repository interfaces.
2026-05-06T11:25:06.422+05:30  INFO 15956 --- [Smart-Interview-Prep-Platform] [restartedMain] o.s.b.w.embedded.tomcat.TomcatWebServer  : Tomcat initialized with port 8080 (http)
2026-05-06T11:25:06.446+05:30  INFO 15956 --- [Smart-Interview-Prep-Platform] [restartedMain] o.apache.catalina.core.StandardService   : Starting service [Tomcat]
2026-05-06T11:25:06.446+05:30  INFO 15956 --- [Smart-Interview-Prep-Platform] [restartedMain] o.apache.catalina.core.StandardEngine    : Starting Servlet engine: [Apache Tomcat/10.1.20]
2026-05-06T11:25:06.563+05:30  INFO 15956 --- [Smart-Interview-Prep-Platform] [restartedMain] o.a.c.c.C.[Tomcat].[localhost].[/]       : Initializing Spring embedded WebApplicationContext
2026-05-06T11:25:06.563+05:30  INFO 15956 --- [Smart-Interview-Prep-Platform] [restartedMain] w.s.c.ServletWebServerApplicationContext : Root WebApplicationContext: initialization completed in 4187 ms
2026-05-06T11:25:06.672+05:30  INFO 15956 --- [Smart-Interview-Prep-Platform] [restartedMain] com.zaxxer.hikari.HikariDataSource       : HikariPool-1 - Starting...
2026-05-06T11:25:07.723+05:30  INFO 15956 --- [Smart-Interview-Prep-Platform] [restartedMain] com.zaxxer.hikari.pool.HikariPool        : HikariPool-1 - Added connection com.mysql.cj.jdbc.ConnectionImpl@75a42cb9
2026-05-06T11:25:07.733+05:30  INFO 15956 --- [Smart-Interview-Prep-Platform] [restartedMain] com.zaxxer.hikari.HikariDataSource       : HikariPool-1 - Start completed.
2026-05-06T11:25:07.763+05:30  INFO 15956 --- [Smart-Interview-Prep-Platform] [restartedMain] o.s.b.a.h2.H2ConsoleAutoConfiguration    : H2 console available at '/h2-console'. Database available at 'jdbc:mysql://localhost:3306/interview_prep'
2026-05-06T11:25:07.922+05:30 DEBUG 15956 --- [Smart-Interview-Prep-Platform] [restartedMain] c.S.I.P.Platform.security.JwtAuthFilter  : Filter 'jwtAuthFilter' configured for use
2026-05-06T11:25:08.234+05:30  INFO 15956 --- [Smart-Interview-Prep-Platform] [restartedMain] o.hibernate.jpa.internal.util.LogHelper  : HHH000204: Processing PersistenceUnitInfo [name: default]
2026-05-06T11:25:08.446+05:30  INFO 15956 --- [Smart-Interview-Prep-Platform] [restartedMain] org.hibernate.Version                    : HHH000412: Hibernate ORM core version 6.4.4.Final
2026-05-06T11:25:08.543+05:30  INFO 15956 --- [Smart-Interview-Prep-Platform] [restartedMain] o.h.c.internal.RegionFactoryInitiator    : HHH000026: Second-level cache disabled
2026-05-06T11:25:09.353+05:30  INFO 15956 --- [Smart-Interview-Prep-Platform] [restartedMain] o.s.o.j.p.SpringPersistenceUnitInfo      : No LoadTimeWeaver setup: ignoring JPA class transformer
2026-05-06T11:25:12.826+05:30  INFO 15956 --- [Smart-Interview-Prep-Platform] [restartedMain] o.h.e.t.j.p.i.JtaPlatformInitiator       : HHH000489: No JTA platform available (set 'hibernate.transaction.jta.platform' to enable JTA platform integration)
2026-05-06T11:25:13.032+05:30  INFO 15956 --- [Smart-Interview-Prep-Platform] [restartedMain] j.LocalContainerEntityManagerFactoryBean : Initialized JPA EntityManagerFactory for persistence unit 'default'
2026-05-06T11:25:13.846+05:30  INFO 15956 --- [Smart-Interview-Prep-Platform] [restartedMain] o.s.d.j.r.query.QueryEnhancerFactory     : Hibernate is in classpath; If applicable, HQL parser will be used.
2026-05-06T11:25:14.326+05:30  WARN 15956 --- [Smart-Interview-Prep-Platform] [restartedMain] JpaBaseConfiguration$JpaWebConfiguration : spring.jpa.open-in-view is enabled by default. Therefore, database queries may be performed during view rendering. Explicitly configure spring.jpa.open-in-view to disable this warning
2026-05-06T11:25:14.419+05:30 DEBUG 15956 --- [Smart-Interview-Prep-Platform] [restartedMain] swordEncoderAuthenticationManagerBuilder : No authenticationProviders and no parentAuthenticationManager defined. Returning null.
2026-05-06T11:25:15.277+05:30  INFO 15956 --- [Smart-Interview-Prep-Platform] [restartedMain] o.s.s.web.DefaultSecurityFilterChain     : Will secure any request with [org.springframework.security.web.session.DisableEncodeUrlFilter@1fa9317, org.springframework.security.web.context.request.async.WebAsyncManagerIntegrationFilter@8e07522, org.springframework.security.web.context.SecurityContextHolderFilter@62fa8ed7, org.springframework.security.web.header.HeaderWriterFilter@21b29957, org.springframework.web.filter.CorsFilter@72fc222f, org.springframework.security.web.authentication.logout.LogoutFilter@1e8c96c5, com.Smart.Interview.Prep.Platform.security.JwtAuthFilter@6b25bfac, org.springframework.security.web.savedrequest.RequestCacheAwareFilter@687d97c1, org.springframework.security.web.servletapi.SecurityContextHolderAwareRequestFilter@5876c71d, org.springframework.security.web.authentication.AnonymousAuthenticationFilter@63ee06a6, org.springframework.security.web.session.SessionManagementFilter@728251b5, org.springframework.security.web.access.ExceptionTranslationFilter@4d899a3c, org.springframework.security.web.access.intercept.AuthorizationFilter@4df88d7f]
2026-05-06T11:25:16.097+05:30  INFO 15956 --- [Smart-Interview-Prep-Platform] [restartedMain] o.s.b.d.a.OptionalLiveReloadServer       : LiveReload server is running on port 35729
2026-05-06T11:25:16.235+05:30  INFO 15956 --- [Smart-Interview-Prep-Platform] [restartedMain] o.s.b.w.embedded.tomcat.TomcatWebServer  : Tomcat started on port 8080 (http) with context path ''
2026-05-06T11:25:16.263+05:30  INFO 15956 --- [Smart-Interview-Prep-Platform] [restartedMain] .P.SmartInterviewPrepPlatformApplication : Started SmartInterviewPrepPlatformApplication in 14.587 seconds (process running for 15.663)
2026-05-06T11:25:43.889+05:30  INFO 15956 --- [Smart-Interview-Prep-Platform] [http-nio-8080-exec-1] o.a.c.c.C.[Tomcat].[localhost].[/]       : Initializing Spring DispatcherServlet 'dispatcherServlet'
2026-05-06T11:25:43.890+05:30  INFO 15956 --- [Smart-Interview-Prep-Platform] [http-nio-8080-exec-1] o.s.web.servlet.DispatcherServlet        : Initializing Servlet 'dispatcherServlet'
2026-05-06T11:25:43.893+05:30  INFO 15956 --- [Smart-Interview-Prep-Platform] [http-nio-8080-exec-1] o.s.web.servlet.DispatcherServlet        : Completed initialization in 3 ms
2026-05-06T11:25:43.930+05:30 DEBUG 15956 --- [Smart-Interview-Prep-Platform] [http-nio-8080-exec-1] o.s.security.web.FilterChainProxy        : Securing POST /api/auth/login
2026-05-06T11:25:43.944+05:30  INFO 15956 --- [Smart-Interview-Prep-Platform] [http-nio-8080-exec-1] c.S.I.P.Platform.security.JwtAuthFilter  : JWT Filter null
2026-05-06T11:25:43.950+05:30 DEBUG 15956 --- [Smart-Interview-Prep-Platform] [http-nio-8080-exec-1] o.s.s.w.a.AnonymousAuthenticationFilter  : Set SecurityContextHolder to anonymous SecurityContext
2026-05-06T11:25:43.953+05:30 DEBUG 15956 --- [Smart-Interview-Prep-Platform] [http-nio-8080-exec-1] o.s.security.web.FilterChainProxy        : Secured POST /api/auth/login
2026-05-06T11:25:44.163+05:30  INFO 15956 --- [Smart-Interview-Prep-Platform] [http-nio-8080-exec-1] c.S.I.Prep.Platform.service.AuthService  : Login attempt for email: sam@gmail.com
2026-05-06T11:25:55.179+05:30 DEBUG 15956 --- [Smart-Interview-Prep-Platform] [http-nio-8080-exec-4] o.s.security.web.FilterChainProxy        : Securing POST /api/user/quiz/start
2026-05-06T11:25:55.181+05:30  INFO 15956 --- [Smart-Interview-Prep-Platform] [http-nio-8080-exec-4] c.S.I.P.Platform.security.JwtAuthFilter  : JWT Filter Bearer eyJhbGciOiJIUzI1NiJ9.eyJzdWIiOiJzYW1AZ21haWwuY29tIiwicm9sZSI6IkFETUlOIiwiaWF0IjoxNzc4MDQ2OTQ0LCJleHAiOjE3NzgxMzMzNDR9.kF7txmr9DGpM9VX4703zsAuUEiiba3G61_cG9msuKoE
2026-05-06T11:25:55.181+05:30  INFO 15956 --- [Smart-Interview-Prep-Platform] [http-nio-8080-exec-4] c.S.I.P.Platform.security.JwtAuthFilter  : Token eyJhbGciOiJIUzI1NiJ9.eyJzdWIiOiJzYW1AZ21haWwuY29tIiwicm9sZSI6IkFETUlOIiwiaWF0IjoxNzc4MDQ2OTQ0LCJleHAiOjE3NzgxMzMzNDR9.kF7txmr9DGpM9VX4703zsAuUEiiba3G61_cG9msuKoE
2026-05-06T11:25:55.273+05:30  INFO 15956 --- [Smart-Interview-Prep-Platform] [http-nio-8080-exec-4] c.S.I.P.Platform.security.JwtAuthFilter  : Token Filter email sam@gmail.com
2026-05-06T11:25:55.280+05:30  INFO 15956 --- [Smart-Interview-Prep-Platform] [http-nio-8080-exec-4] c.S.I.P.Platform.security.JwtAuthFilter  : Token Filter auth UsernamePasswordAuthenticationToken [Principal=sam@gmail.com, Credentials=[PROTECTED], Authenticated=true, Details=null, Granted Authorities=[ROLE_ADMIN]]
2026-05-06T11:25:55.282+05:30 DEBUG 15956 --- [Smart-Interview-Prep-Platform] [http-nio-8080-exec-4] o.s.security.web.FilterChainProxy        : Secured POST /api/user/quiz/start
2026-05-06T11:25:55.421+05:30  INFO 15956 --- [Smart-Interview-Prep-Platform] [http-nio-8080-exec-4] c.S.I.Prep.Platform.service.QuizService  : Questions [Question(id=2, tittle=Two Sum, description=Find two numbers that add up to target, Answer=null, topic=DSA, difficulty=Easy, createdBy=sam@gmail.com, optionA=null, optionB=null, optionC=null, optionD=null), Question(id=1, tittle=Two Sum, description=Find two numbers that add up to target, Answer=null, topic=DSA, difficulty=Easy, createdBy=sam@gmail.com, optionA=null, optionB=null, optionC=null, optionD=null)]
2026-05-06T11:41:47.606+05:30  INFO 15956 --- [Smart-Interview-Prep-Platform] [File Watcher] rtingClassPathChangeChangedEventListener : Restarting due to 2 class path changes (0 additions, 2 deletions, 0 modifications)
2026-05-06T11:41:47.638+05:30  INFO 15956 --- [Smart-Interview-Prep-Platform] [Thread-5] j.LocalContainerEntityManagerFactoryBean : Closing JPA EntityManagerFactory for persistence unit 'default'
2026-05-06T11:41:47.647+05:30  INFO 15956 --- [Smart-Interview-Prep-Platform] [Thread-5] com.zaxxer.hikari.HikariDataSource       : HikariPool-1 - Shutdown initiated...
2026-05-06T11:41:47.670+05:30  INFO 15956 --- [Smart-Interview-Prep-Platform] [Thread-5] com.zaxxer.hikari.HikariDataSource       : HikariPool-1 - Shutdown completed.
2026-05-06T11:41:47.800+05:30  INFO 15956 --- [Smart-Interview-Prep-Platform] [restartedMain] .P.SmartInterviewPrepPlatformApplication : Starting the Application...
2026-05-06T11:41:47.895+05:30  INFO 15956 --- [Smart-Interview-Prep-Platform] [restartedMain] .P.SmartInterviewPrepPlatformApplication : Starting SmartInterviewPrepPlatformApplication using Java 21.0.10 with PID 15956 (C:\Users\Dell\Desktop\Smart Interview Prep Platform (3)\Smart Interview Prep Platform\Smart-Interview-Prep-Platform\target\classes started by Dell in C:\Users\Dell\Desktop\Smart Interview Prep Platform (3)\Smart Interview Prep Platform\Smart-Interview-Prep-Platform)
2026-05-06T11:41:47.896+05:30 DEBUG 15956 --- [Smart-Interview-Prep-Platform] [restartedMain] .P.SmartInterviewPrepPlatformApplication : Running with Spring Boot v3.2.5, Spring v6.1.6
2026-05-06T11:41:47.897+05:30  INFO 15956 --- [Smart-Interview-Prep-Platform] [restartedMain] .P.SmartInterviewPrepPlatformApplication : No active profile set, falling back to 1 default profile: "default"
2026-05-06T11:41:48.562+05:30  INFO 15956 --- [Smart-Interview-Prep-Platform] [restartedMain] .s.d.r.c.RepositoryConfigurationDelegate : Bootstrapping Spring Data JPA repositories in DEFAULT mode.
2026-05-06T11:41:48.602+05:30  INFO 15956 --- [Smart-Interview-Prep-Platform] [restartedMain] .s.d.r.c.RepositoryConfigurationDelegate : Finished Spring Data repository scanning in 39 ms. Found 4 JPA repository interfaces.
2026-05-06T11:41:48.990+05:30  INFO 15956 --- [Smart-Interview-Prep-Platform] [restartedMain] o.s.b.w.embedded.tomcat.TomcatWebServer  : Tomcat initialized with port 8080 (http)
2026-05-06T11:41:48.996+05:30  INFO 15956 --- [Smart-Interview-Prep-Platform] [restartedMain] o.apache.catalina.core.StandardService   : Starting service [Tomcat]
2026-05-06T11:41:48.997+05:30  INFO 15956 --- [Smart-Interview-Prep-Platform] [restartedMain] o.apache.catalina.core.StandardEngine    : Starting Servlet engine: [Apache Tomcat/10.1.20]
2026-05-06T11:41:49.055+05:30  INFO 15956 --- [Smart-Interview-Prep-Platform] [restartedMain] o.a.c.c.C.[Tomcat].[localhost].[/]       : Initializing Spring embedded WebApplicationContext
2026-05-06T11:41:49.055+05:30  INFO 15956 --- [Smart-Interview-Prep-Platform] [restartedMain] w.s.c.ServletWebServerApplicationContext : Root WebApplicationContext: initialization completed in 1151 ms
2026-05-06T11:41:49.090+05:30  INFO 15956 --- [Smart-Interview-Prep-Platform] [restartedMain] com.zaxxer.hikari.HikariDataSource       : HikariPool-2 - Starting...
2026-05-06T11:41:49.165+05:30  INFO 15956 --- [Smart-Interview-Prep-Platform] [restartedMain] com.zaxxer.hikari.pool.HikariPool        : HikariPool-2 - Added connection com.mysql.cj.jdbc.ConnectionImpl@6fbd7621
2026-05-06T11:41:49.166+05:30  INFO 15956 --- [Smart-Interview-Prep-Platform] [restartedMain] com.zaxxer.hikari.HikariDataSource       : HikariPool-2 - Start completed.
2026-05-06T11:41:49.167+05:30  INFO 15956 --- [Smart-Interview-Prep-Platform] [restartedMain] o.s.b.a.h2.H2ConsoleAutoConfiguration    : H2 console available at '/h2-console'. Database available at 'jdbc:mysql://localhost:3306/interview_prep'
2026-05-06T11:41:49.202+05:30 DEBUG 15956 --- [Smart-Interview-Prep-Platform] [restartedMain] c.S.I.P.Platform.security.JwtAuthFilter  : Filter 'jwtAuthFilter' configured for use
2026-05-06T11:41:49.290+05:30  INFO 15956 --- [Smart-Interview-Prep-Platform] [restartedMain] o.hibernate.jpa.internal.util.LogHelper  : HHH000204: Processing PersistenceUnitInfo [name: default]
2026-05-06T11:41:49.300+05:30  INFO 15956 --- [Smart-Interview-Prep-Platform] [restartedMain] o.h.c.internal.RegionFactoryInitiator    : HHH000026: Second-level cache disabled
2026-05-06T11:41:49.315+05:30  INFO 15956 --- [Smart-Interview-Prep-Platform] [restartedMain] o.s.o.j.p.SpringPersistenceUnitInfo      : No LoadTimeWeaver setup: ignoring JPA class transformer
2026-05-06T11:41:49.618+05:30  INFO 15956 --- [Smart-Interview-Prep-Platform] [restartedMain] o.h.e.t.j.p.i.JtaPlatformInitiator       : HHH000489: No JTA platform available (set 'hibernate.transaction.jta.platform' to enable JTA platform integration)
2026-05-06T11:41:49.655+05:30  INFO 15956 --- [Smart-Interview-Prep-Platform] [restartedMain] j.LocalContainerEntityManagerFactoryBean : Initialized JPA EntityManagerFactory for persistence unit 'default'
2026-05-06T11:41:49.947+05:30  WARN 15956 --- [Smart-Interview-Prep-Platform] [restartedMain] JpaBaseConfiguration$JpaWebConfiguration : spring.jpa.open-in-view is enabled by default. Therefore, database queries may be performed during view rendering. Explicitly configure spring.jpa.open-in-view to disable this warning
2026-05-06T11:41:49.981+05:30 DEBUG 15956 --- [Smart-Interview-Prep-Platform] [restartedMain] swordEncoderAuthenticationManagerBuilder : No authenticationProviders and no parentAuthenticationManager defined. Returning null.
2026-05-06T11:41:50.218+05:30  INFO 15956 --- [Smart-Interview-Prep-Platform] [restartedMain] o.s.s.web.DefaultSecurityFilterChain     : Will secure any request with [org.springframework.security.web.session.DisableEncodeUrlFilter@4b676026, org.springframework.security.web.context.request.async.WebAsyncManagerIntegrationFilter@48b00a90, org.springframework.security.web.context.SecurityContextHolderFilter@27638dad, org.springframework.security.web.header.HeaderWriterFilter@57de5cf2, org.springframework.web.filter.CorsFilter@79f37d30, org.springframework.security.web.authentication.logout.LogoutFilter@63f83da3, com.Smart.Interview.Prep.Platform.security.JwtAuthFilter@1f6c6d55, org.springframework.security.web.savedrequest.RequestCacheAwareFilter@37ed64c5, org.springframework.security.web.servletapi.SecurityContextHolderAwareRequestFilter@12718706, org.springframework.security.web.authentication.AnonymousAuthenticationFilter@12a4d389, org.springframework.security.web.session.SessionManagementFilter@75cc6e22, org.springframework.security.web.access.ExceptionTranslationFilter@1a415be7, org.springframework.security.web.access.intercept.AuthorizationFilter@69505d8a]
2026-05-06T11:41:50.459+05:30  INFO 15956 --- [Smart-Interview-Prep-Platform] [restartedMain] o.s.b.d.a.OptionalLiveReloadServer       : LiveReload server is running on port 35729
2026-05-06T11:41:50.492+05:30  INFO 15956 --- [Smart-Interview-Prep-Platform] [restartedMain] o.s.b.w.embedded.tomcat.TomcatWebServer  : Tomcat started on port 8080 (http) with context path ''
2026-05-06T11:41:50.501+05:30  INFO 15956 --- [Smart-Interview-Prep-Platform] [restartedMain] .P.SmartInterviewPrepPlatformApplication : Started SmartInterviewPrepPlatformApplication in 2.687 seconds (process running for 1009.901)
2026-05-06T11:41:50.504+05:30  INFO 15956 --- [Smart-Interview-Prep-Platform] [restartedMain] .ConditionEvaluationDeltaLoggingListener : Condition evaluation unchanged
2026-05-06T11:42:01.725+05:30  INFO 15956 --- [Smart-Interview-Prep-Platform] [SpringApplicationShutdownHook] j.LocalContainerEntityManagerFactoryBean : Closing JPA EntityManagerFactory for persistence unit 'default'
2026-05-06T11:42:01.727+05:30  INFO 15956 --- [Smart-Interview-Prep-Platform] [SpringApplicationShutdownHook] com.zaxxer.hikari.HikariDataSource       : HikariPool-2 - Shutdown initiated...
2026-05-06T11:42:01.744+05:30  INFO 15956 --- [Smart-Interview-Prep-Platform] [SpringApplicationShutdownHook] com.zaxxer.hikari.HikariDataSource       : HikariPool-2 - Shutdown completed.
2026-05-06T11:51:34.973+05:30  INFO 15056 --- [Smart-Interview-Prep-Platform] [restartedMain] .P.SmartInterviewPrepPlatformApplication : Starting SmartInterviewPrepPlatformApplication using Java 21.0.10 with PID 15056 (C:\Users\Dell\Desktop\Smart Interview Prep Platform (3)\Smart Interview Prep Platform\Smart-Interview-Prep-Platform\target\classes started by Dell in C:\Users\Dell\Desktop\Smart Interview Prep Platform (3)\Smart Interview Prep Platform\Smart-Interview-Prep-Platform)
2026-05-06T11:51:34.974+05:30 DEBUG 15056 --- [Smart-Interview-Prep-Platform] [restartedMain] .P.SmartInterviewPrepPlatformApplication : Running with Spring Boot v3.2.5, Spring v6.1.6
2026-05-06T11:51:34.975+05:30  INFO 15056 --- [Smart-Interview-Prep-Platform] [restartedMain] .P.SmartInterviewPrepPlatformApplication : No active profile set, falling back to 1 default profile: "default"
2026-05-06T11:51:35.034+05:30  INFO 15056 --- [Smart-Interview-Prep-Platform] [restartedMain] .e.DevToolsPropertyDefaultsPostProcessor : Devtools property defaults active! Set 'spring.devtools.add-properties' to 'false' to disable
2026-05-06T11:51:35.035+05:30  INFO 15056 --- [Smart-Interview-Prep-Platform] [restartedMain] .e.DevToolsPropertyDefaultsPostProcessor : For additional web related logging consider setting the 'logging.level.web' property to 'DEBUG'
2026-05-06T11:51:36.739+05:30  INFO 15056 --- [Smart-Interview-Prep-Platform] [restartedMain] .s.d.r.c.RepositoryConfigurationDelegate : Bootstrapping Spring Data JPA repositories in DEFAULT mode.
2026-05-06T11:51:36.874+05:30  INFO 15056 --- [Smart-Interview-Prep-Platform] [restartedMain] .s.d.r.c.RepositoryConfigurationDelegate : Finished Spring Data repository scanning in 114 ms. Found 4 JPA repository interfaces.
2026-05-06T11:51:37.708+05:30  INFO 15056 --- [Smart-Interview-Prep-Platform] [restartedMain] o.s.b.w.embedded.tomcat.TomcatWebServer  : Tomcat initialized with port 8080 (http)
2026-05-06T11:51:37.738+05:30  INFO 15056 --- [Smart-Interview-Prep-Platform] [restartedMain] o.apache.catalina.core.StandardService   : Starting service [Tomcat]
2026-05-06T11:51:37.739+05:30  INFO 15056 --- [Smart-Interview-Prep-Platform] [restartedMain] o.apache.catalina.core.StandardEngine    : Starting Servlet engine: [Apache Tomcat/10.1.20]
2026-05-06T11:51:37.797+05:30  INFO 15056 --- [Smart-Interview-Prep-Platform] [restartedMain] o.a.c.c.C.[Tomcat].[localhost].[/]       : Initializing Spring embedded WebApplicationContext
2026-05-06T11:51:37.798+05:30  INFO 15056 --- [Smart-Interview-Prep-Platform] [restartedMain] w.s.c.ServletWebServerApplicationContext : Root WebApplicationContext: initialization completed in 2763 ms
2026-05-06T11:51:37.839+05:30  INFO 15056 --- [Smart-Interview-Prep-Platform] [restartedMain] com.zaxxer.hikari.HikariDataSource       : HikariPool-1 - Starting...
2026-05-06T11:51:38.251+05:30  INFO 15056 --- [Smart-Interview-Prep-Platform] [restartedMain] com.zaxxer.hikari.pool.HikariPool        : HikariPool-1 - Added connection com.mysql.cj.jdbc.ConnectionImpl@4980c1a0
2026-05-06T11:51:38.264+05:30  INFO 15056 --- [Smart-Interview-Prep-Platform] [restartedMain] com.zaxxer.hikari.HikariDataSource       : HikariPool-1 - Start completed.
2026-05-06T11:51:38.273+05:30  INFO 15056 --- [Smart-Interview-Prep-Platform] [restartedMain] o.s.b.a.h2.H2ConsoleAutoConfiguration    : H2 console available at '/h2-console'. Database available at 'jdbc:mysql://localhost:3306/interview_prep'
2026-05-06T11:51:38.330+05:30 DEBUG 15056 --- [Smart-Interview-Prep-Platform] [restartedMain] c.S.I.P.Platform.security.JwtAuthFilter  : Filter 'jwtAuthFilter' configured for use
2026-05-06T11:51:38.434+05:30  INFO 15056 --- [Smart-Interview-Prep-Platform] [restartedMain] o.hibernate.jpa.internal.util.LogHelper  : HHH000204: Processing PersistenceUnitInfo [name: default]
2026-05-06T11:51:38.545+05:30  INFO 15056 --- [Smart-Interview-Prep-Platform] [restartedMain] org.hibernate.Version                    : HHH000412: Hibernate ORM core version 6.4.4.Final
2026-05-06T11:51:38.599+05:30  INFO 15056 --- [Smart-Interview-Prep-Platform] [restartedMain] o.h.c.internal.RegionFactoryInitiator    : HHH000026: Second-level cache disabled
2026-05-06T11:51:38.891+05:30  INFO 15056 --- [Smart-Interview-Prep-Platform] [restartedMain] o.s.o.j.p.SpringPersistenceUnitInfo      : No LoadTimeWeaver setup: ignoring JPA class transformer
2026-05-06T11:51:40.388+05:30  INFO 15056 --- [Smart-Interview-Prep-Platform] [restartedMain] o.h.e.t.j.p.i.JtaPlatformInitiator       : HHH000489: No JTA platform available (set 'hibernate.transaction.jta.platform' to enable JTA platform integration)
2026-05-06T11:51:40.536+05:30  INFO 15056 --- [Smart-Interview-Prep-Platform] [restartedMain] j.LocalContainerEntityManagerFactoryBean : Initialized JPA EntityManagerFactory for persistence unit 'default'
2026-05-06T11:51:40.925+05:30  INFO 15056 --- [Smart-Interview-Prep-Platform] [restartedMain] o.s.d.j.r.query.QueryEnhancerFactory     : Hibernate is in classpath; If applicable, HQL parser will be used.
2026-05-06T11:51:41.103+05:30  WARN 15056 --- [Smart-Interview-Prep-Platform] [restartedMain] JpaBaseConfiguration$JpaWebConfiguration : spring.jpa.open-in-view is enabled by default. Therefore, database queries may be performed during view rendering. Explicitly configure spring.jpa.open-in-view to disable this warning
2026-05-06T11:51:41.137+05:30 DEBUG 15056 --- [Smart-Interview-Prep-Platform] [restartedMain] swordEncoderAuthenticationManagerBuilder : No authenticationProviders and no parentAuthenticationManager defined. Returning null.
2026-05-06T11:51:41.605+05:30  INFO 15056 --- [Smart-Interview-Prep-Platform] [restartedMain] o.s.s.web.DefaultSecurityFilterChain     : Will secure any request with [org.springframework.security.web.session.DisableEncodeUrlFilter@4b5f42a8, org.springframework.security.web.context.request.async.WebAsyncManagerIntegrationFilter@76c2e53, org.springframework.security.web.context.SecurityContextHolderFilter@129e6b8, org.springframework.security.web.header.HeaderWriterFilter@14164ee5, org.springframework.web.filter.CorsFilter@3c40d2a0, org.springframework.security.web.authentication.logout.LogoutFilter@26b6ed1c, com.Smart.Interview.Prep.Platform.security.JwtAuthFilter@201ef334, org.springframework.security.web.savedrequest.RequestCacheAwareFilter@6c4169f, org.springframework.security.web.servletapi.SecurityContextHolderAwareRequestFilter@36b94bf4, org.springframework.security.web.authentication.AnonymousAuthenticationFilter@b702c16, org.springframework.security.web.session.SessionManagementFilter@1b0ec9cb, org.springframework.security.web.access.ExceptionTranslationFilter@70df9f00, org.springframework.security.web.access.intercept.AuthorizationFilter@12abda9a]
2026-05-06T11:51:41.989+05:30  INFO 15056 --- [Smart-Interview-Prep-Platform] [restartedMain] o.s.b.d.a.OptionalLiveReloadServer       : LiveReload server is running on port 35729
2026-05-06T11:51:42.049+05:30  INFO 15056 --- [Smart-Interview-Prep-Platform] [restartedMain] o.s.b.w.embedded.tomcat.TomcatWebServer  : Tomcat started on port 8080 (http) with context path ''
2026-05-06T11:51:42.061+05:30  INFO 15056 --- [Smart-Interview-Prep-Platform] [restartedMain] .P.SmartInterviewPrepPlatformApplication : Started SmartInterviewPrepPlatformApplication in 7.692 seconds (process running for 8.667)
2026-05-06T11:53:21.043+05:30  INFO 15056 --- [Smart-Interview-Prep-Platform] [http-nio-8080-exec-3] o.a.c.c.C.[Tomcat].[localhost].[/]       : Initializing Spring DispatcherServlet 'dispatcherServlet'
2026-05-06T11:53:21.044+05:30  INFO 15056 --- [Smart-Interview-Prep-Platform] [http-nio-8080-exec-3] o.s.web.servlet.DispatcherServlet        : Initializing Servlet 'dispatcherServlet'
2026-05-06T11:53:21.049+05:30  INFO 15056 --- [Smart-Interview-Prep-Platform] [http-nio-8080-exec-3] o.s.web.servlet.DispatcherServlet        : Completed initialization in 4 ms
2026-05-06T11:53:21.101+05:30 DEBUG 15056 --- [Smart-Interview-Prep-Platform] [http-nio-8080-exec-3] o.s.security.web.FilterChainProxy        : Securing POST /api/auth/login
2026-05-06T11:53:21.119+05:30  INFO 15056 --- [Smart-Interview-Prep-Platform] [http-nio-8080-exec-3] c.S.I.P.Platform.security.JwtAuthFilter  : JWT Filter null
2026-05-06T11:53:21.125+05:30 DEBUG 15056 --- [Smart-Interview-Prep-Platform] [http-nio-8080-exec-3] o.s.s.w.a.AnonymousAuthenticationFilter  : Set SecurityContextHolder to anonymous SecurityContext
2026-05-06T11:53:21.129+05:30 DEBUG 15056 --- [Smart-Interview-Prep-Platform] [http-nio-8080-exec-3] o.s.security.web.FilterChainProxy        : Secured POST /api/auth/login
2026-05-06T11:53:21.404+05:30  INFO 15056 --- [Smart-Interview-Prep-Platform] [http-nio-8080-exec-3] c.S.I.Prep.Platform.service.AuthService  : Login attempt for email: sam@gmail.com
2026-05-06T11:54:38.344+05:30 DEBUG 15056 --- [Smart-Interview-Prep-Platform] [http-nio-8080-exec-6] o.s.security.web.FilterChainProxy        : Securing POST /api/user/quiz/submit
2026-05-06T11:54:38.346+05:30  INFO 15056 --- [Smart-Interview-Prep-Platform] [http-nio-8080-exec-6] c.S.I.P.Platform.security.JwtAuthFilter  : JWT Filter Bearer eyJhbGciOiJIUzI1NiJ9.eyJzdWIiOiJzYW1AZ21haWwuY29tIiwicm9sZSI6IkFETUlOIiwiaWF0IjoxNzc4MDQ4NjAxLCJleHAiOjE3NzgxMzUwMDF9.4YZSiEYtcf1w8mm-37Sx4PEnHyDVyMqHHe5z1EbquYo
2026-05-06T11:54:38.346+05:30  INFO 15056 --- [Smart-Interview-Prep-Platform] [http-nio-8080-exec-6] c.S.I.P.Platform.security.JwtAuthFilter  : Token eyJhbGciOiJIUzI1NiJ9.eyJzdWIiOiJzYW1AZ21haWwuY29tIiwicm9sZSI6IkFETUlOIiwiaWF0IjoxNzc4MDQ4NjAxLCJleHAiOjE3NzgxMzUwMDF9.4YZSiEYtcf1w8mm-37Sx4PEnHyDVyMqHHe5z1EbquYo
2026-05-06T11:54:38.413+05:30  INFO 15056 --- [Smart-Interview-Prep-Platform] [http-nio-8080-exec-6] c.S.I.P.Platform.security.JwtAuthFilter  : Token Filter email sam@gmail.com
2026-05-06T11:54:38.415+05:30  INFO 15056 --- [Smart-Interview-Prep-Platform] [http-nio-8080-exec-6] c.S.I.P.Platform.security.JwtAuthFilter  : Token Filter auth UsernamePasswordAuthenticationToken [Principal=sam@gmail.com, Credentials=[PROTECTED], Authenticated=true, Details=null, Granted Authorities=[ROLE_ADMIN]]
2026-05-06T11:54:38.416+05:30 DEBUG 15056 --- [Smart-Interview-Prep-Platform] [http-nio-8080-exec-6] o.s.security.web.FilterChainProxy        : Secured POST /api/user/quiz/submit
2026-05-06T11:54:38.428+05:30  WARN 15056 --- [Smart-Interview-Prep-Platform] [http-nio-8080-exec-6] .w.s.m.s.DefaultHandlerExceptionResolver : Resolved [org.springframework.web.HttpMediaTypeNotSupportedException: Content-Type 'text/plain;charset=UTF-8' is not supported]
2026-05-06T11:54:38.440+05:30 DEBUG 15056 --- [Smart-Interview-Prep-Platform] [http-nio-8080-exec-6] o.s.security.web.FilterChainProxy        : Securing POST /error
2026-05-06T11:54:38.440+05:30 DEBUG 15056 --- [Smart-Interview-Prep-Platform] [http-nio-8080-exec-6] o.s.s.w.a.AnonymousAuthenticationFilter  : Set SecurityContextHolder to anonymous SecurityContext
2026-05-06T11:54:38.442+05:30 DEBUG 15056 --- [Smart-Interview-Prep-Platform] [http-nio-8080-exec-6] o.s.s.w.a.Http403ForbiddenEntryPoint     : Pre-authenticated entry point called. Rejecting access
2026-05-06T11:55:18.804+05:30 DEBUG 15056 --- [Smart-Interview-Prep-Platform] [http-nio-8080-exec-5] o.s.security.web.FilterChainProxy        : Securing POST /api/user/quiz/submit
2026-05-06T11:55:18.805+05:30  INFO 15056 --- [Smart-Interview-Prep-Platform] [http-nio-8080-exec-5] c.S.I.P.Platform.security.JwtAuthFilter  : JWT Filter Bearer eyJhbGciOiJIUzI1NiJ9.eyJzdWIiOiJzYW1AZ21haWwuY29tIiwicm9sZSI6IkFETUlOIiwiaWF0IjoxNzc4MDQ4NjAxLCJleHAiOjE3NzgxMzUwMDF9.4YZSiEYtcf1w8mm-37Sx4PEnHyDVyMqHHe5z1EbquYo
2026-05-06T11:55:18.805+05:30  INFO 15056 --- [Smart-Interview-Prep-Platform] [http-nio-8080-exec-5] c.S.I.P.Platform.security.JwtAuthFilter  : Token eyJhbGciOiJIUzI1NiJ9.eyJzdWIiOiJzYW1AZ21haWwuY29tIiwicm9sZSI6IkFETUlOIiwiaWF0IjoxNzc4MDQ4NjAxLCJleHAiOjE3NzgxMzUwMDF9.4YZSiEYtcf1w8mm-37Sx4PEnHyDVyMqHHe5z1EbquYo
2026-05-06T11:55:18.812+05:30  INFO 15056 --- [Smart-Interview-Prep-Platform] [http-nio-8080-exec-5] c.S.I.P.Platform.security.JwtAuthFilter  : Token Filter email sam@gmail.com
2026-05-06T11:55:18.812+05:30  INFO 15056 --- [Smart-Interview-Prep-Platform] [http-nio-8080-exec-5] c.S.I.P.Platform.security.JwtAuthFilter  : Token Filter auth UsernamePasswordAuthenticationToken [Principal=sam@gmail.com, Credentials=[PROTECTED], Authenticated=true, Details=null, Granted Authorities=[ROLE_ADMIN]]
2026-05-06T11:55:18.812+05:30 DEBUG 15056 --- [Smart-Interview-Prep-Platform] [http-nio-8080-exec-5] o.s.security.web.FilterChainProxy        : Secured POST /api/user/quiz/submit
2026-05-06T11:55:18.826+05:30 ERROR 15056 --- [Smart-Interview-Prep-Platform] [http-nio-8080-exec-5] o.a.c.c.C.[.[.[/].[dispatcherServlet]    : Servlet.service() for servlet [dispatcherServlet] in context with path [] threw exception [Request processing failed: org.springframework.http.converter.HttpMessageConversionException: Type definition error: [simple type, class com.Smart.Interview.Prep.Platform.dto.Quiz.QuizSubmitRequest$QuizSubmitRequest]] with root cause

com.fasterxml.jackson.databind.exc.InvalidDefinitionException: Cannot construct instance of `com.Smart.Interview.Prep.Platform.dto.Quiz.QuizSubmitRequest$QuizSubmitRequest`: non-static inner classes like this can only by instantiated using default, no-argument constructor
 at [Source: (org.springframework.util.StreamUtils$NonClosingInputStream); line: 2, column: 5]
	at com.fasterxml.jackson.databind.exc.InvalidDefinitionException.from(InvalidDefinitionException.java:67) ~[jackson-databind-2.15.4.jar:2.15.4]
	at com.fasterxml.jackson.databind.DeserializationContext.reportBadDefinition(DeserializationContext.java:1915) ~[jackson-databind-2.15.4.jar:2.15.4]
	at com.fasterxml.jackson.databind.DatabindContext.reportBadDefinition(DatabindContext.java:414) ~[jackson-databind-2.15.4.jar:2.15.4]
	at com.fasterxml.jackson.databind.DeserializationContext.handleMissingInstantiator(DeserializationContext.java:1355) ~[jackson-databind-2.15.4.jar:2.15.4]
	at com.fasterxml.jackson.databind.deser.BeanDeserializerBase.deserializeFromObjectUsingNonDefault(BeanDeserializerBase.java:1426) ~[jackson-databind-2.15.4.jar:2.15.4]
	at com.fasterxml.jackson.databind.deser.BeanDeserializer.deserializeFromObject(BeanDeserializer.java:352) ~[jackson-databind-2.15.4.jar:2.15.4]
	at com.fasterxml.jackson.databind.deser.BeanDeserializer.deserialize(BeanDeserializer.java:185) ~[jackson-databind-2.15.4.jar:2.15.4]
	at com.fasterxml.jackson.databind.deser.DefaultDeserializationContext.readRootValue(DefaultDeserializationContext.java:323) ~[jackson-databind-2.15.4.jar:2.15.4]
	at com.fasterxml.jackson.databind.ObjectReader._bindAndClose(ObjectReader.java:2105) ~[jackson-databind-2.15.4.jar:2.15.4]
	at com.fasterxml.jackson.databind.ObjectReader.readValue(ObjectReader.java:1481) ~[jackson-databind-2.15.4.jar:2.15.4]
	at org.springframework.http.converter.json.AbstractJackson2HttpMessageConverter.readJavaType(AbstractJackson2HttpMessageConverter.java:395) ~[spring-web-6.1.6.jar:6.1.6]
	at org.springframework.http.converter.json.AbstractJackson2HttpMessageConverter.read(AbstractJackson2HttpMessageConverter.java:354) ~[spring-web-6.1.6.jar:6.1.6]
	at org.springframework.web.servlet.mvc.method.annotation.AbstractMessageConverterMethodArgumentResolver.readWithMessageConverters(AbstractMessageConverterMethodArgumentResolver.java:184) ~[spring-webmvc-6.1.6.jar:6.1.6]
	at org.springframework.web.servlet.mvc.method.annotation.RequestResponseBodyMethodProcessor.readWithMessageConverters(RequestResponseBodyMethodProcessor.java:161) ~[spring-webmvc-6.1.6.jar:6.1.6]
	at org.springframework.web.servlet.mvc.method.annotation.RequestResponseBodyMethodProcessor.resolveArgument(RequestResponseBodyMethodProcessor.java:135) ~[spring-webmvc-6.1.6.jar:6.1.6]
	at org.springframework.web.method.support.HandlerMethodArgumentResolverComposite.resolveArgument(HandlerMethodArgumentResolverComposite.java:122) ~[spring-web-6.1.6.jar:6.1.6]
	at org.springframework.web.method.support.InvocableHandlerMethod.getMethodArgumentValues(InvocableHandlerMethod.java:224) ~[spring-web-6.1.6.jar:6.1.6]
	at org.springframework.web.method.support.InvocableHandlerMethod.invokeForRequest(InvocableHandlerMethod.java:178) ~[spring-web-6.1.6.jar:6.1.6]
	at org.springframework.web.servlet.mvc.method.annotation.ServletInvocableHandlerMethod.invokeAndHandle(ServletInvocableHandlerMethod.java:118) ~[spring-webmvc-6.1.6.jar:6.1.6]
	at org.springframework.web.servlet.mvc.method.annotation.RequestMappingHandlerAdapter.invokeHandlerMethod(RequestMappingHandlerAdapter.java:926) ~[spring-webmvc-6.1.6.jar:6.1.6]
	at org.springframework.web.servlet.mvc.method.annotation.RequestMappingHandlerAdapter.handleInternal(RequestMappingHandlerAdapter.java:831) ~[spring-webmvc-6.1.6.jar:6.1.6]
	at org.springframework.web.servlet.mvc.method.AbstractHandlerMethodAdapter.handle(AbstractHandlerMethodAdapter.java:87) ~[spring-webmvc-6.1.6.jar:6.1.6]
	at org.springframework.web.servlet.DispatcherServlet.doDispatch(DispatcherServlet.java:1089) ~[spring-webmvc-6.1.6.jar:6.1.6]
	at org.springframework.web.servlet.DispatcherServlet.doService(DispatcherServlet.java:979) ~[spring-webmvc-6.1.6.jar:6.1.6]
	at org.springframework.web.servlet.FrameworkServlet.processRequest(FrameworkServlet.java:1014) ~[spring-webmvc-6.1.6.jar:6.1.6]
	at org.springframework.web.servlet.FrameworkServlet.doPost(FrameworkServlet.java:914) ~[spring-webmvc-6.1.6.jar:6.1.6]
	at jakarta.servlet.http.HttpServlet.service(HttpServlet.java:590) ~[tomcat-embed-core-10.1.20.jar:6.0]
	at org.springframework.web.servlet.FrameworkServlet.service(FrameworkServlet.java:885) ~[spring-webmvc-6.1.6.jar:6.1.6]
	at jakarta.servlet.http.HttpServlet.service(HttpServlet.java:658) ~[tomcat-embed-core-10.1.20.jar:6.0]
	at org.apache.catalina.core.ApplicationFilterChain.internalDoFilter(ApplicationFilterChain.java:206) ~[tomcat-embed-core-10.1.20.jar:10.1.20]
	at org.apache.catalina.core.ApplicationFilterChain.doFilter(ApplicationFilterChain.java:150) ~[tomcat-embed-core-10.1.20.jar:10.1.20]
	at org.apache.tomcat.websocket.server.WsFilter.doFilter(WsFilter.java:51) ~[tomcat-embed-websocket-10.1.20.jar:10.1.20]
	at org.apache.catalina.core.ApplicationFilterChain.internalDoFilter(ApplicationFilterChain.java:175) ~[tomcat-embed-core-10.1.20.jar:10.1.20]
	at org.apache.catalina.core.ApplicationFilterChain.doFilter(ApplicationFilterChain.java:150) ~[tomcat-embed-core-10.1.20.jar:10.1.20]
	at org.springframework.web.filter.OncePerRequestFilter.doFilter(OncePerRequestFilter.java:110) ~[spring-web-6.1.6.jar:6.1.6]
	at org.apache.catalina.core.ApplicationFilterChain.internalDoFilter(ApplicationFilterChain.java:175) ~[tomcat-embed-core-10.1.20.jar:10.1.20]
	at org.apache.catalina.core.ApplicationFilterChain.doFilter(ApplicationFilterChain.java:150) ~[tomcat-embed-core-10.1.20.jar:10.1.20]
	at org.springframework.web.filter.CompositeFilter$VirtualFilterChain.doFilter(CompositeFilter.java:108) ~[spring-web-6.1.6.jar:6.1.6]
	at org.springframework.security.web.FilterChainProxy.lambda$doFilterInternal$3(FilterChainProxy.java:231) ~[spring-security-web-6.2.4.jar:6.2.4]
	at org.springframework.security.web.FilterChainProxy$VirtualFilterChain.doFilter(FilterChainProxy.java:365) ~[spring-security-web-6.2.4.jar:6.2.4]
	at org.springframework.security.web.access.intercept.AuthorizationFilter.doFilter(AuthorizationFilter.java:100) ~[spring-security-web-6.2.4.jar:6.2.4]
	at org.springframework.security.web.FilterChainProxy$VirtualFilterChain.doFilter(FilterChainProxy.java:374) ~[spring-security-web-6.2.4.jar:6.2.4]
	at org.springframework.security.web.access.ExceptionTranslationFilter.doFilter(ExceptionTranslationFilter.java:126) ~[spring-security-web-6.2.4.jar:6.2.4]
	at org.springframework.security.web.access.ExceptionTranslationFilter.doFilter(ExceptionTranslationFilter.java:120) ~[spring-security-web-6.2.4.jar:6.2.4]
	at org.springframework.security.web.FilterChainProxy$VirtualFilterChain.doFilter(FilterChainProxy.java:374) ~[spring-security-web-6.2.4.jar:6.2.4]
	at org.springframework.security.web.session.SessionManagementFilter.doFilter(SessionManagementFilter.java:131) ~[spring-security-web-6.2.4.jar:6.2.4]
	at org.springframework.security.web.session.SessionManagementFilter.doFilter(SessionManagementFilter.java:85) ~[spring-security-web-6.2.4.jar:6.2.4]
	at org.springframework.security.web.FilterChainProxy$VirtualFilterChain.doFilter(FilterChainProxy.java:374) ~[spring-security-web-6.2.4.jar:6.2.4]
	at org.springframework.security.web.authentication.AnonymousAuthenticationFilter.doFilter(AnonymousAuthenticationFilter.java:100) ~[spring-security-web-6.2.4.jar:6.2.4]
	at org.springframework.security.web.FilterChainProxy$VirtualFilterChain.doFilter(FilterChainProxy.java:374) ~[spring-security-web-6.2.4.jar:6.2.4]
	at org.springframework.security.web.servletapi.SecurityContextHolderAwareRequestFilter.doFilter(SecurityContextHolderAwareRequestFilter.java:179) ~[spring-security-web-6.2.4.jar:6.2.4]
	at org.springframework.security.web.FilterChainProxy$VirtualFilterChain.doFilter(FilterChainProxy.java:374) ~[spring-security-web-6.2.4.jar:6.2.4]
	at org.springframework.security.web.savedrequest.RequestCacheAwareFilter.doFilter(RequestCacheAwareFilter.java:63) ~[spring-security-web-6.2.4.jar:6.2.4]
	at org.springframework.security.web.FilterChainProxy$VirtualFilterChain.doFilter(FilterChainProxy.java:374) ~[spring-security-web-6.2.4.jar:6.2.4]
	at com.Smart.Interview.Prep.Platform.security.JwtAuthFilter.doFilterInternal(JwtAuthFilter.java:68) ~[classes/:na]
	at org.springframework.web.filter.OncePerRequestFilter.doFilter(OncePerRequestFilter.java:116) ~[spring-web-6.1.6.jar:6.1.6]
	at org.springframework.security.web.FilterChainProxy$VirtualFilterChain.doFilter(FilterChainProxy.java:374) ~[spring-security-web-6.2.4.jar:6.2.4]
	at org.springframework.security.web.authentication.logout.LogoutFilter.doFilter(LogoutFilter.java:107) ~[spring-security-web-6.2.4.jar:6.2.4]
	at org.springframework.security.web.authentication.logout.LogoutFilter.doFilter(LogoutFilter.java:93) ~[spring-security-web-6.2.4.jar:6.2.4]
	at org.springframework.security.web.FilterChainProxy$VirtualFilterChain.doFilter(FilterChainProxy.java:374) ~[spring-security-web-6.2.4.jar:6.2.4]
	at org.springframework.web.filter.CorsFilter.doFilterInternal(CorsFilter.java:91) ~[spring-web-6.1.6.jar:6.1.6]
	at org.springframework.web.filter.OncePerRequestFilter.doFilter(OncePerRequestFilter.java:116) ~[spring-web-6.1.6.jar:6.1.6]
	at org.springframework.security.web.FilterChainProxy$VirtualFilterChain.doFilter(FilterChainProxy.java:374) ~[spring-security-web-6.2.4.jar:6.2.4]
	at org.springframework.security.web.header.HeaderWriterFilter.doHeadersAfter(HeaderWriterFilter.java:90) ~[spring-security-web-6.2.4.jar:6.2.4]
	at org.springframework.security.web.header.HeaderWriterFilter.doFilterInternal(HeaderWriterFilter.java:75) ~[spring-security-web-6.2.4.jar:6.2.4]
	at org.springframework.web.filter.OncePerRequestFilter.doFilter(OncePerRequestFilter.java:116) ~[spring-web-6.1.6.jar:6.1.6]
	at org.springframework.security.web.FilterChainProxy$VirtualFilterChain.doFilter(FilterChainProxy.java:374) ~[spring-security-web-6.2.4.jar:6.2.4]
	at org.springframework.security.web.context.SecurityContextHolderFilter.doFilter(SecurityContextHolderFilter.java:82) ~[spring-security-web-6.2.4.jar:6.2.4]
	at org.springframework.security.web.context.SecurityContextHolderFilter.doFilter(SecurityContextHolderFilter.java:69) ~[spring-security-web-6.2.4.jar:6.2.4]
	at org.springframework.security.web.FilterChainProxy$VirtualFilterChain.doFilter(FilterChainProxy.java:374) ~[spring-security-web-6.2.4.jar:6.2.4]
	at org.springframework.security.web.context.request.async.WebAsyncManagerIntegrationFilter.doFilterInternal(WebAsyncManagerIntegrationFilter.java:62) ~[spring-security-web-6.2.4.jar:6.2.4]
	at org.springframework.web.filter.OncePerRequestFilter.doFilter(OncePerRequestFilter.java:116) ~[spring-web-6.1.6.jar:6.1.6]
	at org.springframework.security.web.FilterChainProxy$VirtualFilterChain.doFilter(FilterChainProxy.java:374) ~[spring-security-web-6.2.4.jar:6.2.4]
	at org.springframework.security.web.session.DisableEncodeUrlFilter.doFilterInternal(DisableEncodeUrlFilter.java:42) ~[spring-security-web-6.2.4.jar:6.2.4]
	at org.springframework.web.filter.OncePerRequestFilter.doFilter(OncePerRequestFilter.java:116) ~[spring-web-6.1.6.jar:6.1.6]
	at org.springframework.security.web.FilterChainProxy$VirtualFilterChain.doFilter(FilterChainProxy.java:374) ~[spring-security-web-6.2.4.jar:6.2.4]
	at org.springframework.security.web.FilterChainProxy.doFilterInternal(FilterChainProxy.java:233) ~[spring-security-web-6.2.4.jar:6.2.4]
	at org.springframework.security.web.FilterChainProxy.doFilter(FilterChainProxy.java:191) ~[spring-security-web-6.2.4.jar:6.2.4]
	at org.springframework.web.filter.CompositeFilter$VirtualFilterChain.doFilter(CompositeFilter.java:113) ~[spring-web-6.1.6.jar:6.1.6]
	at org.springframework.web.servlet.handler.HandlerMappingIntrospector.lambda$createCacheFilter$3(HandlerMappingIntrospector.java:195) ~[spring-webmvc-6.1.6.jar:6.1.6]
	at org.springframework.web.filter.CompositeFilter$VirtualFilterChain.doFilter(CompositeFilter.java:113) ~[spring-web-6.1.6.jar:6.1.6]
	at org.springframework.web.filter.CompositeFilter.doFilter(CompositeFilter.java:74) ~[spring-web-6.1.6.jar:6.1.6]
	at org.springframework.security.config.annotation.web.configuration.WebMvcSecurityConfiguration$CompositeFilterChainProxy.doFilter(WebMvcSecurityConfiguration.java:230) ~[spring-security-config-6.2.4.jar:6.2.4]
	at org.springframework.web.filter.DelegatingFilterProxy.invokeDelegate(DelegatingFilterProxy.java:352) ~[spring-web-6.1.6.jar:6.1.6]
	at org.springframework.web.filter.DelegatingFilterProxy.doFilter(DelegatingFilterProxy.java:268) ~[spring-web-6.1.6.jar:6.1.6]
	at org.apache.catalina.core.ApplicationFilterChain.internalDoFilter(ApplicationFilterChain.java:175) ~[tomcat-embed-core-10.1.20.jar:10.1.20]
	at org.apache.catalina.core.ApplicationFilterChain.doFilter(ApplicationFilterChain.java:150) ~[tomcat-embed-core-10.1.20.jar:10.1.20]
	at org.springframework.web.filter.RequestContextFilter.doFilterInternal(RequestContextFilter.java:100) ~[spring-web-6.1.6.jar:6.1.6]
	at org.springframework.web.filter.OncePerRequestFilter.doFilter(OncePerRequestFilter.java:116) ~[spring-web-6.1.6.jar:6.1.6]
	at org.apache.catalina.core.ApplicationFilterChain.internalDoFilter(ApplicationFilterChain.java:175) ~[tomcat-embed-core-10.1.20.jar:10.1.20]
	at org.apache.catalina.core.ApplicationFilterChain.doFilter(ApplicationFilterChain.java:150) ~[tomcat-embed-core-10.1.20.jar:10.1.20]
	at org.springframework.web.filter.FormContentFilter.doFilterInternal(FormContentFilter.java:93) ~[spring-web-6.1.6.jar:6.1.6]
	at org.springframework.web.filter.OncePerRequestFilter.doFilter(OncePerRequestFilter.java:116) ~[spring-web-6.1.6.jar:6.1.6]
	at org.apache.catalina.core.ApplicationFilterChain.internalDoFilter(ApplicationFilterChain.java:175) ~[tomcat-embed-core-10.1.20.jar:10.1.20]
	at org.apache.catalina.core.ApplicationFilterChain.doFilter(ApplicationFilterChain.java:150) ~[tomcat-embed-core-10.1.20.jar:10.1.20]
	at org.springframework.web.filter.CharacterEncodingFilter.doFilterInternal(CharacterEncodingFilter.java:201) ~[spring-web-6.1.6.jar:6.1.6]
	at org.springframework.web.filter.OncePerRequestFilter.doFilter(OncePerRequestFilter.java:116) ~[spring-web-6.1.6.jar:6.1.6]
	at org.apache.catalina.core.ApplicationFilterChain.internalDoFilter(ApplicationFilterChain.java:175) ~[tomcat-embed-core-10.1.20.jar:10.1.20]
	at org.apache.catalina.core.ApplicationFilterChain.doFilter(ApplicationFilterChain.java:150) ~[tomcat-embed-core-10.1.20.jar:10.1.20]
	at org.apache.catalina.core.StandardWrapperValve.invoke(StandardWrapperValve.java:167) ~[tomcat-embed-core-10.1.20.jar:10.1.20]
	at org.apache.catalina.core.StandardContextValve.invoke(StandardContextValve.java:90) ~[tomcat-embed-core-10.1.20.jar:10.1.20]
	at org.apache.catalina.authenticator.AuthenticatorBase.invoke(AuthenticatorBase.java:482) ~[tomcat-embed-core-10.1.20.jar:10.1.20]
	at org.apache.catalina.core.StandardHostValve.invoke(StandardHostValve.java:115) ~[tomcat-embed-core-10.1.20.jar:10.1.20]
	at org.apache.catalina.valves.ErrorReportValve.invoke(ErrorReportValve.java:93) ~[tomcat-embed-core-10.1.20.jar:10.1.20]
	at org.apache.catalina.core.StandardEngineValve.invoke(StandardEngineValve.java:74) ~[tomcat-embed-core-10.1.20.jar:10.1.20]
	at org.apache.catalina.connector.CoyoteAdapter.service(CoyoteAdapter.java:344) ~[tomcat-embed-core-10.1.20.jar:10.1.20]
	at org.apache.coyote.http11.Http11Processor.service(Http11Processor.java:391) ~[tomcat-embed-core-10.1.20.jar:10.1.20]
	at org.apache.coyote.AbstractProcessorLight.process(AbstractProcessorLight.java:63) ~[tomcat-embed-core-10.1.20.jar:10.1.20]
	at org.apache.coyote.AbstractProtocol$ConnectionHandler.process(AbstractProtocol.java:896) ~[tomcat-embed-core-10.1.20.jar:10.1.20]
	at org.apache.tomcat.util.net.NioEndpoint$SocketProcessor.doRun(NioEndpoint.java:1736) ~[tomcat-embed-core-10.1.20.jar:10.1.20]
	at org.apache.tomcat.util.net.SocketProcessorBase.run(SocketProcessorBase.java:52) ~[tomcat-embed-core-10.1.20.jar:10.1.20]
	at org.apache.tomcat.util.threads.ThreadPoolExecutor.runWorker(ThreadPoolExecutor.java:1191) ~[tomcat-embed-core-10.1.20.jar:10.1.20]
	at org.apache.tomcat.util.threads.ThreadPoolExecutor$Worker.run(ThreadPoolExecutor.java:659) ~[tomcat-embed-core-10.1.20.jar:10.1.20]
	at org.apache.tomcat.util.threads.TaskThread$WrappingRunnable.run(TaskThread.java:63) ~[tomcat-embed-core-10.1.20.jar:10.1.20]
	at java.base/java.lang.Thread.run(Thread.java:1583) ~[na:na]

2026-05-06T11:55:18.850+05:30 DEBUG 15056 --- [Smart-Interview-Prep-Platform] [http-nio-8080-exec-5] o.s.security.web.FilterChainProxy        : Securing POST /error
2026-05-06T11:55:18.850+05:30 DEBUG 15056 --- [Smart-Interview-Prep-Platform] [http-nio-8080-exec-5] o.s.s.w.a.AnonymousAuthenticationFilter  : Set SecurityContextHolder to anonymous SecurityContext
2026-05-06T11:55:18.851+05:30 DEBUG 15056 --- [Smart-Interview-Prep-Platform] [http-nio-8080-exec-5] o.s.s.w.a.Http403ForbiddenEntryPoint     : Pre-authenticated entry point called. Rejecting access
2026-05-06T11:57:42.639+05:30 DEBUG 15056 --- [Smart-Interview-Prep-Platform] [http-nio-8080-exec-9] o.s.security.web.FilterChainProxy        : Securing POST /api/user/quiz/submit
2026-05-06T11:57:42.640+05:30  INFO 15056 --- [Smart-Interview-Prep-Platform] [http-nio-8080-exec-9] c.S.I.P.Platform.security.JwtAuthFilter  : JWT Filter Bearer eyJhbGciOiJIUzI1NiJ9.eyJzdWIiOiJzYW1AZ21haWwuY29tIiwicm9sZSI6IkFETUlOIiwiaWF0IjoxNzc4MDQ4NjAxLCJleHAiOjE3NzgxMzUwMDF9.4YZSiEYtcf1w8mm-37Sx4PEnHyDVyMqHHe5z1EbquYo
2026-05-06T11:57:42.641+05:30  INFO 15056 --- [Smart-Interview-Prep-Platform] [http-nio-8080-exec-9] c.S.I.P.Platform.security.JwtAuthFilter  : Token eyJhbGciOiJIUzI1NiJ9.eyJzdWIiOiJzYW1AZ21haWwuY29tIiwicm9sZSI6IkFETUlOIiwiaWF0IjoxNzc4MDQ4NjAxLCJleHAiOjE3NzgxMzUwMDF9.4YZSiEYtcf1w8mm-37Sx4PEnHyDVyMqHHe5z1EbquYo
2026-05-06T11:57:42.653+05:30  INFO 15056 --- [Smart-Interview-Prep-Platform] [http-nio-8080-exec-9] c.S.I.P.Platform.security.JwtAuthFilter  : Token Filter email sam@gmail.com
2026-05-06T11:57:42.654+05:30  INFO 15056 --- [Smart-Interview-Prep-Platform] [http-nio-8080-exec-9] c.S.I.P.Platform.security.JwtAuthFilter  : Token Filter auth UsernamePasswordAuthenticationToken [Principal=sam@gmail.com, Credentials=[PROTECTED], Authenticated=true, Details=null, Granted Authorities=[ROLE_ADMIN]]
2026-05-06T11:57:42.654+05:30 DEBUG 15056 --- [Smart-Interview-Prep-Platform] [http-nio-8080-exec-9] o.s.security.web.FilterChainProxy        : Secured POST /api/user/quiz/submit
2026-05-06T11:57:42.658+05:30 ERROR 15056 --- [Smart-Interview-Prep-Platform] [http-nio-8080-exec-9] o.a.c.c.C.[.[.[/].[dispatcherServlet]    : Servlet.service() for servlet [dispatcherServlet] in context with path [] threw exception [Request processing failed: org.springframework.http.converter.HttpMessageConversionException: Type definition error: [simple type, class com.Smart.Interview.Prep.Platform.dto.Quiz.QuizSubmitRequest$QuizSubmitRequest]] with root cause

com.fasterxml.jackson.databind.exc.InvalidDefinitionException: Cannot construct instance of `com.Smart.Interview.Prep.Platform.dto.Quiz.QuizSubmitRequest$QuizSubmitRequest`: non-static inner classes like this can only by instantiated using default, no-argument constructor
 at [Source: (org.springframework.util.StreamUtils$NonClosingInputStream); line: 2, column: 7]
	at com.fasterxml.jackson.databind.exc.InvalidDefinitionException.from(InvalidDefinitionException.java:67) ~[jackson-databind-2.15.4.jar:2.15.4]
	at com.fasterxml.jackson.databind.DeserializationContext.reportBadDefinition(DeserializationContext.java:1915) ~[jackson-databind-2.15.4.jar:2.15.4]
	at com.fasterxml.jackson.databind.DatabindContext.reportBadDefinition(DatabindContext.java:414) ~[jackson-databind-2.15.4.jar:2.15.4]
	at com.fasterxml.jackson.databind.DeserializationContext.handleMissingInstantiator(DeserializationContext.java:1355) ~[jackson-databind-2.15.4.jar:2.15.4]
	at com.fasterxml.jackson.databind.deser.BeanDeserializerBase.deserializeFromObjectUsingNonDefault(BeanDeserializerBase.java:1426) ~[jackson-databind-2.15.4.jar:2.15.4]
	at com.fasterxml.jackson.databind.deser.BeanDeserializer.deserializeFromObject(BeanDeserializer.java:352) ~[jackson-databind-2.15.4.jar:2.15.4]
	at com.fasterxml.jackson.databind.deser.BeanDeserializer.deserialize(BeanDeserializer.java:185) ~[jackson-databind-2.15.4.jar:2.15.4]
	at com.fasterxml.jackson.databind.deser.DefaultDeserializationContext.readRootValue(DefaultDeserializationContext.java:323) ~[jackson-databind-2.15.4.jar:2.15.4]
	at com.fasterxml.jackson.databind.ObjectReader._bindAndClose(ObjectReader.java:2105) ~[jackson-databind-2.15.4.jar:2.15.4]
	at com.fasterxml.jackson.databind.ObjectReader.readValue(ObjectReader.java:1481) ~[jackson-databind-2.15.4.jar:2.15.4]
	at org.springframework.http.converter.json.AbstractJackson2HttpMessageConverter.readJavaType(AbstractJackson2HttpMessageConverter.java:395) ~[spring-web-6.1.6.jar:6.1.6]
	at org.springframework.http.converter.json.AbstractJackson2HttpMessageConverter.read(AbstractJackson2HttpMessageConverter.java:354) ~[spring-web-6.1.6.jar:6.1.6]
	at org.springframework.web.servlet.mvc.method.annotation.AbstractMessageConverterMethodArgumentResolver.readWithMessageConverters(AbstractMessageConverterMethodArgumentResolver.java:184) ~[spring-webmvc-6.1.6.jar:6.1.6]
	at org.springframework.web.servlet.mvc.method.annotation.RequestResponseBodyMethodProcessor.readWithMessageConverters(RequestResponseBodyMethodProcessor.java:161) ~[spring-webmvc-6.1.6.jar:6.1.6]
	at org.springframework.web.servlet.mvc.method.annotation.RequestResponseBodyMethodProcessor.resolveArgument(RequestResponseBodyMethodProcessor.java:135) ~[spring-webmvc-6.1.6.jar:6.1.6]
	at org.springframework.web.method.support.HandlerMethodArgumentResolverComposite.resolveArgument(HandlerMethodArgumentResolverComposite.java:122) ~[spring-web-6.1.6.jar:6.1.6]
	at org.springframework.web.method.support.InvocableHandlerMethod.getMethodArgumentValues(InvocableHandlerMethod.java:224) ~[spring-web-6.1.6.jar:6.1.6]
	at org.springframework.web.method.support.InvocableHandlerMethod.invokeForRequest(InvocableHandlerMethod.java:178) ~[spring-web-6.1.6.jar:6.1.6]
	at org.springframework.web.servlet.mvc.method.annotation.ServletInvocableHandlerMethod.invokeAndHandle(ServletInvocableHandlerMethod.java:118) ~[spring-webmvc-6.1.6.jar:6.1.6]
	at org.springframework.web.servlet.mvc.method.annotation.RequestMappingHandlerAdapter.invokeHandlerMethod(RequestMappingHandlerAdapter.java:926) ~[spring-webmvc-6.1.6.jar:6.1.6]
	at org.springframework.web.servlet.mvc.method.annotation.RequestMappingHandlerAdapter.handleInternal(RequestMappingHandlerAdapter.java:831) ~[spring-webmvc-6.1.6.jar:6.1.6]
	at org.springframework.web.servlet.mvc.method.AbstractHandlerMethodAdapter.handle(AbstractHandlerMethodAdapter.java:87) ~[spring-webmvc-6.1.6.jar:6.1.6]
	at org.springframework.web.servlet.DispatcherServlet.doDispatch(DispatcherServlet.java:1089) ~[spring-webmvc-6.1.6.jar:6.1.6]
	at org.springframework.web.servlet.DispatcherServlet.doService(DispatcherServlet.java:979) ~[spring-webmvc-6.1.6.jar:6.1.6]
	at org.springframework.web.servlet.FrameworkServlet.processRequest(FrameworkServlet.java:1014) ~[spring-webmvc-6.1.6.jar:6.1.6]
	at org.springframework.web.servlet.FrameworkServlet.doPost(FrameworkServlet.java:914) ~[spring-webmvc-6.1.6.jar:6.1.6]
	at jakarta.servlet.http.HttpServlet.service(HttpServlet.java:590) ~[tomcat-embed-core-10.1.20.jar:6.0]
	at org.springframework.web.servlet.FrameworkServlet.service(FrameworkServlet.java:885) ~[spring-webmvc-6.1.6.jar:6.1.6]
	at jakarta.servlet.http.HttpServlet.service(HttpServlet.java:658) ~[tomcat-embed-core-10.1.20.jar:6.0]
	at org.apache.catalina.core.ApplicationFilterChain.internalDoFilter(ApplicationFilterChain.java:206) ~[tomcat-embed-core-10.1.20.jar:10.1.20]
	at org.apache.catalina.core.ApplicationFilterChain.doFilter(ApplicationFilterChain.java:150) ~[tomcat-embed-core-10.1.20.jar:10.1.20]
	at org.apache.tomcat.websocket.server.WsFilter.doFilter(WsFilter.java:51) ~[tomcat-embed-websocket-10.1.20.jar:10.1.20]
	at org.apache.catalina.core.ApplicationFilterChain.internalDoFilter(ApplicationFilterChain.java:175) ~[tomcat-embed-core-10.1.20.jar:10.1.20]
	at org.apache.catalina.core.ApplicationFilterChain.doFilter(ApplicationFilterChain.java:150) ~[tomcat-embed-core-10.1.20.jar:10.1.20]
	at org.springframework.web.filter.OncePerRequestFilter.doFilter(OncePerRequestFilter.java:110) ~[spring-web-6.1.6.jar:6.1.6]
	at org.apache.catalina.core.ApplicationFilterChain.internalDoFilter(ApplicationFilterChain.java:175) ~[tomcat-embed-core-10.1.20.jar:10.1.20]
	at org.apache.catalina.core.ApplicationFilterChain.doFilter(ApplicationFilterChain.java:150) ~[tomcat-embed-core-10.1.20.jar:10.1.20]
	at org.springframework.web.filter.CompositeFilter$VirtualFilterChain.doFilter(CompositeFilter.java:108) ~[spring-web-6.1.6.jar:6.1.6]
	at org.springframework.security.web.FilterChainProxy.lambda$doFilterInternal$3(FilterChainProxy.java:231) ~[spring-security-web-6.2.4.jar:6.2.4]
	at org.springframework.security.web.FilterChainProxy$VirtualFilterChain.doFilter(FilterChainProxy.java:365) ~[spring-security-web-6.2.4.jar:6.2.4]
	at org.springframework.security.web.access.intercept.AuthorizationFilter.doFilter(AuthorizationFilter.java:100) ~[spring-security-web-6.2.4.jar:6.2.4]
	at org.springframework.security.web.FilterChainProxy$VirtualFilterChain.doFilter(FilterChainProxy.java:374) ~[spring-security-web-6.2.4.jar:6.2.4]
	at org.springframework.security.web.access.ExceptionTranslationFilter.doFilter(ExceptionTranslationFilter.java:126) ~[spring-security-web-6.2.4.jar:6.2.4]
	at org.springframework.security.web.access.ExceptionTranslationFilter.doFilter(ExceptionTranslationFilter.java:120) ~[spring-security-web-6.2.4.jar:6.2.4]
	at org.springframework.security.web.FilterChainProxy$VirtualFilterChain.doFilter(FilterChainProxy.java:374) ~[spring-security-web-6.2.4.jar:6.2.4]
	at org.springframework.security.web.session.SessionManagementFilter.doFilter(SessionManagementFilter.java:131) ~[spring-security-web-6.2.4.jar:6.2.4]
	at org.springframework.security.web.session.SessionManagementFilter.doFilter(SessionManagementFilter.java:85) ~[spring-security-web-6.2.4.jar:6.2.4]
	at org.springframework.security.web.FilterChainProxy$VirtualFilterChain.doFilter(FilterChainProxy.java:374) ~[spring-security-web-6.2.4.jar:6.2.4]
	at org.springframework.security.web.authentication.AnonymousAuthenticationFilter.doFilter(AnonymousAuthenticationFilter.java:100) ~[spring-security-web-6.2.4.jar:6.2.4]
	at org.springframework.security.web.FilterChainProxy$VirtualFilterChain.doFilter(FilterChainProxy.java:374) ~[spring-security-web-6.2.4.jar:6.2.4]
	at org.springframework.security.web.servletapi.SecurityContextHolderAwareRequestFilter.doFilter(SecurityContextHolderAwareRequestFilter.java:179) ~[spring-security-web-6.2.4.jar:6.2.4]
	at org.springframework.security.web.FilterChainProxy$VirtualFilterChain.doFilter(FilterChainProxy.java:374) ~[spring-security-web-6.2.4.jar:6.2.4]
	at org.springframework.security.web.savedrequest.RequestCacheAwareFilter.doFilter(RequestCacheAwareFilter.java:63) ~[spring-security-web-6.2.4.jar:6.2.4]
	at org.springframework.security.web.FilterChainProxy$VirtualFilterChain.doFilter(FilterChainProxy.java:374) ~[spring-security-web-6.2.4.jar:6.2.4]
	at com.Smart.Interview.Prep.Platform.security.JwtAuthFilter.doFilterInternal(JwtAuthFilter.java:68) ~[classes/:na]
	at org.springframework.web.filter.OncePerRequestFilter.doFilter(OncePerRequestFilter.java:116) ~[spring-web-6.1.6.jar:6.1.6]
	at org.springframework.security.web.FilterChainProxy$VirtualFilterChain.doFilter(FilterChainProxy.java:374) ~[spring-security-web-6.2.4.jar:6.2.4]
	at org.springframework.security.web.authentication.logout.LogoutFilter.doFilter(LogoutFilter.java:107) ~[spring-security-web-6.2.4.jar:6.2.4]
	at org.springframework.security.web.authentication.logout.LogoutFilter.doFilter(LogoutFilter.java:93) ~[spring-security-web-6.2.4.jar:6.2.4]
	at org.springframework.security.web.FilterChainProxy$VirtualFilterChain.doFilter(FilterChainProxy.java:374) ~[spring-security-web-6.2.4.jar:6.2.4]
	at org.springframework.web.filter.CorsFilter.doFilterInternal(CorsFilter.java:91) ~[spring-web-6.1.6.jar:6.1.6]
	at org.springframework.web.filter.OncePerRequestFilter.doFilter(OncePerRequestFilter.java:116) ~[spring-web-6.1.6.jar:6.1.6]
	at org.springframework.security.web.FilterChainProxy$VirtualFilterChain.doFilter(FilterChainProxy.java:374) ~[spring-security-web-6.2.4.jar:6.2.4]
	at org.springframework.security.web.header.HeaderWriterFilter.doHeadersAfter(HeaderWriterFilter.java:90) ~[spring-security-web-6.2.4.jar:6.2.4]
	at org.springframework.security.web.header.HeaderWriterFilter.doFilterInternal(HeaderWriterFilter.java:75) ~[spring-security-web-6.2.4.jar:6.2.4]
	at org.springframework.web.filter.OncePerRequestFilter.doFilter(OncePerRequestFilter.java:116) ~[spring-web-6.1.6.jar:6.1.6]
	at org.springframework.security.web.FilterChainProxy$VirtualFilterChain.doFilter(FilterChainProxy.java:374) ~[spring-security-web-6.2.4.jar:6.2.4]
	at org.springframework.security.web.context.SecurityContextHolderFilter.doFilter(SecurityContextHolderFilter.java:82) ~[spring-security-web-6.2.4.jar:6.2.4]
	at org.springframework.security.web.context.SecurityContextHolderFilter.doFilter(SecurityContextHolderFilter.java:69) ~[spring-security-web-6.2.4.jar:6.2.4]
	at org.springframework.security.web.FilterChainProxy$VirtualFilterChain.doFilter(FilterChainProxy.java:374) ~[spring-security-web-6.2.4.jar:6.2.4]
	at org.springframework.security.web.context.request.async.WebAsyncManagerIntegrationFilter.doFilterInternal(WebAsyncManagerIntegrationFilter.java:62) ~[spring-security-web-6.2.4.jar:6.2.4]
	at org.springframework.web.filter.OncePerRequestFilter.doFilter(OncePerRequestFilter.java:116) ~[spring-web-6.1.6.jar:6.1.6]
	at org.springframework.security.web.FilterChainProxy$VirtualFilterChain.doFilter(FilterChainProxy.java:374) ~[spring-security-web-6.2.4.jar:6.2.4]
	at org.springframework.security.web.session.DisableEncodeUrlFilter.doFilterInternal(DisableEncodeUrlFilter.java:42) ~[spring-security-web-6.2.4.jar:6.2.4]
	at org.springframework.web.filter.OncePerRequestFilter.doFilter(OncePerRequestFilter.java:116) ~[spring-web-6.1.6.jar:6.1.6]
	at org.springframework.security.web.FilterChainProxy$VirtualFilterChain.doFilter(FilterChainProxy.java:374) ~[spring-security-web-6.2.4.jar:6.2.4]
	at org.springframework.security.web.FilterChainProxy.doFilterInternal(FilterChainProxy.java:233) ~[spring-security-web-6.2.4.jar:6.2.4]
	at org.springframework.security.web.FilterChainProxy.doFilter(FilterChainProxy.java:191) ~[spring-security-web-6.2.4.jar:6.2.4]
	at org.springframework.web.filter.CompositeFilter$VirtualFilterChain.doFilter(CompositeFilter.java:113) ~[spring-web-6.1.6.jar:6.1.6]
	at org.springframework.web.servlet.handler.HandlerMappingIntrospector.lambda$createCacheFilter$3(HandlerMappingIntrospector.java:195) ~[spring-webmvc-6.1.6.jar:6.1.6]
	at org.springframework.web.filter.CompositeFilter$VirtualFilterChain.doFilter(CompositeFilter.java:113) ~[spring-web-6.1.6.jar:6.1.6]
	at org.springframework.web.filter.CompositeFilter.doFilter(CompositeFilter.java:74) ~[spring-web-6.1.6.jar:6.1.6]
	at org.springframework.security.config.annotation.web.configuration.WebMvcSecurityConfiguration$CompositeFilterChainProxy.doFilter(WebMvcSecurityConfiguration.java:230) ~[spring-security-config-6.2.4.jar:6.2.4]
	at org.springframework.web.filter.DelegatingFilterProxy.invokeDelegate(DelegatingFilterProxy.java:352) ~[spring-web-6.1.6.jar:6.1.6]
	at org.springframework.web.filter.DelegatingFilterProxy.doFilter(DelegatingFilterProxy.java:268) ~[spring-web-6.1.6.jar:6.1.6]
	at org.apache.catalina.core.ApplicationFilterChain.internalDoFilter(ApplicationFilterChain.java:175) ~[tomcat-embed-core-10.1.20.jar:10.1.20]
	at org.apache.catalina.core.ApplicationFilterChain.doFilter(ApplicationFilterChain.java:150) ~[tomcat-embed-core-10.1.20.jar:10.1.20]
	at org.springframework.web.filter.RequestContextFilter.doFilterInternal(RequestContextFilter.java:100) ~[spring-web-6.1.6.jar:6.1.6]
	at org.springframework.web.filter.OncePerRequestFilter.doFilter(OncePerRequestFilter.java:116) ~[spring-web-6.1.6.jar:6.1.6]
	at org.apache.catalina.core.ApplicationFilterChain.internalDoFilter(ApplicationFilterChain.java:175) ~[tomcat-embed-core-10.1.20.jar:10.1.20]
	at org.apache.catalina.core.ApplicationFilterChain.doFilter(ApplicationFilterChain.java:150) ~[tomcat-embed-core-10.1.20.jar:10.1.20]
	at org.springframework.web.filter.FormContentFilter.doFilterInternal(FormContentFilter.java:93) ~[spring-web-6.1.6.jar:6.1.6]
	at org.springframework.web.filter.OncePerRequestFilter.doFilter(OncePerRequestFilter.java:116) ~[spring-web-6.1.6.jar:6.1.6]
	at org.apache.catalina.core.ApplicationFilterChain.internalDoFilter(ApplicationFilterChain.java:175) ~[tomcat-embed-core-10.1.20.jar:10.1.20]
	at org.apache.catalina.core.ApplicationFilterChain.doFilter(ApplicationFilterChain.java:150) ~[tomcat-embed-core-10.1.20.jar:10.1.20]
	at org.springframework.web.filter.CharacterEncodingFilter.doFilterInternal(CharacterEncodingFilter.java:201) ~[spring-web-6.1.6.jar:6.1.6]
	at org.springframework.web.filter.OncePerRequestFilter.doFilter(OncePerRequestFilter.java:116) ~[spring-web-6.1.6.jar:6.1.6]
	at org.apache.catalina.core.ApplicationFilterChain.internalDoFilter(ApplicationFilterChain.java:175) ~[tomcat-embed-core-10.1.20.jar:10.1.20]
	at org.apache.catalina.core.ApplicationFilterChain.doFilter(ApplicationFilterChain.java:150) ~[tomcat-embed-core-10.1.20.jar:10.1.20]
	at org.apache.catalina.core.StandardWrapperValve.invoke(StandardWrapperValve.java:167) ~[tomcat-embed-core-10.1.20.jar:10.1.20]
	at org.apache.catalina.core.StandardContextValve.invoke(StandardContextValve.java:90) ~[tomcat-embed-core-10.1.20.jar:10.1.20]
	at org.apache.catalina.authenticator.AuthenticatorBase.invoke(AuthenticatorBase.java:482) ~[tomcat-embed-core-10.1.20.jar:10.1.20]
	at org.apache.catalina.core.StandardHostValve.invoke(StandardHostValve.java:115) ~[tomcat-embed-core-10.1.20.jar:10.1.20]
	at org.apache.catalina.valves.ErrorReportValve.invoke(ErrorReportValve.java:93) ~[tomcat-embed-core-10.1.20.jar:10.1.20]
	at org.apache.catalina.core.StandardEngineValve.invoke(StandardEngineValve.java:74) ~[tomcat-embed-core-10.1.20.jar:10.1.20]
	at org.apache.catalina.connector.CoyoteAdapter.service(CoyoteAdapter.java:344) ~[tomcat-embed-core-10.1.20.jar:10.1.20]
	at org.apache.coyote.http11.Http11Processor.service(Http11Processor.java:391) ~[tomcat-embed-core-10.1.20.jar:10.1.20]
	at org.apache.coyote.AbstractProcessorLight.process(AbstractProcessorLight.java:63) ~[tomcat-embed-core-10.1.20.jar:10.1.20]
	at org.apache.coyote.AbstractProtocol$ConnectionHandler.process(AbstractProtocol.java:896) ~[tomcat-embed-core-10.1.20.jar:10.1.20]
	at org.apache.tomcat.util.net.NioEndpoint$SocketProcessor.doRun(NioEndpoint.java:1736) ~[tomcat-embed-core-10.1.20.jar:10.1.20]
	at org.apache.tomcat.util.net.SocketProcessorBase.run(SocketProcessorBase.java:52) ~[tomcat-embed-core-10.1.20.jar:10.1.20]
	at org.apache.tomcat.util.threads.ThreadPoolExecutor.runWorker(ThreadPoolExecutor.java:1191) ~[tomcat-embed-core-10.1.20.jar:10.1.20]
	at org.apache.tomcat.util.threads.ThreadPoolExecutor$Worker.run(ThreadPoolExecutor.java:659) ~[tomcat-embed-core-10.1.20.jar:10.1.20]
	at org.apache.tomcat.util.threads.TaskThread$WrappingRunnable.run(TaskThread.java:63) ~[tomcat-embed-core-10.1.20.jar:10.1.20]
	at java.base/java.lang.Thread.run(Thread.java:1583) ~[na:na]

2026-05-06T11:57:42.664+05:30 DEBUG 15056 --- [Smart-Interview-Prep-Platform] [http-nio-8080-exec-9] o.s.security.web.FilterChainProxy        : Securing POST /error
2026-05-06T11:57:42.665+05:30 DEBUG 15056 --- [Smart-Interview-Prep-Platform] [http-nio-8080-exec-9] o.s.s.w.a.AnonymousAuthenticationFilter  : Set SecurityContextHolder to anonymous SecurityContext
2026-05-06T11:57:42.665+05:30 DEBUG 15056 --- [Smart-Interview-Prep-Platform] [http-nio-8080-exec-9] o.s.s.w.a.Http403ForbiddenEntryPoint     : Pre-authenticated entry point called. Rejecting access
2026-05-06T11:58:20.125+05:30 DEBUG 15056 --- [Smart-Interview-Prep-Platform] [http-nio-8080-exec-10] o.s.security.web.FilterChainProxy        : Securing POST /api/user/quiz/submit
2026-05-06T11:58:20.133+05:30  INFO 15056 --- [Smart-Interview-Prep-Platform] [http-nio-8080-exec-10] c.S.I.P.Platform.security.JwtAuthFilter  : JWT Filter Bearer eyJhbGciOiJIUzI1NiJ9.eyJzdWIiOiJzYW1AZ21haWwuY29tIiwicm9sZSI6IkFETUlOIiwiaWF0IjoxNzc4MDQ4NjAxLCJleHAiOjE3NzgxMzUwMDF9.4YZSiEYtcf1w8mm-37Sx4PEnHyDVyMqHHe5z1EbquYo
2026-05-06T11:58:20.133+05:30  INFO 15056 --- [Smart-Interview-Prep-Platform] [http-nio-8080-exec-10] c.S.I.P.Platform.security.JwtAuthFilter  : Token eyJhbGciOiJIUzI1NiJ9.eyJzdWIiOiJzYW1AZ21haWwuY29tIiwicm9sZSI6IkFETUlOIiwiaWF0IjoxNzc4MDQ4NjAxLCJleHAiOjE3NzgxMzUwMDF9.4YZSiEYtcf1w8mm-37Sx4PEnHyDVyMqHHe5z1EbquYo
2026-05-06T11:58:20.173+05:30  INFO 15056 --- [Smart-Interview-Prep-Platform] [http-nio-8080-exec-10] c.S.I.P.Platform.security.JwtAuthFilter  : Token Filter email sam@gmail.com
2026-05-06T11:58:20.199+05:30  INFO 15056 --- [Smart-Interview-Prep-Platform] [http-nio-8080-exec-10] c.S.I.P.Platform.security.JwtAuthFilter  : Token Filter auth UsernamePasswordAuthenticationToken [Principal=sam@gmail.com, Credentials=[PROTECTED], Authenticated=true, Details=null, Granted Authorities=[ROLE_ADMIN]]
2026-05-06T11:58:20.200+05:30 DEBUG 15056 --- [Smart-Interview-Prep-Platform] [http-nio-8080-exec-10] o.s.security.web.FilterChainProxy        : Secured POST /api/user/quiz/submit
2026-05-06T11:58:20.205+05:30 ERROR 15056 --- [Smart-Interview-Prep-Platform] [http-nio-8080-exec-10] o.a.c.c.C.[.[.[/].[dispatcherServlet]    : Servlet.service() for servlet [dispatcherServlet] in context with path [] threw exception [Request processing failed: org.springframework.http.converter.HttpMessageConversionException: Type definition error: [simple type, class com.Smart.Interview.Prep.Platform.dto.Quiz.QuizSubmitRequest$QuizSubmitRequest]] with root cause

com.fasterxml.jackson.databind.exc.InvalidDefinitionException: Cannot construct instance of `com.Smart.Interview.Prep.Platform.dto.Quiz.QuizSubmitRequest$QuizSubmitRequest`: non-static inner classes like this can only by instantiated using default, no-argument constructor
 at [Source: (org.springframework.util.StreamUtils$NonClosingInputStream); line: 2, column: 5]
	at com.fasterxml.jackson.databind.exc.InvalidDefinitionException.from(InvalidDefinitionException.java:67) ~[jackson-databind-2.15.4.jar:2.15.4]
	at com.fasterxml.jackson.databind.DeserializationContext.reportBadDefinition(DeserializationContext.java:1915) ~[jackson-databind-2.15.4.jar:2.15.4]
	at com.fasterxml.jackson.databind.DatabindContext.reportBadDefinition(DatabindContext.java:414) ~[jackson-databind-2.15.4.jar:2.15.4]
	at com.fasterxml.jackson.databind.DeserializationContext.handleMissingInstantiator(DeserializationContext.java:1355) ~[jackson-databind-2.15.4.jar:2.15.4]
	at com.fasterxml.jackson.databind.deser.BeanDeserializerBase.deserializeFromObjectUsingNonDefault(BeanDeserializerBase.java:1426) ~[jackson-databind-2.15.4.jar:2.15.4]
	at com.fasterxml.jackson.databind.deser.BeanDeserializer.deserializeFromObject(BeanDeserializer.java:352) ~[jackson-databind-2.15.4.jar:2.15.4]
	at com.fasterxml.jackson.databind.deser.BeanDeserializer.deserialize(BeanDeserializer.java:185) ~[jackson-databind-2.15.4.jar:2.15.4]
	at com.fasterxml.jackson.databind.deser.DefaultDeserializationContext.readRootValue(DefaultDeserializationContext.java:323) ~[jackson-databind-2.15.4.jar:2.15.4]
	at com.fasterxml.jackson.databind.ObjectReader._bindAndClose(ObjectReader.java:2105) ~[jackson-databind-2.15.4.jar:2.15.4]
	at com.fasterxml.jackson.databind.ObjectReader.readValue(ObjectReader.java:1481) ~[jackson-databind-2.15.4.jar:2.15.4]
	at org.springframework.http.converter.json.AbstractJackson2HttpMessageConverter.readJavaType(AbstractJackson2HttpMessageConverter.java:395) ~[spring-web-6.1.6.jar:6.1.6]
	at org.springframework.http.converter.json.AbstractJackson2HttpMessageConverter.read(AbstractJackson2HttpMessageConverter.java:354) ~[spring-web-6.1.6.jar:6.1.6]
	at org.springframework.web.servlet.mvc.method.annotation.AbstractMessageConverterMethodArgumentResolver.readWithMessageConverters(AbstractMessageConverterMethodArgumentResolver.java:184) ~[spring-webmvc-6.1.6.jar:6.1.6]
	at org.springframework.web.servlet.mvc.method.annotation.RequestResponseBodyMethodProcessor.readWithMessageConverters(RequestResponseBodyMethodProcessor.java:161) ~[spring-webmvc-6.1.6.jar:6.1.6]
	at org.springframework.web.servlet.mvc.method.annotation.RequestResponseBodyMethodProcessor.resolveArgument(RequestResponseBodyMethodProcessor.java:135) ~[spring-webmvc-6.1.6.jar:6.1.6]
	at org.springframework.web.method.support.HandlerMethodArgumentResolverComposite.resolveArgument(HandlerMethodArgumentResolverComposite.java:122) ~[spring-web-6.1.6.jar:6.1.6]
	at org.springframework.web.method.support.InvocableHandlerMethod.getMethodArgumentValues(InvocableHandlerMethod.java:224) ~[spring-web-6.1.6.jar:6.1.6]
	at org.springframework.web.method.support.InvocableHandlerMethod.invokeForRequest(InvocableHandlerMethod.java:178) ~[spring-web-6.1.6.jar:6.1.6]
	at org.springframework.web.servlet.mvc.method.annotation.ServletInvocableHandlerMethod.invokeAndHandle(ServletInvocableHandlerMethod.java:118) ~[spring-webmvc-6.1.6.jar:6.1.6]
	at org.springframework.web.servlet.mvc.method.annotation.RequestMappingHandlerAdapter.invokeHandlerMethod(RequestMappingHandlerAdapter.java:926) ~[spring-webmvc-6.1.6.jar:6.1.6]
	at org.springframework.web.servlet.mvc.method.annotation.RequestMappingHandlerAdapter.handleInternal(RequestMappingHandlerAdapter.java:831) ~[spring-webmvc-6.1.6.jar:6.1.6]
	at org.springframework.web.servlet.mvc.method.AbstractHandlerMethodAdapter.handle(AbstractHandlerMethodAdapter.java:87) ~[spring-webmvc-6.1.6.jar:6.1.6]
	at org.springframework.web.servlet.DispatcherServlet.doDispatch(DispatcherServlet.java:1089) ~[spring-webmvc-6.1.6.jar:6.1.6]
	at org.springframework.web.servlet.DispatcherServlet.doService(DispatcherServlet.java:979) ~[spring-webmvc-6.1.6.jar:6.1.6]
	at org.springframework.web.servlet.FrameworkServlet.processRequest(FrameworkServlet.java:1014) ~[spring-webmvc-6.1.6.jar:6.1.6]
	at org.springframework.web.servlet.FrameworkServlet.doPost(FrameworkServlet.java:914) ~[spring-webmvc-6.1.6.jar:6.1.6]
	at jakarta.servlet.http.HttpServlet.service(HttpServlet.java:590) ~[tomcat-embed-core-10.1.20.jar:6.0]
	at org.springframework.web.servlet.FrameworkServlet.service(FrameworkServlet.java:885) ~[spring-webmvc-6.1.6.jar:6.1.6]
	at jakarta.servlet.http.HttpServlet.service(HttpServlet.java:658) ~[tomcat-embed-core-10.1.20.jar:6.0]
	at org.apache.catalina.core.ApplicationFilterChain.internalDoFilter(ApplicationFilterChain.java:206) ~[tomcat-embed-core-10.1.20.jar:10.1.20]
	at org.apache.catalina.core.ApplicationFilterChain.doFilter(ApplicationFilterChain.java:150) ~[tomcat-embed-core-10.1.20.jar:10.1.20]
	at org.apache.tomcat.websocket.server.WsFilter.doFilter(WsFilter.java:51) ~[tomcat-embed-websocket-10.1.20.jar:10.1.20]
	at org.apache.catalina.core.ApplicationFilterChain.internalDoFilter(ApplicationFilterChain.java:175) ~[tomcat-embed-core-10.1.20.jar:10.1.20]
	at org.apache.catalina.core.ApplicationFilterChain.doFilter(ApplicationFilterChain.java:150) ~[tomcat-embed-core-10.1.20.jar:10.1.20]
	at org.springframework.web.filter.OncePerRequestFilter.doFilter(OncePerRequestFilter.java:110) ~[spring-web-6.1.6.jar:6.1.6]
	at org.apache.catalina.core.ApplicationFilterChain.internalDoFilter(ApplicationFilterChain.java:175) ~[tomcat-embed-core-10.1.20.jar:10.1.20]
	at org.apache.catalina.core.ApplicationFilterChain.doFilter(ApplicationFilterChain.java:150) ~[tomcat-embed-core-10.1.20.jar:10.1.20]
	at org.springframework.web.filter.CompositeFilter$VirtualFilterChain.doFilter(CompositeFilter.java:108) ~[spring-web-6.1.6.jar:6.1.6]
	at org.springframework.security.web.FilterChainProxy.lambda$doFilterInternal$3(FilterChainProxy.java:231) ~[spring-security-web-6.2.4.jar:6.2.4]
	at org.springframework.security.web.FilterChainProxy$VirtualFilterChain.doFilter(FilterChainProxy.java:365) ~[spring-security-web-6.2.4.jar:6.2.4]
	at org.springframework.security.web.access.intercept.AuthorizationFilter.doFilter(AuthorizationFilter.java:100) ~[spring-security-web-6.2.4.jar:6.2.4]
	at org.springframework.security.web.FilterChainProxy$VirtualFilterChain.doFilter(FilterChainProxy.java:374) ~[spring-security-web-6.2.4.jar:6.2.4]
	at org.springframework.security.web.access.ExceptionTranslationFilter.doFilter(ExceptionTranslationFilter.java:126) ~[spring-security-web-6.2.4.jar:6.2.4]
	at org.springframework.security.web.access.ExceptionTranslationFilter.doFilter(ExceptionTranslationFilter.java:120) ~[spring-security-web-6.2.4.jar:6.2.4]
	at org.springframework.security.web.FilterChainProxy$VirtualFilterChain.doFilter(FilterChainProxy.java:374) ~[spring-security-web-6.2.4.jar:6.2.4]
	at org.springframework.security.web.session.SessionManagementFilter.doFilter(SessionManagementFilter.java:131) ~[spring-security-web-6.2.4.jar:6.2.4]
	at org.springframework.security.web.session.SessionManagementFilter.doFilter(SessionManagementFilter.java:85) ~[spring-security-web-6.2.4.jar:6.2.4]
	at org.springframework.security.web.FilterChainProxy$VirtualFilterChain.doFilter(FilterChainProxy.java:374) ~[spring-security-web-6.2.4.jar:6.2.4]
	at org.springframework.security.web.authentication.AnonymousAuthenticationFilter.doFilter(AnonymousAuthenticationFilter.java:100) ~[spring-security-web-6.2.4.jar:6.2.4]
	at org.springframework.security.web.FilterChainProxy$VirtualFilterChain.doFilter(FilterChainProxy.java:374) ~[spring-security-web-6.2.4.jar:6.2.4]
	at org.springframework.security.web.servletapi.SecurityContextHolderAwareRequestFilter.doFilter(SecurityContextHolderAwareRequestFilter.java:179) ~[spring-security-web-6.2.4.jar:6.2.4]
	at org.springframework.security.web.FilterChainProxy$VirtualFilterChain.doFilter(FilterChainProxy.java:374) ~[spring-security-web-6.2.4.jar:6.2.4]
	at org.springframework.security.web.savedrequest.RequestCacheAwareFilter.doFilter(RequestCacheAwareFilter.java:63) ~[spring-security-web-6.2.4.jar:6.2.4]
	at org.springframework.security.web.FilterChainProxy$VirtualFilterChain.doFilter(FilterChainProxy.java:374) ~[spring-security-web-6.2.4.jar:6.2.4]
	at com.Smart.Interview.Prep.Platform.security.JwtAuthFilter.doFilterInternal(JwtAuthFilter.java:68) ~[classes/:na]
	at org.springframework.web.filter.OncePerRequestFilter.doFilter(OncePerRequestFilter.java:116) ~[spring-web-6.1.6.jar:6.1.6]
	at org.springframework.security.web.FilterChainProxy$VirtualFilterChain.doFilter(FilterChainProxy.java:374) ~[spring-security-web-6.2.4.jar:6.2.4]
	at org.springframework.security.web.authentication.logout.LogoutFilter.doFilter(LogoutFilter.java:107) ~[spring-security-web-6.2.4.jar:6.2.4]
	at org.springframework.security.web.authentication.logout.LogoutFilter.doFilter(LogoutFilter.java:93) ~[spring-security-web-6.2.4.jar:6.2.4]
	at org.springframework.security.web.FilterChainProxy$VirtualFilterChain.doFilter(FilterChainProxy.java:374) ~[spring-security-web-6.2.4.jar:6.2.4]
	at org.springframework.web.filter.CorsFilter.doFilterInternal(CorsFilter.java:91) ~[spring-web-6.1.6.jar:6.1.6]
	at org.springframework.web.filter.OncePerRequestFilter.doFilter(OncePerRequestFilter.java:116) ~[spring-web-6.1.6.jar:6.1.6]
	at org.springframework.security.web.FilterChainProxy$VirtualFilterChain.doFilter(FilterChainProxy.java:374) ~[spring-security-web-6.2.4.jar:6.2.4]
	at org.springframework.security.web.header.HeaderWriterFilter.doHeadersAfter(HeaderWriterFilter.java:90) ~[spring-security-web-6.2.4.jar:6.2.4]
	at org.springframework.security.web.header.HeaderWriterFilter.doFilterInternal(HeaderWriterFilter.java:75) ~[spring-security-web-6.2.4.jar:6.2.4]
	at org.springframework.web.filter.OncePerRequestFilter.doFilter(OncePerRequestFilter.java:116) ~[spring-web-6.1.6.jar:6.1.6]
	at org.springframework.security.web.FilterChainProxy$VirtualFilterChain.doFilter(FilterChainProxy.java:374) ~[spring-security-web-6.2.4.jar:6.2.4]
	at org.springframework.security.web.context.SecurityContextHolderFilter.doFilter(SecurityContextHolderFilter.java:82) ~[spring-security-web-6.2.4.jar:6.2.4]
	at org.springframework.security.web.context.SecurityContextHolderFilter.doFilter(SecurityContextHolderFilter.java:69) ~[spring-security-web-6.2.4.jar:6.2.4]
	at org.springframework.security.web.FilterChainProxy$VirtualFilterChain.doFilter(FilterChainProxy.java:374) ~[spring-security-web-6.2.4.jar:6.2.4]
	at org.springframework.security.web.context.request.async.WebAsyncManagerIntegrationFilter.doFilterInternal(WebAsyncManagerIntegrationFilter.java:62) ~[spring-security-web-6.2.4.jar:6.2.4]
	at org.springframework.web.filter.OncePerRequestFilter.doFilter(OncePerRequestFilter.java:116) ~[spring-web-6.1.6.jar:6.1.6]
	at org.springframework.security.web.FilterChainProxy$VirtualFilterChain.doFilter(FilterChainProxy.java:374) ~[spring-security-web-6.2.4.jar:6.2.4]
	at org.springframework.security.web.session.DisableEncodeUrlFilter.doFilterInternal(DisableEncodeUrlFilter.java:42) ~[spring-security-web-6.2.4.jar:6.2.4]
	at org.springframework.web.filter.OncePerRequestFilter.doFilter(OncePerRequestFilter.java:116) ~[spring-web-6.1.6.jar:6.1.6]
	at org.springframework.security.web.FilterChainProxy$VirtualFilterChain.doFilter(FilterChainProxy.java:374) ~[spring-security-web-6.2.4.jar:6.2.4]
	at org.springframework.security.web.FilterChainProxy.doFilterInternal(FilterChainProxy.java:233) ~[spring-security-web-6.2.4.jar:6.2.4]
	at org.springframework.security.web.FilterChainProxy.doFilter(FilterChainProxy.java:191) ~[spring-security-web-6.2.4.jar:6.2.4]
	at org.springframework.web.filter.CompositeFilter$VirtualFilterChain.doFilter(CompositeFilter.java:113) ~[spring-web-6.1.6.jar:6.1.6]
	at org.springframework.web.servlet.handler.HandlerMappingIntrospector.lambda$createCacheFilter$3(HandlerMappingIntrospector.java:195) ~[spring-webmvc-6.1.6.jar:6.1.6]
	at org.springframework.web.filter.CompositeFilter$VirtualFilterChain.doFilter(CompositeFilter.java:113) ~[spring-web-6.1.6.jar:6.1.6]
	at org.springframework.web.filter.CompositeFilter.doFilter(CompositeFilter.java:74) ~[spring-web-6.1.6.jar:6.1.6]
	at org.springframework.security.config.annotation.web.configuration.WebMvcSecurityConfiguration$CompositeFilterChainProxy.doFilter(WebMvcSecurityConfiguration.java:230) ~[spring-security-config-6.2.4.jar:6.2.4]
	at org.springframework.web.filter.DelegatingFilterProxy.invokeDelegate(DelegatingFilterProxy.java:352) ~[spring-web-6.1.6.jar:6.1.6]
	at org.springframework.web.filter.DelegatingFilterProxy.doFilter(DelegatingFilterProxy.java:268) ~[spring-web-6.1.6.jar:6.1.6]
	at org.apache.catalina.core.ApplicationFilterChain.internalDoFilter(ApplicationFilterChain.java:175) ~[tomcat-embed-core-10.1.20.jar:10.1.20]
	at org.apache.catalina.core.ApplicationFilterChain.doFilter(ApplicationFilterChain.java:150) ~[tomcat-embed-core-10.1.20.jar:10.1.20]
	at org.springframework.web.filter.RequestContextFilter.doFilterInternal(RequestContextFilter.java:100) ~[spring-web-6.1.6.jar:6.1.6]
	at org.springframework.web.filter.OncePerRequestFilter.doFilter(OncePerRequestFilter.java:116) ~[spring-web-6.1.6.jar:6.1.6]
	at org.apache.catalina.core.ApplicationFilterChain.internalDoFilter(ApplicationFilterChain.java:175) ~[tomcat-embed-core-10.1.20.jar:10.1.20]
	at org.apache.catalina.core.ApplicationFilterChain.doFilter(ApplicationFilterChain.java:150) ~[tomcat-embed-core-10.1.20.jar:10.1.20]
	at org.springframework.web.filter.FormContentFilter.doFilterInternal(FormContentFilter.java:93) ~[spring-web-6.1.6.jar:6.1.6]
	at org.springframework.web.filter.OncePerRequestFilter.doFilter(OncePerRequestFilter.java:116) ~[spring-web-6.1.6.jar:6.1.6]
	at org.apache.catalina.core.ApplicationFilterChain.internalDoFilter(ApplicationFilterChain.java:175) ~[tomcat-embed-core-10.1.20.jar:10.1.20]
	at org.apache.catalina.core.ApplicationFilterChain.doFilter(ApplicationFilterChain.java:150) ~[tomcat-embed-core-10.1.20.jar:10.1.20]
	at org.springframework.web.filter.CharacterEncodingFilter.doFilterInternal(CharacterEncodingFilter.java:201) ~[spring-web-6.1.6.jar:6.1.6]
	at org.springframework.web.filter.OncePerRequestFilter.doFilter(OncePerRequestFilter.java:116) ~[spring-web-6.1.6.jar:6.1.6]
	at org.apache.catalina.core.ApplicationFilterChain.internalDoFilter(ApplicationFilterChain.java:175) ~[tomcat-embed-core-10.1.20.jar:10.1.20]
	at org.apache.catalina.core.ApplicationFilterChain.doFilter(ApplicationFilterChain.java:150) ~[tomcat-embed-core-10.1.20.jar:10.1.20]
	at org.apache.catalina.core.StandardWrapperValve.invoke(StandardWrapperValve.java:167) ~[tomcat-embed-core-10.1.20.jar:10.1.20]
	at org.apache.catalina.core.StandardContextValve.invoke(StandardContextValve.java:90) ~[tomcat-embed-core-10.1.20.jar:10.1.20]
	at org.apache.catalina.authenticator.AuthenticatorBase.invoke(AuthenticatorBase.java:482) ~[tomcat-embed-core-10.1.20.jar:10.1.20]
	at org.apache.catalina.core.StandardHostValve.invoke(StandardHostValve.java:115) ~[tomcat-embed-core-10.1.20.jar:10.1.20]
	at org.apache.catalina.valves.ErrorReportValve.invoke(ErrorReportValve.java:93) ~[tomcat-embed-core-10.1.20.jar:10.1.20]
	at org.apache.catalina.core.StandardEngineValve.invoke(StandardEngineValve.java:74) ~[tomcat-embed-core-10.1.20.jar:10.1.20]
	at org.apache.catalina.connector.CoyoteAdapter.service(CoyoteAdapter.java:344) ~[tomcat-embed-core-10.1.20.jar:10.1.20]
	at org.apache.coyote.http11.Http11Processor.service(Http11Processor.java:391) ~[tomcat-embed-core-10.1.20.jar:10.1.20]
	at org.apache.coyote.AbstractProcessorLight.process(AbstractProcessorLight.java:63) ~[tomcat-embed-core-10.1.20.jar:10.1.20]
	at org.apache.coyote.AbstractProtocol$ConnectionHandler.process(AbstractProtocol.java:896) ~[tomcat-embed-core-10.1.20.jar:10.1.20]
	at org.apache.tomcat.util.net.NioEndpoint$SocketProcessor.doRun(NioEndpoint.java:1736) ~[tomcat-embed-core-10.1.20.jar:10.1.20]
	at org.apache.tomcat.util.net.SocketProcessorBase.run(SocketProcessorBase.java:52) ~[tomcat-embed-core-10.1.20.jar:10.1.20]
	at org.apache.tomcat.util.threads.ThreadPoolExecutor.runWorker(ThreadPoolExecutor.java:1191) ~[tomcat-embed-core-10.1.20.jar:10.1.20]
	at org.apache.tomcat.util.threads.ThreadPoolExecutor$Worker.run(ThreadPoolExecutor.java:659) ~[tomcat-embed-core-10.1.20.jar:10.1.20]
	at org.apache.tomcat.util.threads.TaskThread$WrappingRunnable.run(TaskThread.java:63) ~[tomcat-embed-core-10.1.20.jar:10.1.20]
	at java.base/java.lang.Thread.run(Thread.java:1583) ~[na:na]

2026-05-06T11:58:20.208+05:30 DEBUG 15056 --- [Smart-Interview-Prep-Platform] [http-nio-8080-exec-10] o.s.security.web.FilterChainProxy        : Securing POST /error
2026-05-06T11:58:20.208+05:30 DEBUG 15056 --- [Smart-Interview-Prep-Platform] [http-nio-8080-exec-10] o.s.s.w.a.AnonymousAuthenticationFilter  : Set SecurityContextHolder to anonymous SecurityContext
2026-05-06T11:58:20.208+05:30 DEBUG 15056 --- [Smart-Interview-Prep-Platform] [http-nio-8080-exec-10] o.s.s.w.a.Http403ForbiddenEntryPoint     : Pre-authenticated entry point called. Rejecting access
2026-05-06T11:58:50.869+05:30 DEBUG 15056 --- [Smart-Interview-Prep-Platform] [http-nio-8080-exec-1] o.s.security.web.FilterChainProxy        : Securing POST /api/user/quiz/submit
2026-05-06T11:58:50.871+05:30  INFO 15056 --- [Smart-Interview-Prep-Platform] [http-nio-8080-exec-1] c.S.I.P.Platform.security.JwtAuthFilter  : JWT Filter Bearer eyJhbGciOiJIUzI1NiJ9.eyJzdWIiOiJzYW1AZ21haWwuY29tIiwicm9sZSI6IkFETUlOIiwiaWF0IjoxNzc4MDQ4NjAxLCJleHAiOjE3NzgxMzUwMDF9.4YZSiEYtcf1w8mm-37Sx4PEnHyDVyMqHHe5z1EbquYo
2026-05-06T11:58:50.871+05:30  INFO 15056 --- [Smart-Interview-Prep-Platform] [http-nio-8080-exec-1] c.S.I.P.Platform.security.JwtAuthFilter  : Token eyJhbGciOiJIUzI1NiJ9.eyJzdWIiOiJzYW1AZ21haWwuY29tIiwicm9sZSI6IkFETUlOIiwiaWF0IjoxNzc4MDQ4NjAxLCJleHAiOjE3NzgxMzUwMDF9.4YZSiEYtcf1w8mm-37Sx4PEnHyDVyMqHHe5z1EbquYo
2026-05-06T11:58:50.881+05:30  INFO 15056 --- [Smart-Interview-Prep-Platform] [http-nio-8080-exec-1] c.S.I.P.Platform.security.JwtAuthFilter  : Token Filter email sam@gmail.com
2026-05-06T11:58:50.882+05:30  INFO 15056 --- [Smart-Interview-Prep-Platform] [http-nio-8080-exec-1] c.S.I.P.Platform.security.JwtAuthFilter  : Token Filter auth UsernamePasswordAuthenticationToken [Principal=sam@gmail.com, Credentials=[PROTECTED], Authenticated=true, Details=null, Granted Authorities=[ROLE_ADMIN]]
2026-05-06T11:58:50.882+05:30 DEBUG 15056 --- [Smart-Interview-Prep-Platform] [http-nio-8080-exec-1] o.s.security.web.FilterChainProxy        : Secured POST /api/user/quiz/submit
2026-05-06T11:58:50.887+05:30 ERROR 15056 --- [Smart-Interview-Prep-Platform] [http-nio-8080-exec-1] o.a.c.c.C.[.[.[/].[dispatcherServlet]    : Servlet.service() for servlet [dispatcherServlet] in context with path [] threw exception [Request processing failed: org.springframework.http.converter.HttpMessageConversionException: Type definition error: [simple type, class com.Smart.Interview.Prep.Platform.dto.Quiz.QuizSubmitRequest$QuizSubmitRequest]] with root cause

com.fasterxml.jackson.databind.exc.InvalidDefinitionException: Cannot construct instance of `com.Smart.Interview.Prep.Platform.dto.Quiz.QuizSubmitRequest$QuizSubmitRequest`: non-static inner classes like this can only by instantiated using default, no-argument constructor
 at [Source: (org.springframework.util.StreamUtils$NonClosingInputStream); line: 2, column: 5]
	at com.fasterxml.jackson.databind.exc.InvalidDefinitionException.from(InvalidDefinitionException.java:67) ~[jackson-databind-2.15.4.jar:2.15.4]
	at com.fasterxml.jackson.databind.DeserializationContext.reportBadDefinition(DeserializationContext.java:1915) ~[jackson-databind-2.15.4.jar:2.15.4]
	at com.fasterxml.jackson.databind.DatabindContext.reportBadDefinition(DatabindContext.java:414) ~[jackson-databind-2.15.4.jar:2.15.4]
	at com.fasterxml.jackson.databind.DeserializationContext.handleMissingInstantiator(DeserializationContext.java:1355) ~[jackson-databind-2.15.4.jar:2.15.4]
	at com.fasterxml.jackson.databind.deser.BeanDeserializerBase.deserializeFromObjectUsingNonDefault(BeanDeserializerBase.java:1426) ~[jackson-databind-2.15.4.jar:2.15.4]
	at com.fasterxml.jackson.databind.deser.BeanDeserializer.deserializeFromObject(BeanDeserializer.java:352) ~[jackson-databind-2.15.4.jar:2.15.4]
	at com.fasterxml.jackson.databind.deser.BeanDeserializer.deserialize(BeanDeserializer.java:185) ~[jackson-databind-2.15.4.jar:2.15.4]
	at com.fasterxml.jackson.databind.deser.DefaultDeserializationContext.readRootValue(DefaultDeserializationContext.java:323) ~[jackson-databind-2.15.4.jar:2.15.4]
	at com.fasterxml.jackson.databind.ObjectReader._bindAndClose(ObjectReader.java:2105) ~[jackson-databind-2.15.4.jar:2.15.4]
	at com.fasterxml.jackson.databind.ObjectReader.readValue(ObjectReader.java:1481) ~[jackson-databind-2.15.4.jar:2.15.4]
	at org.springframework.http.converter.json.AbstractJackson2HttpMessageConverter.readJavaType(AbstractJackson2HttpMessageConverter.java:395) ~[spring-web-6.1.6.jar:6.1.6]
	at org.springframework.http.converter.json.AbstractJackson2HttpMessageConverter.read(AbstractJackson2HttpMessageConverter.java:354) ~[spring-web-6.1.6.jar:6.1.6]
	at org.springframework.web.servlet.mvc.method.annotation.AbstractMessageConverterMethodArgumentResolver.readWithMessageConverters(AbstractMessageConverterMethodArgumentResolver.java:184) ~[spring-webmvc-6.1.6.jar:6.1.6]
	at org.springframework.web.servlet.mvc.method.annotation.RequestResponseBodyMethodProcessor.readWithMessageConverters(RequestResponseBodyMethodProcessor.java:161) ~[spring-webmvc-6.1.6.jar:6.1.6]
	at org.springframework.web.servlet.mvc.method.annotation.RequestResponseBodyMethodProcessor.resolveArgument(RequestResponseBodyMethodProcessor.java:135) ~[spring-webmvc-6.1.6.jar:6.1.6]
	at org.springframework.web.method.support.HandlerMethodArgumentResolverComposite.resolveArgument(HandlerMethodArgumentResolverComposite.java:122) ~[spring-web-6.1.6.jar:6.1.6]
	at org.springframework.web.method.support.InvocableHandlerMethod.getMethodArgumentValues(InvocableHandlerMethod.java:224) ~[spring-web-6.1.6.jar:6.1.6]
	at org.springframework.web.method.support.InvocableHandlerMethod.invokeForRequest(InvocableHandlerMethod.java:178) ~[spring-web-6.1.6.jar:6.1.6]
	at org.springframework.web.servlet.mvc.method.annotation.ServletInvocableHandlerMethod.invokeAndHandle(ServletInvocableHandlerMethod.java:118) ~[spring-webmvc-6.1.6.jar:6.1.6]
	at org.springframework.web.servlet.mvc.method.annotation.RequestMappingHandlerAdapter.invokeHandlerMethod(RequestMappingHandlerAdapter.java:926) ~[spring-webmvc-6.1.6.jar:6.1.6]
	at org.springframework.web.servlet.mvc.method.annotation.RequestMappingHandlerAdapter.handleInternal(RequestMappingHandlerAdapter.java:831) ~[spring-webmvc-6.1.6.jar:6.1.6]
	at org.springframework.web.servlet.mvc.method.AbstractHandlerMethodAdapter.handle(AbstractHandlerMethodAdapter.java:87) ~[spring-webmvc-6.1.6.jar:6.1.6]
	at org.springframework.web.servlet.DispatcherServlet.doDispatch(DispatcherServlet.java:1089) ~[spring-webmvc-6.1.6.jar:6.1.6]
	at org.springframework.web.servlet.DispatcherServlet.doService(DispatcherServlet.java:979) ~[spring-webmvc-6.1.6.jar:6.1.6]
	at org.springframework.web.servlet.FrameworkServlet.processRequest(FrameworkServlet.java:1014) ~[spring-webmvc-6.1.6.jar:6.1.6]
	at org.springframework.web.servlet.FrameworkServlet.doPost(FrameworkServlet.java:914) ~[spring-webmvc-6.1.6.jar:6.1.6]
	at jakarta.servlet.http.HttpServlet.service(HttpServlet.java:590) ~[tomcat-embed-core-10.1.20.jar:6.0]
	at org.springframework.web.servlet.FrameworkServlet.service(FrameworkServlet.java:885) ~[spring-webmvc-6.1.6.jar:6.1.6]
	at jakarta.servlet.http.HttpServlet.service(HttpServlet.java:658) ~[tomcat-embed-core-10.1.20.jar:6.0]
	at org.apache.catalina.core.ApplicationFilterChain.internalDoFilter(ApplicationFilterChain.java:206) ~[tomcat-embed-core-10.1.20.jar:10.1.20]
	at org.apache.catalina.core.ApplicationFilterChain.doFilter(ApplicationFilterChain.java:150) ~[tomcat-embed-core-10.1.20.jar:10.1.20]
	at org.apache.tomcat.websocket.server.WsFilter.doFilter(WsFilter.java:51) ~[tomcat-embed-websocket-10.1.20.jar:10.1.20]
	at org.apache.catalina.core.ApplicationFilterChain.internalDoFilter(ApplicationFilterChain.java:175) ~[tomcat-embed-core-10.1.20.jar:10.1.20]
	at org.apache.catalina.core.ApplicationFilterChain.doFilter(ApplicationFilterChain.java:150) ~[tomcat-embed-core-10.1.20.jar:10.1.20]
	at org.springframework.web.filter.OncePerRequestFilter.doFilter(OncePerRequestFilter.java:110) ~[spring-web-6.1.6.jar:6.1.6]
	at org.apache.catalina.core.ApplicationFilterChain.internalDoFilter(ApplicationFilterChain.java:175) ~[tomcat-embed-core-10.1.20.jar:10.1.20]
	at org.apache.catalina.core.ApplicationFilterChain.doFilter(ApplicationFilterChain.java:150) ~[tomcat-embed-core-10.1.20.jar:10.1.20]
	at org.springframework.web.filter.CompositeFilter$VirtualFilterChain.doFilter(CompositeFilter.java:108) ~[spring-web-6.1.6.jar:6.1.6]
	at org.springframework.security.web.FilterChainProxy.lambda$doFilterInternal$3(FilterChainProxy.java:231) ~[spring-security-web-6.2.4.jar:6.2.4]
	at org.springframework.security.web.FilterChainProxy$VirtualFilterChain.doFilter(FilterChainProxy.java:365) ~[spring-security-web-6.2.4.jar:6.2.4]
	at org.springframework.security.web.access.intercept.AuthorizationFilter.doFilter(AuthorizationFilter.java:100) ~[spring-security-web-6.2.4.jar:6.2.4]
	at org.springframework.security.web.FilterChainProxy$VirtualFilterChain.doFilter(FilterChainProxy.java:374) ~[spring-security-web-6.2.4.jar:6.2.4]
	at org.springframework.security.web.access.ExceptionTranslationFilter.doFilter(ExceptionTranslationFilter.java:126) ~[spring-security-web-6.2.4.jar:6.2.4]
	at org.springframework.security.web.access.ExceptionTranslationFilter.doFilter(ExceptionTranslationFilter.java:120) ~[spring-security-web-6.2.4.jar:6.2.4]
	at org.springframework.security.web.FilterChainProxy$VirtualFilterChain.doFilter(FilterChainProxy.java:374) ~[spring-security-web-6.2.4.jar:6.2.4]
	at org.springframework.security.web.session.SessionManagementFilter.doFilter(SessionManagementFilter.java:131) ~[spring-security-web-6.2.4.jar:6.2.4]
	at org.springframework.security.web.session.SessionManagementFilter.doFilter(SessionManagementFilter.java:85) ~[spring-security-web-6.2.4.jar:6.2.4]
	at org.springframework.security.web.FilterChainProxy$VirtualFilterChain.doFilter(FilterChainProxy.java:374) ~[spring-security-web-6.2.4.jar:6.2.4]
	at org.springframework.security.web.authentication.AnonymousAuthenticationFilter.doFilter(AnonymousAuthenticationFilter.java:100) ~[spring-security-web-6.2.4.jar:6.2.4]
	at org.springframework.security.web.FilterChainProxy$VirtualFilterChain.doFilter(FilterChainProxy.java:374) ~[spring-security-web-6.2.4.jar:6.2.4]
	at org.springframework.security.web.servletapi.SecurityContextHolderAwareRequestFilter.doFilter(SecurityContextHolderAwareRequestFilter.java:179) ~[spring-security-web-6.2.4.jar:6.2.4]
	at org.springframework.security.web.FilterChainProxy$VirtualFilterChain.doFilter(FilterChainProxy.java:374) ~[spring-security-web-6.2.4.jar:6.2.4]
	at org.springframework.security.web.savedrequest.RequestCacheAwareFilter.doFilter(RequestCacheAwareFilter.java:63) ~[spring-security-web-6.2.4.jar:6.2.4]
	at org.springframework.security.web.FilterChainProxy$VirtualFilterChain.doFilter(FilterChainProxy.java:374) ~[spring-security-web-6.2.4.jar:6.2.4]
	at com.Smart.Interview.Prep.Platform.security.JwtAuthFilter.doFilterInternal(JwtAuthFilter.java:68) ~[classes/:na]
	at org.springframework.web.filter.OncePerRequestFilter.doFilter(OncePerRequestFilter.java:116) ~[spring-web-6.1.6.jar:6.1.6]
	at org.springframework.security.web.FilterChainProxy$VirtualFilterChain.doFilter(FilterChainProxy.java:374) ~[spring-security-web-6.2.4.jar:6.2.4]
	at org.springframework.security.web.authentication.logout.LogoutFilter.doFilter(LogoutFilter.java:107) ~[spring-security-web-6.2.4.jar:6.2.4]
	at org.springframework.security.web.authentication.logout.LogoutFilter.doFilter(LogoutFilter.java:93) ~[spring-security-web-6.2.4.jar:6.2.4]
	at org.springframework.security.web.FilterChainProxy$VirtualFilterChain.doFilter(FilterChainProxy.java:374) ~[spring-security-web-6.2.4.jar:6.2.4]
	at org.springframework.web.filter.CorsFilter.doFilterInternal(CorsFilter.java:91) ~[spring-web-6.1.6.jar:6.1.6]
	at org.springframework.web.filter.OncePerRequestFilter.doFilter(OncePerRequestFilter.java:116) ~[spring-web-6.1.6.jar:6.1.6]
	at org.springframework.security.web.FilterChainProxy$VirtualFilterChain.doFilter(FilterChainProxy.java:374) ~[spring-security-web-6.2.4.jar:6.2.4]
	at org.springframework.security.web.header.HeaderWriterFilter.doHeadersAfter(HeaderWriterFilter.java:90) ~[spring-security-web-6.2.4.jar:6.2.4]
	at org.springframework.security.web.header.HeaderWriterFilter.doFilterInternal(HeaderWriterFilter.java:75) ~[spring-security-web-6.2.4.jar:6.2.4]
	at org.springframework.web.filter.OncePerRequestFilter.doFilter(OncePerRequestFilter.java:116) ~[spring-web-6.1.6.jar:6.1.6]
	at org.springframework.security.web.FilterChainProxy$VirtualFilterChain.doFilter(FilterChainProxy.java:374) ~[spring-security-web-6.2.4.jar:6.2.4]
	at org.springframework.security.web.context.SecurityContextHolderFilter.doFilter(SecurityContextHolderFilter.java:82) ~[spring-security-web-6.2.4.jar:6.2.4]
	at org.springframework.security.web.context.SecurityContextHolderFilter.doFilter(SecurityContextHolderFilter.java:69) ~[spring-security-web-6.2.4.jar:6.2.4]
	at org.springframework.security.web.FilterChainProxy$VirtualFilterChain.doFilter(FilterChainProxy.java:374) ~[spring-security-web-6.2.4.jar:6.2.4]
	at org.springframework.security.web.context.request.async.WebAsyncManagerIntegrationFilter.doFilterInternal(WebAsyncManagerIntegrationFilter.java:62) ~[spring-security-web-6.2.4.jar:6.2.4]
	at org.springframework.web.filter.OncePerRequestFilter.doFilter(OncePerRequestFilter.java:116) ~[spring-web-6.1.6.jar:6.1.6]
	at org.springframework.security.web.FilterChainProxy$VirtualFilterChain.doFilter(FilterChainProxy.java:374) ~[spring-security-web-6.2.4.jar:6.2.4]
	at org.springframework.security.web.session.DisableEncodeUrlFilter.doFilterInternal(DisableEncodeUrlFilter.java:42) ~[spring-security-web-6.2.4.jar:6.2.4]
	at org.springframework.web.filter.OncePerRequestFilter.doFilter(OncePerRequestFilter.java:116) ~[spring-web-6.1.6.jar:6.1.6]
	at org.springframework.security.web.FilterChainProxy$VirtualFilterChain.doFilter(FilterChainProxy.java:374) ~[spring-security-web-6.2.4.jar:6.2.4]
	at org.springframework.security.web.FilterChainProxy.doFilterInternal(FilterChainProxy.java:233) ~[spring-security-web-6.2.4.jar:6.2.4]
	at org.springframework.security.web.FilterChainProxy.doFilter(FilterChainProxy.java:191) ~[spring-security-web-6.2.4.jar:6.2.4]
	at org.springframework.web.filter.CompositeFilter$VirtualFilterChain.doFilter(CompositeFilter.java:113) ~[spring-web-6.1.6.jar:6.1.6]
	at org.springframework.web.servlet.handler.HandlerMappingIntrospector.lambda$createCacheFilter$3(HandlerMappingIntrospector.java:195) ~[spring-webmvc-6.1.6.jar:6.1.6]
	at org.springframework.web.filter.CompositeFilter$VirtualFilterChain.doFilter(CompositeFilter.java:113) ~[spring-web-6.1.6.jar:6.1.6]
	at org.springframework.web.filter.CompositeFilter.doFilter(CompositeFilter.java:74) ~[spring-web-6.1.6.jar:6.1.6]
	at org.springframework.security.config.annotation.web.configuration.WebMvcSecurityConfiguration$CompositeFilterChainProxy.doFilter(WebMvcSecurityConfiguration.java:230) ~[spring-security-config-6.2.4.jar:6.2.4]
	at org.springframework.web.filter.DelegatingFilterProxy.invokeDelegate(DelegatingFilterProxy.java:352) ~[spring-web-6.1.6.jar:6.1.6]
	at org.springframework.web.filter.DelegatingFilterProxy.doFilter(DelegatingFilterProxy.java:268) ~[spring-web-6.1.6.jar:6.1.6]
	at org.apache.catalina.core.ApplicationFilterChain.internalDoFilter(ApplicationFilterChain.java:175) ~[tomcat-embed-core-10.1.20.jar:10.1.20]
	at org.apache.catalina.core.ApplicationFilterChain.doFilter(ApplicationFilterChain.java:150) ~[tomcat-embed-core-10.1.20.jar:10.1.20]
	at org.springframework.web.filter.RequestContextFilter.doFilterInternal(RequestContextFilter.java:100) ~[spring-web-6.1.6.jar:6.1.6]
	at org.springframework.web.filter.OncePerRequestFilter.doFilter(OncePerRequestFilter.java:116) ~[spring-web-6.1.6.jar:6.1.6]
	at org.apache.catalina.core.ApplicationFilterChain.internalDoFilter(ApplicationFilterChain.java:175) ~[tomcat-embed-core-10.1.20.jar:10.1.20]
	at org.apache.catalina.core.ApplicationFilterChain.doFilter(ApplicationFilterChain.java:150) ~[tomcat-embed-core-10.1.20.jar:10.1.20]
	at org.springframework.web.filter.FormContentFilter.doFilterInternal(FormContentFilter.java:93) ~[spring-web-6.1.6.jar:6.1.6]
	at org.springframework.web.filter.OncePerRequestFilter.doFilter(OncePerRequestFilter.java:116) ~[spring-web-6.1.6.jar:6.1.6]
	at org.apache.catalina.core.ApplicationFilterChain.internalDoFilter(ApplicationFilterChain.java:175) ~[tomcat-embed-core-10.1.20.jar:10.1.20]
	at org.apache.catalina.core.ApplicationFilterChain.doFilter(ApplicationFilterChain.java:150) ~[tomcat-embed-core-10.1.20.jar:10.1.20]
	at org.springframework.web.filter.CharacterEncodingFilter.doFilterInternal(CharacterEncodingFilter.java:201) ~[spring-web-6.1.6.jar:6.1.6]
	at org.springframework.web.filter.OncePerRequestFilter.doFilter(OncePerRequestFilter.java:116) ~[spring-web-6.1.6.jar:6.1.6]
	at org.apache.catalina.core.ApplicationFilterChain.internalDoFilter(ApplicationFilterChain.java:175) ~[tomcat-embed-core-10.1.20.jar:10.1.20]
	at org.apache.catalina.core.ApplicationFilterChain.doFilter(ApplicationFilterChain.java:150) ~[tomcat-embed-core-10.1.20.jar:10.1.20]
	at org.apache.catalina.core.StandardWrapperValve.invoke(StandardWrapperValve.java:167) ~[tomcat-embed-core-10.1.20.jar:10.1.20]
	at org.apache.catalina.core.StandardContextValve.invoke(StandardContextValve.java:90) ~[tomcat-embed-core-10.1.20.jar:10.1.20]
	at org.apache.catalina.authenticator.AuthenticatorBase.invoke(AuthenticatorBase.java:482) ~[tomcat-embed-core-10.1.20.jar:10.1.20]
	at org.apache.catalina.core.StandardHostValve.invoke(StandardHostValve.java:115) ~[tomcat-embed-core-10.1.20.jar:10.1.20]
	at org.apache.catalina.valves.ErrorReportValve.invoke(ErrorReportValve.java:93) ~[tomcat-embed-core-10.1.20.jar:10.1.20]
	at org.apache.catalina.core.StandardEngineValve.invoke(StandardEngineValve.java:74) ~[tomcat-embed-core-10.1.20.jar:10.1.20]
	at org.apache.catalina.connector.CoyoteAdapter.service(CoyoteAdapter.java:344) ~[tomcat-embed-core-10.1.20.jar:10.1.20]
	at org.apache.coyote.http11.Http11Processor.service(Http11Processor.java:391) ~[tomcat-embed-core-10.1.20.jar:10.1.20]
	at org.apache.coyote.AbstractProcessorLight.process(AbstractProcessorLight.java:63) ~[tomcat-embed-core-10.1.20.jar:10.1.20]
	at org.apache.coyote.AbstractProtocol$ConnectionHandler.process(AbstractProtocol.java:896) ~[tomcat-embed-core-10.1.20.jar:10.1.20]
	at org.apache.tomcat.util.net.NioEndpoint$SocketProcessor.doRun(NioEndpoint.java:1736) ~[tomcat-embed-core-10.1.20.jar:10.1.20]
	at org.apache.tomcat.util.net.SocketProcessorBase.run(SocketProcessorBase.java:52) ~[tomcat-embed-core-10.1.20.jar:10.1.20]
	at org.apache.tomcat.util.threads.ThreadPoolExecutor.runWorker(ThreadPoolExecutor.java:1191) ~[tomcat-embed-core-10.1.20.jar:10.1.20]
	at org.apache.tomcat.util.threads.ThreadPoolExecutor$Worker.run(ThreadPoolExecutor.java:659) ~[tomcat-embed-core-10.1.20.jar:10.1.20]
	at org.apache.tomcat.util.threads.TaskThread$WrappingRunnable.run(TaskThread.java:63) ~[tomcat-embed-core-10.1.20.jar:10.1.20]
	at java.base/java.lang.Thread.run(Thread.java:1583) ~[na:na]

2026-05-06T11:58:50.893+05:30 DEBUG 15056 --- [Smart-Interview-Prep-Platform] [http-nio-8080-exec-1] o.s.security.web.FilterChainProxy        : Securing POST /error
2026-05-06T11:58:50.893+05:30 DEBUG 15056 --- [Smart-Interview-Prep-Platform] [http-nio-8080-exec-1] o.s.s.w.a.AnonymousAuthenticationFilter  : Set SecurityContextHolder to anonymous SecurityContext
2026-05-06T11:58:50.893+05:30 DEBUG 15056 --- [Smart-Interview-Prep-Platform] [http-nio-8080-exec-1] o.s.s.w.a.Http403ForbiddenEntryPoint     : Pre-authenticated entry point called. Rejecting access
2026-05-06T11:59:12.188+05:30 DEBUG 15056 --- [Smart-Interview-Prep-Platform] [http-nio-8080-exec-3] o.s.security.web.FilterChainProxy        : Securing POST /api/user/quiz/submit
2026-05-06T11:59:12.188+05:30  INFO 15056 --- [Smart-Interview-Prep-Platform] [http-nio-8080-exec-3] c.S.I.P.Platform.security.JwtAuthFilter  : JWT Filter Bearer eyJhbGciOiJIUzI1NiJ9.eyJzdWIiOiJzYW1AZ21haWwuY29tIiwicm9sZSI6IkFETUlOIiwiaWF0IjoxNzc4MDQ4NjAxLCJleHAiOjE3NzgxMzUwMDF9.4YZSiEYtcf1w8mm-37Sx4PEnHyDVyMqHHe5z1EbquYo
2026-05-06T11:59:12.193+05:30  INFO 15056 --- [Smart-Interview-Prep-Platform] [http-nio-8080-exec-3] c.S.I.P.Platform.security.JwtAuthFilter  : Token eyJhbGciOiJIUzI1NiJ9.eyJzdWIiOiJzYW1AZ21haWwuY29tIiwicm9sZSI6IkFETUlOIiwiaWF0IjoxNzc4MDQ4NjAxLCJleHAiOjE3NzgxMzUwMDF9.4YZSiEYtcf1w8mm-37Sx4PEnHyDVyMqHHe5z1EbquYo
2026-05-06T11:59:12.204+05:30  INFO 15056 --- [Smart-Interview-Prep-Platform] [http-nio-8080-exec-3] c.S.I.P.Platform.security.JwtAuthFilter  : Token Filter email sam@gmail.com
2026-05-06T11:59:12.204+05:30  INFO 15056 --- [Smart-Interview-Prep-Platform] [http-nio-8080-exec-3] c.S.I.P.Platform.security.JwtAuthFilter  : Token Filter auth UsernamePasswordAuthenticationToken [Principal=sam@gmail.com, Credentials=[PROTECTED], Authenticated=true, Details=null, Granted Authorities=[ROLE_ADMIN]]
2026-05-06T11:59:12.205+05:30 DEBUG 15056 --- [Smart-Interview-Prep-Platform] [http-nio-8080-exec-3] o.s.security.web.FilterChainProxy        : Secured POST /api/user/quiz/submit
2026-05-06T11:59:12.210+05:30 ERROR 15056 --- [Smart-Interview-Prep-Platform] [http-nio-8080-exec-3] o.a.c.c.C.[.[.[/].[dispatcherServlet]    : Servlet.service() for servlet [dispatcherServlet] in context with path [] threw exception [Request processing failed: org.springframework.http.converter.HttpMessageConversionException: Type definition error: [simple type, class com.Smart.Interview.Prep.Platform.dto.Quiz.QuizSubmitRequest$QuizSubmitRequest]] with root cause

com.fasterxml.jackson.databind.exc.InvalidDefinitionException: Cannot construct instance of `com.Smart.Interview.Prep.Platform.dto.Quiz.QuizSubmitRequest$QuizSubmitRequest`: non-static inner classes like this can only by instantiated using default, no-argument constructor
 at [Source: (org.springframework.util.StreamUtils$NonClosingInputStream); line: 2, column: 5]
	at com.fasterxml.jackson.databind.exc.InvalidDefinitionException.from(InvalidDefinitionException.java:67) ~[jackson-databind-2.15.4.jar:2.15.4]
	at com.fasterxml.jackson.databind.DeserializationContext.reportBadDefinition(DeserializationContext.java:1915) ~[jackson-databind-2.15.4.jar:2.15.4]
	at com.fasterxml.jackson.databind.DatabindContext.reportBadDefinition(DatabindContext.java:414) ~[jackson-databind-2.15.4.jar:2.15.4]
	at com.fasterxml.jackson.databind.DeserializationContext.handleMissingInstantiator(DeserializationContext.java:1355) ~[jackson-databind-2.15.4.jar:2.15.4]
	at com.fasterxml.jackson.databind.deser.BeanDeserializerBase.deserializeFromObjectUsingNonDefault(BeanDeserializerBase.java:1426) ~[jackson-databind-2.15.4.jar:2.15.4]
	at com.fasterxml.jackson.databind.deser.BeanDeserializer.deserializeFromObject(BeanDeserializer.java:352) ~[jackson-databind-2.15.4.jar:2.15.4]
	at com.fasterxml.jackson.databind.deser.BeanDeserializer.deserialize(BeanDeserializer.java:185) ~[jackson-databind-2.15.4.jar:2.15.4]
	at com.fasterxml.jackson.databind.deser.DefaultDeserializationContext.readRootValue(DefaultDeserializationContext.java:323) ~[jackson-databind-2.15.4.jar:2.15.4]
	at com.fasterxml.jackson.databind.ObjectReader._bindAndClose(ObjectReader.java:2105) ~[jackson-databind-2.15.4.jar:2.15.4]
	at com.fasterxml.jackson.databind.ObjectReader.readValue(ObjectReader.java:1481) ~[jackson-databind-2.15.4.jar:2.15.4]
	at org.springframework.http.converter.json.AbstractJackson2HttpMessageConverter.readJavaType(AbstractJackson2HttpMessageConverter.java:395) ~[spring-web-6.1.6.jar:6.1.6]
	at org.springframework.http.converter.json.AbstractJackson2HttpMessageConverter.read(AbstractJackson2HttpMessageConverter.java:354) ~[spring-web-6.1.6.jar:6.1.6]
	at org.springframework.web.servlet.mvc.method.annotation.AbstractMessageConverterMethodArgumentResolver.readWithMessageConverters(AbstractMessageConverterMethodArgumentResolver.java:184) ~[spring-webmvc-6.1.6.jar:6.1.6]
	at org.springframework.web.servlet.mvc.method.annotation.RequestResponseBodyMethodProcessor.readWithMessageConverters(RequestResponseBodyMethodProcessor.java:161) ~[spring-webmvc-6.1.6.jar:6.1.6]
	at org.springframework.web.servlet.mvc.method.annotation.RequestResponseBodyMethodProcessor.resolveArgument(RequestResponseBodyMethodProcessor.java:135) ~[spring-webmvc-6.1.6.jar:6.1.6]
	at org.springframework.web.method.support.HandlerMethodArgumentResolverComposite.resolveArgument(HandlerMethodArgumentResolverComposite.java:122) ~[spring-web-6.1.6.jar:6.1.6]
	at org.springframework.web.method.support.InvocableHandlerMethod.getMethodArgumentValues(InvocableHandlerMethod.java:224) ~[spring-web-6.1.6.jar:6.1.6]
	at org.springframework.web.method.support.InvocableHandlerMethod.invokeForRequest(InvocableHandlerMethod.java:178) ~[spring-web-6.1.6.jar:6.1.6]
	at org.springframework.web.servlet.mvc.method.annotation.ServletInvocableHandlerMethod.invokeAndHandle(ServletInvocableHandlerMethod.java:118) ~[spring-webmvc-6.1.6.jar:6.1.6]
	at org.springframework.web.servlet.mvc.method.annotation.RequestMappingHandlerAdapter.invokeHandlerMethod(RequestMappingHandlerAdapter.java:926) ~[spring-webmvc-6.1.6.jar:6.1.6]
	at org.springframework.web.servlet.mvc.method.annotation.RequestMappingHandlerAdapter.handleInternal(RequestMappingHandlerAdapter.java:831) ~[spring-webmvc-6.1.6.jar:6.1.6]
	at org.springframework.web.servlet.mvc.method.AbstractHandlerMethodAdapter.handle(AbstractHandlerMethodAdapter.java:87) ~[spring-webmvc-6.1.6.jar:6.1.6]
	at org.springframework.web.servlet.DispatcherServlet.doDispatch(DispatcherServlet.java:1089) ~[spring-webmvc-6.1.6.jar:6.1.6]
	at org.springframework.web.servlet.DispatcherServlet.doService(DispatcherServlet.java:979) ~[spring-webmvc-6.1.6.jar:6.1.6]
	at org.springframework.web.servlet.FrameworkServlet.processRequest(FrameworkServlet.java:1014) ~[spring-webmvc-6.1.6.jar:6.1.6]
	at org.springframework.web.servlet.FrameworkServlet.doPost(FrameworkServlet.java:914) ~[spring-webmvc-6.1.6.jar:6.1.6]
	at jakarta.servlet.http.HttpServlet.service(HttpServlet.java:590) ~[tomcat-embed-core-10.1.20.jar:6.0]
	at org.springframework.web.servlet.FrameworkServlet.service(FrameworkServlet.java:885) ~[spring-webmvc-6.1.6.jar:6.1.6]
	at jakarta.servlet.http.HttpServlet.service(HttpServlet.java:658) ~[tomcat-embed-core-10.1.20.jar:6.0]
	at org.apache.catalina.core.ApplicationFilterChain.internalDoFilter(ApplicationFilterChain.java:206) ~[tomcat-embed-core-10.1.20.jar:10.1.20]
	at org.apache.catalina.core.ApplicationFilterChain.doFilter(ApplicationFilterChain.java:150) ~[tomcat-embed-core-10.1.20.jar:10.1.20]
	at org.apache.tomcat.websocket.server.WsFilter.doFilter(WsFilter.java:51) ~[tomcat-embed-websocket-10.1.20.jar:10.1.20]
	at org.apache.catalina.core.ApplicationFilterChain.internalDoFilter(ApplicationFilterChain.java:175) ~[tomcat-embed-core-10.1.20.jar:10.1.20]
	at org.apache.catalina.core.ApplicationFilterChain.doFilter(ApplicationFilterChain.java:150) ~[tomcat-embed-core-10.1.20.jar:10.1.20]
	at org.springframework.web.filter.OncePerRequestFilter.doFilter(OncePerRequestFilter.java:110) ~[spring-web-6.1.6.jar:6.1.6]
	at org.apache.catalina.core.ApplicationFilterChain.internalDoFilter(ApplicationFilterChain.java:175) ~[tomcat-embed-core-10.1.20.jar:10.1.20]
	at org.apache.catalina.core.ApplicationFilterChain.doFilter(ApplicationFilterChain.java:150) ~[tomcat-embed-core-10.1.20.jar:10.1.20]
	at org.springframework.web.filter.CompositeFilter$VirtualFilterChain.doFilter(CompositeFilter.java:108) ~[spring-web-6.1.6.jar:6.1.6]
	at org.springframework.security.web.FilterChainProxy.lambda$doFilterInternal$3(FilterChainProxy.java:231) ~[spring-security-web-6.2.4.jar:6.2.4]
	at org.springframework.security.web.FilterChainProxy$VirtualFilterChain.doFilter(FilterChainProxy.java:365) ~[spring-security-web-6.2.4.jar:6.2.4]
	at org.springframework.security.web.access.intercept.AuthorizationFilter.doFilter(AuthorizationFilter.java:100) ~[spring-security-web-6.2.4.jar:6.2.4]
	at org.springframework.security.web.FilterChainProxy$VirtualFilterChain.doFilter(FilterChainProxy.java:374) ~[spring-security-web-6.2.4.jar:6.2.4]
	at org.springframework.security.web.access.ExceptionTranslationFilter.doFilter(ExceptionTranslationFilter.java:126) ~[spring-security-web-6.2.4.jar:6.2.4]
	at org.springframework.security.web.access.ExceptionTranslationFilter.doFilter(ExceptionTranslationFilter.java:120) ~[spring-security-web-6.2.4.jar:6.2.4]
	at org.springframework.security.web.FilterChainProxy$VirtualFilterChain.doFilter(FilterChainProxy.java:374) ~[spring-security-web-6.2.4.jar:6.2.4]
	at org.springframework.security.web.session.SessionManagementFilter.doFilter(SessionManagementFilter.java:131) ~[spring-security-web-6.2.4.jar:6.2.4]
	at org.springframework.security.web.session.SessionManagementFilter.doFilter(SessionManagementFilter.java:85) ~[spring-security-web-6.2.4.jar:6.2.4]
	at org.springframework.security.web.FilterChainProxy$VirtualFilterChain.doFilter(FilterChainProxy.java:374) ~[spring-security-web-6.2.4.jar:6.2.4]
	at org.springframework.security.web.authentication.AnonymousAuthenticationFilter.doFilter(AnonymousAuthenticationFilter.java:100) ~[spring-security-web-6.2.4.jar:6.2.4]
	at org.springframework.security.web.FilterChainProxy$VirtualFilterChain.doFilter(FilterChainProxy.java:374) ~[spring-security-web-6.2.4.jar:6.2.4]
	at org.springframework.security.web.servletapi.SecurityContextHolderAwareRequestFilter.doFilter(SecurityContextHolderAwareRequestFilter.java:179) ~[spring-security-web-6.2.4.jar:6.2.4]
	at org.springframework.security.web.FilterChainProxy$VirtualFilterChain.doFilter(FilterChainProxy.java:374) ~[spring-security-web-6.2.4.jar:6.2.4]
	at org.springframework.security.web.savedrequest.RequestCacheAwareFilter.doFilter(RequestCacheAwareFilter.java:63) ~[spring-security-web-6.2.4.jar:6.2.4]
	at org.springframework.security.web.FilterChainProxy$VirtualFilterChain.doFilter(FilterChainProxy.java:374) ~[spring-security-web-6.2.4.jar:6.2.4]
	at com.Smart.Interview.Prep.Platform.security.JwtAuthFilter.doFilterInternal(JwtAuthFilter.java:68) ~[classes/:na]
	at org.springframework.web.filter.OncePerRequestFilter.doFilter(OncePerRequestFilter.java:116) ~[spring-web-6.1.6.jar:6.1.6]
	at org.springframework.security.web.FilterChainProxy$VirtualFilterChain.doFilter(FilterChainProxy.java:374) ~[spring-security-web-6.2.4.jar:6.2.4]
	at org.springframework.security.web.authentication.logout.LogoutFilter.doFilter(LogoutFilter.java:107) ~[spring-security-web-6.2.4.jar:6.2.4]
	at org.springframework.security.web.authentication.logout.LogoutFilter.doFilter(LogoutFilter.java:93) ~[spring-security-web-6.2.4.jar:6.2.4]
	at org.springframework.security.web.FilterChainProxy$VirtualFilterChain.doFilter(FilterChainProxy.java:374) ~[spring-security-web-6.2.4.jar:6.2.4]
	at org.springframework.web.filter.CorsFilter.doFilterInternal(CorsFilter.java:91) ~[spring-web-6.1.6.jar:6.1.6]
	at org.springframework.web.filter.OncePerRequestFilter.doFilter(OncePerRequestFilter.java:116) ~[spring-web-6.1.6.jar:6.1.6]
	at org.springframework.security.web.FilterChainProxy$VirtualFilterChain.doFilter(FilterChainProxy.java:374) ~[spring-security-web-6.2.4.jar:6.2.4]
	at org.springframework.security.web.header.HeaderWriterFilter.doHeadersAfter(HeaderWriterFilter.java:90) ~[spring-security-web-6.2.4.jar:6.2.4]
	at org.springframework.security.web.header.HeaderWriterFilter.doFilterInternal(HeaderWriterFilter.java:75) ~[spring-security-web-6.2.4.jar:6.2.4]
	at org.springframework.web.filter.OncePerRequestFilter.doFilter(OncePerRequestFilter.java:116) ~[spring-web-6.1.6.jar:6.1.6]
	at org.springframework.security.web.FilterChainProxy$VirtualFilterChain.doFilter(FilterChainProxy.java:374) ~[spring-security-web-6.2.4.jar:6.2.4]
	at org.springframework.security.web.context.SecurityContextHolderFilter.doFilter(SecurityContextHolderFilter.java:82) ~[spring-security-web-6.2.4.jar:6.2.4]
	at org.springframework.security.web.context.SecurityContextHolderFilter.doFilter(SecurityContextHolderFilter.java:69) ~[spring-security-web-6.2.4.jar:6.2.4]
	at org.springframework.security.web.FilterChainProxy$VirtualFilterChain.doFilter(FilterChainProxy.java:374) ~[spring-security-web-6.2.4.jar:6.2.4]
	at org.springframework.security.web.context.request.async.WebAsyncManagerIntegrationFilter.doFilterInternal(WebAsyncManagerIntegrationFilter.java:62) ~[spring-security-web-6.2.4.jar:6.2.4]
	at org.springframework.web.filter.OncePerRequestFilter.doFilter(OncePerRequestFilter.java:116) ~[spring-web-6.1.6.jar:6.1.6]
	at org.springframework.security.web.FilterChainProxy$VirtualFilterChain.doFilter(FilterChainProxy.java:374) ~[spring-security-web-6.2.4.jar:6.2.4]
	at org.springframework.security.web.session.DisableEncodeUrlFilter.doFilterInternal(DisableEncodeUrlFilter.java:42) ~[spring-security-web-6.2.4.jar:6.2.4]
	at org.springframework.web.filter.OncePerRequestFilter.doFilter(OncePerRequestFilter.java:116) ~[spring-web-6.1.6.jar:6.1.6]
	at org.springframework.security.web.FilterChainProxy$VirtualFilterChain.doFilter(FilterChainProxy.java:374) ~[spring-security-web-6.2.4.jar:6.2.4]
	at org.springframework.security.web.FilterChainProxy.doFilterInternal(FilterChainProxy.java:233) ~[spring-security-web-6.2.4.jar:6.2.4]
	at org.springframework.security.web.FilterChainProxy.doFilter(FilterChainProxy.java:191) ~[spring-security-web-6.2.4.jar:6.2.4]
	at org.springframework.web.filter.CompositeFilter$VirtualFilterChain.doFilter(CompositeFilter.java:113) ~[spring-web-6.1.6.jar:6.1.6]
	at org.springframework.web.servlet.handler.HandlerMappingIntrospector.lambda$createCacheFilter$3(HandlerMappingIntrospector.java:195) ~[spring-webmvc-6.1.6.jar:6.1.6]
	at org.springframework.web.filter.CompositeFilter$VirtualFilterChain.doFilter(CompositeFilter.java:113) ~[spring-web-6.1.6.jar:6.1.6]
	at org.springframework.web.filter.CompositeFilter.doFilter(CompositeFilter.java:74) ~[spring-web-6.1.6.jar:6.1.6]
	at org.springframework.security.config.annotation.web.configuration.WebMvcSecurityConfiguration$CompositeFilterChainProxy.doFilter(WebMvcSecurityConfiguration.java:230) ~[spring-security-config-6.2.4.jar:6.2.4]
	at org.springframework.web.filter.DelegatingFilterProxy.invokeDelegate(DelegatingFilterProxy.java:352) ~[spring-web-6.1.6.jar:6.1.6]
	at org.springframework.web.filter.DelegatingFilterProxy.doFilter(DelegatingFilterProxy.java:268) ~[spring-web-6.1.6.jar:6.1.6]
	at org.apache.catalina.core.ApplicationFilterChain.internalDoFilter(ApplicationFilterChain.java:175) ~[tomcat-embed-core-10.1.20.jar:10.1.20]
	at org.apache.catalina.core.ApplicationFilterChain.doFilter(ApplicationFilterChain.java:150) ~[tomcat-embed-core-10.1.20.jar:10.1.20]
	at org.springframework.web.filter.RequestContextFilter.doFilterInternal(RequestContextFilter.java:100) ~[spring-web-6.1.6.jar:6.1.6]
	at org.springframework.web.filter.OncePerRequestFilter.doFilter(OncePerRequestFilter.java:116) ~[spring-web-6.1.6.jar:6.1.6]
	at org.apache.catalina.core.ApplicationFilterChain.internalDoFilter(ApplicationFilterChain.java:175) ~[tomcat-embed-core-10.1.20.jar:10.1.20]
	at org.apache.catalina.core.ApplicationFilterChain.doFilter(ApplicationFilterChain.java:150) ~[tomcat-embed-core-10.1.20.jar:10.1.20]
	at org.springframework.web.filter.FormContentFilter.doFilterInternal(FormContentFilter.java:93) ~[spring-web-6.1.6.jar:6.1.6]
	at org.springframework.web.filter.OncePerRequestFilter.doFilter(OncePerRequestFilter.java:116) ~[spring-web-6.1.6.jar:6.1.6]
	at org.apache.catalina.core.ApplicationFilterChain.internalDoFilter(ApplicationFilterChain.java:175) ~[tomcat-embed-core-10.1.20.jar:10.1.20]
	at org.apache.catalina.core.ApplicationFilterChain.doFilter(ApplicationFilterChain.java:150) ~[tomcat-embed-core-10.1.20.jar:10.1.20]
	at org.springframework.web.filter.CharacterEncodingFilter.doFilterInternal(CharacterEncodingFilter.java:201) ~[spring-web-6.1.6.jar:6.1.6]
	at org.springframework.web.filter.OncePerRequestFilter.doFilter(OncePerRequestFilter.java:116) ~[spring-web-6.1.6.jar:6.1.6]
	at org.apache.catalina.core.ApplicationFilterChain.internalDoFilter(ApplicationFilterChain.java:175) ~[tomcat-embed-core-10.1.20.jar:10.1.20]
	at org.apache.catalina.core.ApplicationFilterChain.doFilter(ApplicationFilterChain.java:150) ~[tomcat-embed-core-10.1.20.jar:10.1.20]
	at org.apache.catalina.core.StandardWrapperValve.invoke(StandardWrapperValve.java:167) ~[tomcat-embed-core-10.1.20.jar:10.1.20]
	at org.apache.catalina.core.StandardContextValve.invoke(StandardContextValve.java:90) ~[tomcat-embed-core-10.1.20.jar:10.1.20]
	at org.apache.catalina.authenticator.AuthenticatorBase.invoke(AuthenticatorBase.java:482) ~[tomcat-embed-core-10.1.20.jar:10.1.20]
	at org.apache.catalina.core.StandardHostValve.invoke(StandardHostValve.java:115) ~[tomcat-embed-core-10.1.20.jar:10.1.20]
	at org.apache.catalina.valves.ErrorReportValve.invoke(ErrorReportValve.java:93) ~[tomcat-embed-core-10.1.20.jar:10.1.20]
	at org.apache.catalina.core.StandardEngineValve.invoke(StandardEngineValve.java:74) ~[tomcat-embed-core-10.1.20.jar:10.1.20]
	at org.apache.catalina.connector.CoyoteAdapter.service(CoyoteAdapter.java:344) ~[tomcat-embed-core-10.1.20.jar:10.1.20]
	at org.apache.coyote.http11.Http11Processor.service(Http11Processor.java:391) ~[tomcat-embed-core-10.1.20.jar:10.1.20]
	at org.apache.coyote.AbstractProcessorLight.process(AbstractProcessorLight.java:63) ~[tomcat-embed-core-10.1.20.jar:10.1.20]
	at org.apache.coyote.AbstractProtocol$ConnectionHandler.process(AbstractProtocol.java:896) ~[tomcat-embed-core-10.1.20.jar:10.1.20]
	at org.apache.tomcat.util.net.NioEndpoint$SocketProcessor.doRun(NioEndpoint.java:1736) ~[tomcat-embed-core-10.1.20.jar:10.1.20]
	at org.apache.tomcat.util.net.SocketProcessorBase.run(SocketProcessorBase.java:52) ~[tomcat-embed-core-10.1.20.jar:10.1.20]
	at org.apache.tomcat.util.threads.ThreadPoolExecutor.runWorker(ThreadPoolExecutor.java:1191) ~[tomcat-embed-core-10.1.20.jar:10.1.20]
	at org.apache.tomcat.util.threads.ThreadPoolExecutor$Worker.run(ThreadPoolExecutor.java:659) ~[tomcat-embed-core-10.1.20.jar:10.1.20]
	at org.apache.tomcat.util.threads.TaskThread$WrappingRunnable.run(TaskThread.java:63) ~[tomcat-embed-core-10.1.20.jar:10.1.20]
	at java.base/java.lang.Thread.run(Thread.java:1583) ~[na:na]

2026-05-06T11:59:12.215+05:30 DEBUG 15056 --- [Smart-Interview-Prep-Platform] [http-nio-8080-exec-3] o.s.security.web.FilterChainProxy        : Securing POST /error
2026-05-06T11:59:12.216+05:30 DEBUG 15056 --- [Smart-Interview-Prep-Platform] [http-nio-8080-exec-3] o.s.s.w.a.AnonymousAuthenticationFilter  : Set SecurityContextHolder to anonymous SecurityContext
2026-05-06T11:59:12.216+05:30 DEBUG 15056 --- [Smart-Interview-Prep-Platform] [http-nio-8080-exec-3] o.s.s.w.a.Http403ForbiddenEntryPoint     : Pre-authenticated entry point called. Rejecting access
2026-05-06T12:01:07.748+05:30 DEBUG 15056 --- [Smart-Interview-Prep-Platform] [http-nio-8080-exec-6] o.s.security.web.FilterChainProxy        : Securing POST /api/user/quiz/submit
2026-05-06T12:01:07.751+05:30  INFO 15056 --- [Smart-Interview-Prep-Platform] [http-nio-8080-exec-6] c.S.I.P.Platform.security.JwtAuthFilter  : JWT Filter Bearer eyJhbGciOiJIUzI1NiJ9.eyJzdWIiOiJzYW1AZ21haWwuY29tIiwicm9sZSI6IkFETUlOIiwiaWF0IjoxNzc4MDQ4NjAxLCJleHAiOjE3NzgxMzUwMDF9.4YZSiEYtcf1w8mm-37Sx4PEnHyDVyMqHHe5z1EbquYo
2026-05-06T12:01:07.751+05:30  INFO 15056 --- [Smart-Interview-Prep-Platform] [http-nio-8080-exec-6] c.S.I.P.Platform.security.JwtAuthFilter  : Token eyJhbGciOiJIUzI1NiJ9.eyJzdWIiOiJzYW1AZ21haWwuY29tIiwicm9sZSI6IkFETUlOIiwiaWF0IjoxNzc4MDQ4NjAxLCJleHAiOjE3NzgxMzUwMDF9.4YZSiEYtcf1w8mm-37Sx4PEnHyDVyMqHHe5z1EbquYo
2026-05-06T12:01:07.751+05:30  INFO 15056 --- [Smart-Interview-Prep-Platform] [http-nio-8080-exec-6] c.S.I.P.Platform.security.JwtAuthFilter  : Token Filter email sam@gmail.com
2026-05-06T12:01:07.751+05:30  INFO 15056 --- [Smart-Interview-Prep-Platform] [http-nio-8080-exec-6] c.S.I.P.Platform.security.JwtAuthFilter  : Token Filter auth UsernamePasswordAuthenticationToken [Principal=sam@gmail.com, Credentials=[PROTECTED], Authenticated=true, Details=null, Granted Authorities=[ROLE_ADMIN]]
2026-05-06T12:01:07.761+05:30 DEBUG 15056 --- [Smart-Interview-Prep-Platform] [http-nio-8080-exec-6] o.s.security.web.FilterChainProxy        : Secured POST /api/user/quiz/submit
2026-05-06T12:01:07.764+05:30 ERROR 15056 --- [Smart-Interview-Prep-Platform] [http-nio-8080-exec-6] o.a.c.c.C.[.[.[/].[dispatcherServlet]    : Servlet.service() for servlet [dispatcherServlet] in context with path [] threw exception [Request processing failed: org.springframework.http.converter.HttpMessageConversionException: Type definition error: [simple type, class com.Smart.Interview.Prep.Platform.dto.Quiz.QuizSubmitRequest$QuizSubmitRequest]] with root cause

com.fasterxml.jackson.databind.exc.InvalidDefinitionException: Cannot construct instance of `com.Smart.Interview.Prep.Platform.dto.Quiz.QuizSubmitRequest$QuizSubmitRequest`: non-static inner classes like this can only by instantiated using default, no-argument constructor
 at [Source: (org.springframework.util.StreamUtils$NonClosingInputStream); line: 2, column: 5]
	at com.fasterxml.jackson.databind.exc.InvalidDefinitionException.from(InvalidDefinitionException.java:67) ~[jackson-databind-2.15.4.jar:2.15.4]
	at com.fasterxml.jackson.databind.DeserializationContext.reportBadDefinition(DeserializationContext.java:1915) ~[jackson-databind-2.15.4.jar:2.15.4]
	at com.fasterxml.jackson.databind.DatabindContext.reportBadDefinition(DatabindContext.java:414) ~[jackson-databind-2.15.4.jar:2.15.4]
	at com.fasterxml.jackson.databind.DeserializationContext.handleMissingInstantiator(DeserializationContext.java:1355) ~[jackson-databind-2.15.4.jar:2.15.4]
	at com.fasterxml.jackson.databind.deser.BeanDeserializerBase.deserializeFromObjectUsingNonDefault(BeanDeserializerBase.java:1426) ~[jackson-databind-2.15.4.jar:2.15.4]
	at com.fasterxml.jackson.databind.deser.BeanDeserializer.deserializeFromObject(BeanDeserializer.java:352) ~[jackson-databind-2.15.4.jar:2.15.4]
	at com.fasterxml.jackson.databind.deser.BeanDeserializer.deserialize(BeanDeserializer.java:185) ~[jackson-databind-2.15.4.jar:2.15.4]
	at com.fasterxml.jackson.databind.deser.DefaultDeserializationContext.readRootValue(DefaultDeserializationContext.java:323) ~[jackson-databind-2.15.4.jar:2.15.4]
	at com.fasterxml.jackson.databind.ObjectReader._bindAndClose(ObjectReader.java:2105) ~[jackson-databind-2.15.4.jar:2.15.4]
	at com.fasterxml.jackson.databind.ObjectReader.readValue(ObjectReader.java:1481) ~[jackson-databind-2.15.4.jar:2.15.4]
	at org.springframework.http.converter.json.AbstractJackson2HttpMessageConverter.readJavaType(AbstractJackson2HttpMessageConverter.java:395) ~[spring-web-6.1.6.jar:6.1.6]
	at org.springframework.http.converter.json.AbstractJackson2HttpMessageConverter.read(AbstractJackson2HttpMessageConverter.java:354) ~[spring-web-6.1.6.jar:6.1.6]
	at org.springframework.web.servlet.mvc.method.annotation.AbstractMessageConverterMethodArgumentResolver.readWithMessageConverters(AbstractMessageConverterMethodArgumentResolver.java:184) ~[spring-webmvc-6.1.6.jar:6.1.6]
	at org.springframework.web.servlet.mvc.method.annotation.RequestResponseBodyMethodProcessor.readWithMessageConverters(RequestResponseBodyMethodProcessor.java:161) ~[spring-webmvc-6.1.6.jar:6.1.6]
	at org.springframework.web.servlet.mvc.method.annotation.RequestResponseBodyMethodProcessor.resolveArgument(RequestResponseBodyMethodProcessor.java:135) ~[spring-webmvc-6.1.6.jar:6.1.6]
	at org.springframework.web.method.support.HandlerMethodArgumentResolverComposite.resolveArgument(HandlerMethodArgumentResolverComposite.java:122) ~[spring-web-6.1.6.jar:6.1.6]
	at org.springframework.web.method.support.InvocableHandlerMethod.getMethodArgumentValues(InvocableHandlerMethod.java:224) ~[spring-web-6.1.6.jar:6.1.6]
	at org.springframework.web.method.support.InvocableHandlerMethod.invokeForRequest(InvocableHandlerMethod.java:178) ~[spring-web-6.1.6.jar:6.1.6]
	at org.springframework.web.servlet.mvc.method.annotation.ServletInvocableHandlerMethod.invokeAndHandle(ServletInvocableHandlerMethod.java:118) ~[spring-webmvc-6.1.6.jar:6.1.6]
	at org.springframework.web.servlet.mvc.method.annotation.RequestMappingHandlerAdapter.invokeHandlerMethod(RequestMappingHandlerAdapter.java:926) ~[spring-webmvc-6.1.6.jar:6.1.6]
	at org.springframework.web.servlet.mvc.method.annotation.RequestMappingHandlerAdapter.handleInternal(RequestMappingHandlerAdapter.java:831) ~[spring-webmvc-6.1.6.jar:6.1.6]
	at org.springframework.web.servlet.mvc.method.AbstractHandlerMethodAdapter.handle(AbstractHandlerMethodAdapter.java:87) ~[spring-webmvc-6.1.6.jar:6.1.6]
	at org.springframework.web.servlet.DispatcherServlet.doDispatch(DispatcherServlet.java:1089) ~[spring-webmvc-6.1.6.jar:6.1.6]
	at org.springframework.web.servlet.DispatcherServlet.doService(DispatcherServlet.java:979) ~[spring-webmvc-6.1.6.jar:6.1.6]
	at org.springframework.web.servlet.FrameworkServlet.processRequest(FrameworkServlet.java:1014) ~[spring-webmvc-6.1.6.jar:6.1.6]
	at org.springframework.web.servlet.FrameworkServlet.doPost(FrameworkServlet.java:914) ~[spring-webmvc-6.1.6.jar:6.1.6]
	at jakarta.servlet.http.HttpServlet.service(HttpServlet.java:590) ~[tomcat-embed-core-10.1.20.jar:6.0]
	at org.springframework.web.servlet.FrameworkServlet.service(FrameworkServlet.java:885) ~[spring-webmvc-6.1.6.jar:6.1.6]
	at jakarta.servlet.http.HttpServlet.service(HttpServlet.java:658) ~[tomcat-embed-core-10.1.20.jar:6.0]
	at org.apache.catalina.core.ApplicationFilterChain.internalDoFilter(ApplicationFilterChain.java:206) ~[tomcat-embed-core-10.1.20.jar:10.1.20]
	at org.apache.catalina.core.ApplicationFilterChain.doFilter(ApplicationFilterChain.java:150) ~[tomcat-embed-core-10.1.20.jar:10.1.20]
	at org.apache.tomcat.websocket.server.WsFilter.doFilter(WsFilter.java:51) ~[tomcat-embed-websocket-10.1.20.jar:10.1.20]
	at org.apache.catalina.core.ApplicationFilterChain.internalDoFilter(ApplicationFilterChain.java:175) ~[tomcat-embed-core-10.1.20.jar:10.1.20]
	at org.apache.catalina.core.ApplicationFilterChain.doFilter(ApplicationFilterChain.java:150) ~[tomcat-embed-core-10.1.20.jar:10.1.20]
	at org.springframework.web.filter.OncePerRequestFilter.doFilter(OncePerRequestFilter.java:110) ~[spring-web-6.1.6.jar:6.1.6]
	at org.apache.catalina.core.ApplicationFilterChain.internalDoFilter(ApplicationFilterChain.java:175) ~[tomcat-embed-core-10.1.20.jar:10.1.20]
	at org.apache.catalina.core.ApplicationFilterChain.doFilter(ApplicationFilterChain.java:150) ~[tomcat-embed-core-10.1.20.jar:10.1.20]
	at org.springframework.web.filter.CompositeFilter$VirtualFilterChain.doFilter(CompositeFilter.java:108) ~[spring-web-6.1.6.jar:6.1.6]
	at org.springframework.security.web.FilterChainProxy.lambda$doFilterInternal$3(FilterChainProxy.java:231) ~[spring-security-web-6.2.4.jar:6.2.4]
	at org.springframework.security.web.FilterChainProxy$VirtualFilterChain.doFilter(FilterChainProxy.java:365) ~[spring-security-web-6.2.4.jar:6.2.4]
	at org.springframework.security.web.access.intercept.AuthorizationFilter.doFilter(AuthorizationFilter.java:100) ~[spring-security-web-6.2.4.jar:6.2.4]
	at org.springframework.security.web.FilterChainProxy$VirtualFilterChain.doFilter(FilterChainProxy.java:374) ~[spring-security-web-6.2.4.jar:6.2.4]
	at org.springframework.security.web.access.ExceptionTranslationFilter.doFilter(ExceptionTranslationFilter.java:126) ~[spring-security-web-6.2.4.jar:6.2.4]
	at org.springframework.security.web.access.ExceptionTranslationFilter.doFilter(ExceptionTranslationFilter.java:120) ~[spring-security-web-6.2.4.jar:6.2.4]
	at org.springframework.security.web.FilterChainProxy$VirtualFilterChain.doFilter(FilterChainProxy.java:374) ~[spring-security-web-6.2.4.jar:6.2.4]
	at org.springframework.security.web.session.SessionManagementFilter.doFilter(SessionManagementFilter.java:131) ~[spring-security-web-6.2.4.jar:6.2.4]
	at org.springframework.security.web.session.SessionManagementFilter.doFilter(SessionManagementFilter.java:85) ~[spring-security-web-6.2.4.jar:6.2.4]
	at org.springframework.security.web.FilterChainProxy$VirtualFilterChain.doFilter(FilterChainProxy.java:374) ~[spring-security-web-6.2.4.jar:6.2.4]
	at org.springframework.security.web.authentication.AnonymousAuthenticationFilter.doFilter(AnonymousAuthenticationFilter.java:100) ~[spring-security-web-6.2.4.jar:6.2.4]
	at org.springframework.security.web.FilterChainProxy$VirtualFilterChain.doFilter(FilterChainProxy.java:374) ~[spring-security-web-6.2.4.jar:6.2.4]
	at org.springframework.security.web.servletapi.SecurityContextHolderAwareRequestFilter.doFilter(SecurityContextHolderAwareRequestFilter.java:179) ~[spring-security-web-6.2.4.jar:6.2.4]
	at org.springframework.security.web.FilterChainProxy$VirtualFilterChain.doFilter(FilterChainProxy.java:374) ~[spring-security-web-6.2.4.jar:6.2.4]
	at org.springframework.security.web.savedrequest.RequestCacheAwareFilter.doFilter(RequestCacheAwareFilter.java:63) ~[spring-security-web-6.2.4.jar:6.2.4]
	at org.springframework.security.web.FilterChainProxy$VirtualFilterChain.doFilter(FilterChainProxy.java:374) ~[spring-security-web-6.2.4.jar:6.2.4]
	at com.Smart.Interview.Prep.Platform.security.JwtAuthFilter.doFilterInternal(JwtAuthFilter.java:68) ~[classes/:na]
	at org.springframework.web.filter.OncePerRequestFilter.doFilter(OncePerRequestFilter.java:116) ~[spring-web-6.1.6.jar:6.1.6]
	at org.springframework.security.web.FilterChainProxy$VirtualFilterChain.doFilter(FilterChainProxy.java:374) ~[spring-security-web-6.2.4.jar:6.2.4]
	at org.springframework.security.web.authentication.logout.LogoutFilter.doFilter(LogoutFilter.java:107) ~[spring-security-web-6.2.4.jar:6.2.4]
	at org.springframework.security.web.authentication.logout.LogoutFilter.doFilter(LogoutFilter.java:93) ~[spring-security-web-6.2.4.jar:6.2.4]
	at org.springframework.security.web.FilterChainProxy$VirtualFilterChain.doFilter(FilterChainProxy.java:374) ~[spring-security-web-6.2.4.jar:6.2.4]
	at org.springframework.web.filter.CorsFilter.doFilterInternal(CorsFilter.java:91) ~[spring-web-6.1.6.jar:6.1.6]
	at org.springframework.web.filter.OncePerRequestFilter.doFilter(OncePerRequestFilter.java:116) ~[spring-web-6.1.6.jar:6.1.6]
	at org.springframework.security.web.FilterChainProxy$VirtualFilterChain.doFilter(FilterChainProxy.java:374) ~[spring-security-web-6.2.4.jar:6.2.4]
	at org.springframework.security.web.header.HeaderWriterFilter.doHeadersAfter(HeaderWriterFilter.java:90) ~[spring-security-web-6.2.4.jar:6.2.4]
	at org.springframework.security.web.header.HeaderWriterFilter.doFilterInternal(HeaderWriterFilter.java:75) ~[spring-security-web-6.2.4.jar:6.2.4]
	at org.springframework.web.filter.OncePerRequestFilter.doFilter(OncePerRequestFilter.java:116) ~[spring-web-6.1.6.jar:6.1.6]
	at org.springframework.security.web.FilterChainProxy$VirtualFilterChain.doFilter(FilterChainProxy.java:374) ~[spring-security-web-6.2.4.jar:6.2.4]
	at org.springframework.security.web.context.SecurityContextHolderFilter.doFilter(SecurityContextHolderFilter.java:82) ~[spring-security-web-6.2.4.jar:6.2.4]
	at org.springframework.security.web.context.SecurityContextHolderFilter.doFilter(SecurityContextHolderFilter.java:69) ~[spring-security-web-6.2.4.jar:6.2.4]
	at org.springframework.security.web.FilterChainProxy$VirtualFilterChain.doFilter(FilterChainProxy.java:374) ~[spring-security-web-6.2.4.jar:6.2.4]
	at org.springframework.security.web.context.request.async.WebAsyncManagerIntegrationFilter.doFilterInternal(WebAsyncManagerIntegrationFilter.java:62) ~[spring-security-web-6.2.4.jar:6.2.4]
	at org.springframework.web.filter.OncePerRequestFilter.doFilter(OncePerRequestFilter.java:116) ~[spring-web-6.1.6.jar:6.1.6]
	at org.springframework.security.web.FilterChainProxy$VirtualFilterChain.doFilter(FilterChainProxy.java:374) ~[spring-security-web-6.2.4.jar:6.2.4]
	at org.springframework.security.web.session.DisableEncodeUrlFilter.doFilterInternal(DisableEncodeUrlFilter.java:42) ~[spring-security-web-6.2.4.jar:6.2.4]
	at org.springframework.web.filter.OncePerRequestFilter.doFilter(OncePerRequestFilter.java:116) ~[spring-web-6.1.6.jar:6.1.6]
	at org.springframework.security.web.FilterChainProxy$VirtualFilterChain.doFilter(FilterChainProxy.java:374) ~[spring-security-web-6.2.4.jar:6.2.4]
	at org.springframework.security.web.FilterChainProxy.doFilterInternal(FilterChainProxy.java:233) ~[spring-security-web-6.2.4.jar:6.2.4]
	at org.springframework.security.web.FilterChainProxy.doFilter(FilterChainProxy.java:191) ~[spring-security-web-6.2.4.jar:6.2.4]
	at org.springframework.web.filter.CompositeFilter$VirtualFilterChain.doFilter(CompositeFilter.java:113) ~[spring-web-6.1.6.jar:6.1.6]
	at org.springframework.web.servlet.handler.HandlerMappingIntrospector.lambda$createCacheFilter$3(HandlerMappingIntrospector.java:195) ~[spring-webmvc-6.1.6.jar:6.1.6]
	at org.springframework.web.filter.CompositeFilter$VirtualFilterChain.doFilter(CompositeFilter.java:113) ~[spring-web-6.1.6.jar:6.1.6]
	at org.springframework.web.filter.CompositeFilter.doFilter(CompositeFilter.java:74) ~[spring-web-6.1.6.jar:6.1.6]
	at org.springframework.security.config.annotation.web.configuration.WebMvcSecurityConfiguration$CompositeFilterChainProxy.doFilter(WebMvcSecurityConfiguration.java:230) ~[spring-security-config-6.2.4.jar:6.2.4]
	at org.springframework.web.filter.DelegatingFilterProxy.invokeDelegate(DelegatingFilterProxy.java:352) ~[spring-web-6.1.6.jar:6.1.6]
	at org.springframework.web.filter.DelegatingFilterProxy.doFilter(DelegatingFilterProxy.java:268) ~[spring-web-6.1.6.jar:6.1.6]
	at org.apache.catalina.core.ApplicationFilterChain.internalDoFilter(ApplicationFilterChain.java:175) ~[tomcat-embed-core-10.1.20.jar:10.1.20]
	at org.apache.catalina.core.ApplicationFilterChain.doFilter(ApplicationFilterChain.java:150) ~[tomcat-embed-core-10.1.20.jar:10.1.20]
	at org.springframework.web.filter.RequestContextFilter.doFilterInternal(RequestContextFilter.java:100) ~[spring-web-6.1.6.jar:6.1.6]
	at org.springframework.web.filter.OncePerRequestFilter.doFilter(OncePerRequestFilter.java:116) ~[spring-web-6.1.6.jar:6.1.6]
	at org.apache.catalina.core.ApplicationFilterChain.internalDoFilter(ApplicationFilterChain.java:175) ~[tomcat-embed-core-10.1.20.jar:10.1.20]
	at org.apache.catalina.core.ApplicationFilterChain.doFilter(ApplicationFilterChain.java:150) ~[tomcat-embed-core-10.1.20.jar:10.1.20]
	at org.springframework.web.filter.FormContentFilter.doFilterInternal(FormContentFilter.java:93) ~[spring-web-6.1.6.jar:6.1.6]
	at org.springframework.web.filter.OncePerRequestFilter.doFilter(OncePerRequestFilter.java:116) ~[spring-web-6.1.6.jar:6.1.6]
	at org.apache.catalina.core.ApplicationFilterChain.internalDoFilter(ApplicationFilterChain.java:175) ~[tomcat-embed-core-10.1.20.jar:10.1.20]
	at org.apache.catalina.core.ApplicationFilterChain.doFilter(ApplicationFilterChain.java:150) ~[tomcat-embed-core-10.1.20.jar:10.1.20]
	at org.springframework.web.filter.CharacterEncodingFilter.doFilterInternal(CharacterEncodingFilter.java:201) ~[spring-web-6.1.6.jar:6.1.6]
	at org.springframework.web.filter.OncePerRequestFilter.doFilter(OncePerRequestFilter.java:116) ~[spring-web-6.1.6.jar:6.1.6]
	at org.apache.catalina.core.ApplicationFilterChain.internalDoFilter(ApplicationFilterChain.java:175) ~[tomcat-embed-core-10.1.20.jar:10.1.20]
	at org.apache.catalina.core.ApplicationFilterChain.doFilter(ApplicationFilterChain.java:150) ~[tomcat-embed-core-10.1.20.jar:10.1.20]
	at org.apache.catalina.core.StandardWrapperValve.invoke(StandardWrapperValve.java:167) ~[tomcat-embed-core-10.1.20.jar:10.1.20]
	at org.apache.catalina.core.StandardContextValve.invoke(StandardContextValve.java:90) ~[tomcat-embed-core-10.1.20.jar:10.1.20]
	at org.apache.catalina.authenticator.AuthenticatorBase.invoke(AuthenticatorBase.java:482) ~[tomcat-embed-core-10.1.20.jar:10.1.20]
	at org.apache.catalina.core.StandardHostValve.invoke(StandardHostValve.java:115) ~[tomcat-embed-core-10.1.20.jar:10.1.20]
	at org.apache.catalina.valves.ErrorReportValve.invoke(ErrorReportValve.java:93) ~[tomcat-embed-core-10.1.20.jar:10.1.20]
	at org.apache.catalina.core.StandardEngineValve.invoke(StandardEngineValve.java:74) ~[tomcat-embed-core-10.1.20.jar:10.1.20]
	at org.apache.catalina.connector.CoyoteAdapter.service(CoyoteAdapter.java:344) ~[tomcat-embed-core-10.1.20.jar:10.1.20]
	at org.apache.coyote.http11.Http11Processor.service(Http11Processor.java:391) ~[tomcat-embed-core-10.1.20.jar:10.1.20]
	at org.apache.coyote.AbstractProcessorLight.process(AbstractProcessorLight.java:63) ~[tomcat-embed-core-10.1.20.jar:10.1.20]
	at org.apache.coyote.AbstractProtocol$ConnectionHandler.process(AbstractProtocol.java:896) ~[tomcat-embed-core-10.1.20.jar:10.1.20]
	at org.apache.tomcat.util.net.NioEndpoint$SocketProcessor.doRun(NioEndpoint.java:1736) ~[tomcat-embed-core-10.1.20.jar:10.1.20]
	at org.apache.tomcat.util.net.SocketProcessorBase.run(SocketProcessorBase.java:52) ~[tomcat-embed-core-10.1.20.jar:10.1.20]
	at org.apache.tomcat.util.threads.ThreadPoolExecutor.runWorker(ThreadPoolExecutor.java:1191) ~[tomcat-embed-core-10.1.20.jar:10.1.20]
	at org.apache.tomcat.util.threads.ThreadPoolExecutor$Worker.run(ThreadPoolExecutor.java:659) ~[tomcat-embed-core-10.1.20.jar:10.1.20]
	at org.apache.tomcat.util.threads.TaskThread$WrappingRunnable.run(TaskThread.java:63) ~[tomcat-embed-core-10.1.20.jar:10.1.20]
	at java.base/java.lang.Thread.run(Thread.java:1583) ~[na:na]

2026-05-06T12:01:07.769+05:30 DEBUG 15056 --- [Smart-Interview-Prep-Platform] [http-nio-8080-exec-6] o.s.security.web.FilterChainProxy        : Securing POST /error
2026-05-06T12:01:07.769+05:30 DEBUG 15056 --- [Smart-Interview-Prep-Platform] [http-nio-8080-exec-6] o.s.s.w.a.AnonymousAuthenticationFilter  : Set SecurityContextHolder to anonymous SecurityContext
2026-05-06T12:01:07.770+05:30 DEBUG 15056 --- [Smart-Interview-Prep-Platform] [http-nio-8080-exec-6] o.s.s.w.a.Http403ForbiddenEntryPoint     : Pre-authenticated entry point called. Rejecting access
2026-05-06T12:01:37.167+05:30  INFO 15056 --- [Smart-Interview-Prep-Platform] [SpringApplicationShutdownHook] j.LocalContainerEntityManagerFactoryBean : Closing JPA EntityManagerFactory for persistence unit 'default'
2026-05-06T12:01:37.176+05:30  INFO 15056 --- [Smart-Interview-Prep-Platform] [SpringApplicationShutdownHook] com.zaxxer.hikari.HikariDataSource       : HikariPool-1 - Shutdown initiated...
2026-05-06T12:01:37.192+05:30  INFO 15056 --- [Smart-Interview-Prep-Platform] [SpringApplicationShutdownHook] com.zaxxer.hikari.HikariDataSource       : HikariPool-1 - Shutdown completed.
2026-05-06T15:08:34.200+05:30  INFO 27548 --- [Smart-Interview-Prep-Platform] [restartedMain] .P.SmartInterviewPrepPlatformApplication : Starting SmartInterviewPrepPlatformApplication using Java 21.0.10 with PID 27548 (C:\Users\Dell\Desktop\Smart Interview Prep Platform (3)\Smart Interview Prep Platform\Smart-Interview-Prep-Platform\target\classes started by Dell in C:\Users\Dell\Desktop\Smart Interview Prep Platform (3)\Smart Interview Prep Platform\Smart-Interview-Prep-Platform)
2026-05-06T15:08:34.201+05:30 DEBUG 27548 --- [Smart-Interview-Prep-Platform] [restartedMain] .P.SmartInterviewPrepPlatformApplication : Running with Spring Boot v3.2.5, Spring v6.1.6
2026-05-06T15:08:34.203+05:30  INFO 27548 --- [Smart-Interview-Prep-Platform] [restartedMain] .P.SmartInterviewPrepPlatformApplication : No active profile set, falling back to 1 default profile: "default"
2026-05-06T15:08:34.277+05:30  INFO 27548 --- [Smart-Interview-Prep-Platform] [restartedMain] .e.DevToolsPropertyDefaultsPostProcessor : Devtools property defaults active! Set 'spring.devtools.add-properties' to 'false' to disable
2026-05-06T15:08:34.278+05:30  INFO 27548 --- [Smart-Interview-Prep-Platform] [restartedMain] .e.DevToolsPropertyDefaultsPostProcessor : For additional web related logging consider setting the 'logging.level.web' property to 'DEBUG'
2026-05-06T15:08:35.715+05:30  INFO 27548 --- [Smart-Interview-Prep-Platform] [restartedMain] .s.d.r.c.RepositoryConfigurationDelegate : Bootstrapping Spring Data JPA repositories in DEFAULT mode.
2026-05-06T15:08:35.808+05:30  INFO 27548 --- [Smart-Interview-Prep-Platform] [restartedMain] .s.d.r.c.RepositoryConfigurationDelegate : Finished Spring Data repository scanning in 79 ms. Found 4 JPA repository interfaces.
2026-05-06T15:08:36.651+05:30  INFO 27548 --- [Smart-Interview-Prep-Platform] [restartedMain] o.s.b.w.embedded.tomcat.TomcatWebServer  : Tomcat initialized with port 8080 (http)
2026-05-06T15:08:36.672+05:30  INFO 27548 --- [Smart-Interview-Prep-Platform] [restartedMain] o.apache.catalina.core.StandardService   : Starting service [Tomcat]
2026-05-06T15:08:36.672+05:30  INFO 27548 --- [Smart-Interview-Prep-Platform] [restartedMain] o.apache.catalina.core.StandardEngine    : Starting Servlet engine: [Apache Tomcat/10.1.20]
2026-05-06T15:08:36.729+05:30  INFO 27548 --- [Smart-Interview-Prep-Platform] [restartedMain] o.a.c.c.C.[Tomcat].[localhost].[/]       : Initializing Spring embedded WebApplicationContext
2026-05-06T15:08:36.730+05:30  INFO 27548 --- [Smart-Interview-Prep-Platform] [restartedMain] w.s.c.ServletWebServerApplicationContext : Root WebApplicationContext: initialization completed in 2451 ms
2026-05-06T15:08:36.767+05:30  INFO 27548 --- [Smart-Interview-Prep-Platform] [restartedMain] com.zaxxer.hikari.HikariDataSource       : HikariPool-1 - Starting...
2026-05-06T15:08:37.277+05:30  INFO 27548 --- [Smart-Interview-Prep-Platform] [restartedMain] com.zaxxer.hikari.pool.HikariPool        : HikariPool-1 - Added connection com.mysql.cj.jdbc.ConnectionImpl@4ad690fc
2026-05-06T15:08:37.279+05:30  INFO 27548 --- [Smart-Interview-Prep-Platform] [restartedMain] com.zaxxer.hikari.HikariDataSource       : HikariPool-1 - Start completed.
2026-05-06T15:08:37.289+05:30  INFO 27548 --- [Smart-Interview-Prep-Platform] [restartedMain] o.s.b.a.h2.H2ConsoleAutoConfiguration    : H2 console available at '/h2-console'. Database available at 'jdbc:mysql://localhost:3306/interview_prep'
2026-05-06T15:08:37.360+05:30 DEBUG 27548 --- [Smart-Interview-Prep-Platform] [restartedMain] c.S.I.P.Platform.security.JwtAuthFilter  : Filter 'jwtAuthFilter' configured for use
2026-05-06T15:08:37.488+05:30  INFO 27548 --- [Smart-Interview-Prep-Platform] [restartedMain] o.hibernate.jpa.internal.util.LogHelper  : HHH000204: Processing PersistenceUnitInfo [name: default]
2026-05-06T15:08:37.603+05:30  INFO 27548 --- [Smart-Interview-Prep-Platform] [restartedMain] org.hibernate.Version                    : HHH000412: Hibernate ORM core version 6.4.4.Final
2026-05-06T15:08:37.657+05:30  INFO 27548 --- [Smart-Interview-Prep-Platform] [restartedMain] o.h.c.internal.RegionFactoryInitiator    : HHH000026: Second-level cache disabled
2026-05-06T15:08:38.209+05:30  INFO 27548 --- [Smart-Interview-Prep-Platform] [restartedMain] o.s.o.j.p.SpringPersistenceUnitInfo      : No LoadTimeWeaver setup: ignoring JPA class transformer
2026-05-06T15:08:40.055+05:30  INFO 27548 --- [Smart-Interview-Prep-Platform] [restartedMain] o.h.e.t.j.p.i.JtaPlatformInitiator       : HHH000489: No JTA platform available (set 'hibernate.transaction.jta.platform' to enable JTA platform integration)
2026-05-06T15:08:40.274+05:30  INFO 27548 --- [Smart-Interview-Prep-Platform] [restartedMain] j.LocalContainerEntityManagerFactoryBean : Initialized JPA EntityManagerFactory for persistence unit 'default'
2026-05-06T15:08:40.958+05:30  INFO 27548 --- [Smart-Interview-Prep-Platform] [restartedMain] o.s.d.j.r.query.QueryEnhancerFactory     : Hibernate is in classpath; If applicable, HQL parser will be used.
2026-05-06T15:08:41.130+05:30  WARN 27548 --- [Smart-Interview-Prep-Platform] [restartedMain] JpaBaseConfiguration$JpaWebConfiguration : spring.jpa.open-in-view is enabled by default. Therefore, database queries may be performed during view rendering. Explicitly configure spring.jpa.open-in-view to disable this warning
2026-05-06T15:08:41.175+05:30 DEBUG 27548 --- [Smart-Interview-Prep-Platform] [restartedMain] swordEncoderAuthenticationManagerBuilder : No authenticationProviders and no parentAuthenticationManager defined. Returning null.
2026-05-06T15:08:41.711+05:30  INFO 27548 --- [Smart-Interview-Prep-Platform] [restartedMain] o.s.s.web.DefaultSecurityFilterChain     : Will secure any request with [org.springframework.security.web.session.DisableEncodeUrlFilter@2c7e16da, org.springframework.security.web.context.request.async.WebAsyncManagerIntegrationFilter@25ed43e0, org.springframework.security.web.context.SecurityContextHolderFilter@3f9787a7, org.springframework.security.web.header.HeaderWriterFilter@38b7d8d9, org.springframework.web.filter.CorsFilter@7cbd6a21, org.springframework.security.web.authentication.logout.LogoutFilter@7c67b391, com.Smart.Interview.Prep.Platform.security.JwtAuthFilter@219154eb, org.springframework.security.web.savedrequest.RequestCacheAwareFilter@28269f87, org.springframework.security.web.servletapi.SecurityContextHolderAwareRequestFilter@6ff9b97a, org.springframework.security.web.authentication.AnonymousAuthenticationFilter@13bffb79, org.springframework.security.web.session.SessionManagementFilter@13608277, org.springframework.security.web.access.ExceptionTranslationFilter@10d50ebc, org.springframework.security.web.access.intercept.AuthorizationFilter@4489a26f]
2026-05-06T15:08:42.217+05:30  INFO 27548 --- [Smart-Interview-Prep-Platform] [restartedMain] o.s.b.d.a.OptionalLiveReloadServer       : LiveReload server is running on port 35729
2026-05-06T15:08:42.305+05:30  INFO 27548 --- [Smart-Interview-Prep-Platform] [restartedMain] o.s.b.w.embedded.tomcat.TomcatWebServer  : Tomcat started on port 8080 (http) with context path ''
2026-05-06T15:08:42.327+05:30  INFO 27548 --- [Smart-Interview-Prep-Platform] [restartedMain] .P.SmartInterviewPrepPlatformApplication : Started SmartInterviewPrepPlatformApplication in 8.757 seconds (process running for 10.08)
2026-05-06T15:13:57.328+05:30  INFO 27548 --- [Smart-Interview-Prep-Platform] [http-nio-8080-exec-2] o.a.c.c.C.[Tomcat].[localhost].[/]       : Initializing Spring DispatcherServlet 'dispatcherServlet'
2026-05-06T15:13:57.329+05:30  INFO 27548 --- [Smart-Interview-Prep-Platform] [http-nio-8080-exec-2] o.s.web.servlet.DispatcherServlet        : Initializing Servlet 'dispatcherServlet'
2026-05-06T15:13:57.336+05:30  INFO 27548 --- [Smart-Interview-Prep-Platform] [http-nio-8080-exec-2] o.s.web.servlet.DispatcherServlet        : Completed initialization in 5 ms
2026-05-06T15:13:57.402+05:30 DEBUG 27548 --- [Smart-Interview-Prep-Platform] [http-nio-8080-exec-2] o.s.security.web.FilterChainProxy        : Securing POST /api/auth/login
2026-05-06T15:13:57.425+05:30  INFO 27548 --- [Smart-Interview-Prep-Platform] [http-nio-8080-exec-2] c.S.I.P.Platform.security.JwtAuthFilter  : JWT Filter null
2026-05-06T15:13:57.435+05:30 DEBUG 27548 --- [Smart-Interview-Prep-Platform] [http-nio-8080-exec-2] o.s.s.w.a.AnonymousAuthenticationFilter  : Set SecurityContextHolder to anonymous SecurityContext
2026-05-06T15:13:57.441+05:30 DEBUG 27548 --- [Smart-Interview-Prep-Platform] [http-nio-8080-exec-2] o.s.security.web.FilterChainProxy        : Secured POST /api/auth/login
2026-05-06T15:13:57.728+05:30  INFO 27548 --- [Smart-Interview-Prep-Platform] [http-nio-8080-exec-2] c.S.I.Prep.Platform.service.AuthService  : Login attempt for email: sam@gmail.com
2026-05-06T15:14:09.994+05:30 DEBUG 27548 --- [Smart-Interview-Prep-Platform] [http-nio-8080-exec-3] o.s.security.web.FilterChainProxy        : Securing POST /api/user/quiz/start
2026-05-06T15:14:09.995+05:30  INFO 27548 --- [Smart-Interview-Prep-Platform] [http-nio-8080-exec-3] c.S.I.P.Platform.security.JwtAuthFilter  : JWT Filter Bearer eyJhbGciOiJIUzI1NiJ9.eyJzdWIiOiJzYW1AZ21haWwuY29tIiwicm9sZSI6IkFETUlOIiwiaWF0IjoxNzc4MDYwNjM4LCJleHAiOjE3NzgxNDcwMzh9.aknqPMnxAQxouVBxSEDlskSch4UM02fb7170sZoBEP0
2026-05-06T15:14:09.996+05:30  INFO 27548 --- [Smart-Interview-Prep-Platform] [http-nio-8080-exec-3] c.S.I.P.Platform.security.JwtAuthFilter  : Token eyJhbGciOiJIUzI1NiJ9.eyJzdWIiOiJzYW1AZ21haWwuY29tIiwicm9sZSI6IkFETUlOIiwiaWF0IjoxNzc4MDYwNjM4LCJleHAiOjE3NzgxNDcwMzh9.aknqPMnxAQxouVBxSEDlskSch4UM02fb7170sZoBEP0
2026-05-06T15:14:10.083+05:30  INFO 27548 --- [Smart-Interview-Prep-Platform] [http-nio-8080-exec-3] c.S.I.P.Platform.security.JwtAuthFilter  : Token Filter email sam@gmail.com
2026-05-06T15:14:10.087+05:30  INFO 27548 --- [Smart-Interview-Prep-Platform] [http-nio-8080-exec-3] c.S.I.P.Platform.security.JwtAuthFilter  : Token Filter auth UsernamePasswordAuthenticationToken [Principal=sam@gmail.com, Credentials=[PROTECTED], Authenticated=true, Details=null, Granted Authorities=[ROLE_ADMIN]]
2026-05-06T15:14:10.089+05:30 DEBUG 27548 --- [Smart-Interview-Prep-Platform] [http-nio-8080-exec-3] o.s.security.web.FilterChainProxy        : Secured POST /api/user/quiz/start
2026-05-06T15:14:10.237+05:30  INFO 27548 --- [Smart-Interview-Prep-Platform] [http-nio-8080-exec-3] c.S.I.Prep.Platform.service.QuizService  : Questions [Question(id=2, question=null, description=Find two numbers that add up to target, Answer=null, topic=DSA, difficulty=Easy, createdBy=sam@gmail.com, optionA=null, optionB=null, optionC=null, optionD=null), Question(id=1, question=null, description=Find two numbers that add up to target, Answer=java, topic=DSA, difficulty=Easy, createdBy=sam@gmail.com, optionA=null, optionB=null, optionC=null, optionD=null)]
2026-05-06T15:19:53.272+05:30 DEBUG 27548 --- [Smart-Interview-Prep-Platform] [http-nio-8080-exec-6] o.s.security.web.FilterChainProxy        : Securing POST /api/user/quiz/start
2026-05-06T15:19:53.274+05:30  INFO 27548 --- [Smart-Interview-Prep-Platform] [http-nio-8080-exec-6] c.S.I.P.Platform.security.JwtAuthFilter  : JWT Filter Bearer eyJhbGciOiJIUzI1NiJ9.eyJzdWIiOiJzYW1AZ21haWwuY29tIiwicm9sZSI6IkFETUlOIiwiaWF0IjoxNzc4MDYwNjM4LCJleHAiOjE3NzgxNDcwMzh9.aknqPMnxAQxouVBxSEDlskSch4UM02fb7170sZoBEP0
2026-05-06T15:19:53.274+05:30  INFO 27548 --- [Smart-Interview-Prep-Platform] [http-nio-8080-exec-6] c.S.I.P.Platform.security.JwtAuthFilter  : Token eyJhbGciOiJIUzI1NiJ9.eyJzdWIiOiJzYW1AZ21haWwuY29tIiwicm9sZSI6IkFETUlOIiwiaWF0IjoxNzc4MDYwNjM4LCJleHAiOjE3NzgxNDcwMzh9.aknqPMnxAQxouVBxSEDlskSch4UM02fb7170sZoBEP0
2026-05-06T15:19:53.285+05:30  INFO 27548 --- [Smart-Interview-Prep-Platform] [http-nio-8080-exec-6] c.S.I.P.Platform.security.JwtAuthFilter  : Token Filter email sam@gmail.com
2026-05-06T15:19:53.285+05:30  INFO 27548 --- [Smart-Interview-Prep-Platform] [http-nio-8080-exec-6] c.S.I.P.Platform.security.JwtAuthFilter  : Token Filter auth UsernamePasswordAuthenticationToken [Principal=sam@gmail.com, Credentials=[PROTECTED], Authenticated=true, Details=null, Granted Authorities=[ROLE_ADMIN]]
2026-05-06T15:19:53.286+05:30 DEBUG 27548 --- [Smart-Interview-Prep-Platform] [http-nio-8080-exec-6] o.s.security.web.FilterChainProxy        : Secured POST /api/user/quiz/start
2026-05-06T15:19:53.313+05:30  INFO 27548 --- [Smart-Interview-Prep-Platform] [http-nio-8080-exec-6] c.S.I.Prep.Platform.service.QuizService  : Questions []
2026-05-06T15:20:38.144+05:30 DEBUG 27548 --- [Smart-Interview-Prep-Platform] [http-nio-8080-exec-7] o.s.security.web.FilterChainProxy        : Securing POST /api/user/quiz/start
2026-05-06T15:20:38.144+05:30  INFO 27548 --- [Smart-Interview-Prep-Platform] [http-nio-8080-exec-7] c.S.I.P.Platform.security.JwtAuthFilter  : JWT Filter Bearer eyJhbGciOiJIUzI1NiJ9.eyJzdWIiOiJzYW1AZ21haWwuY29tIiwicm9sZSI6IkFETUlOIiwiaWF0IjoxNzc4MDYwNjM4LCJleHAiOjE3NzgxNDcwMzh9.aknqPMnxAQxouVBxSEDlskSch4UM02fb7170sZoBEP0
2026-05-06T15:20:38.144+05:30  INFO 27548 --- [Smart-Interview-Prep-Platform] [http-nio-8080-exec-7] c.S.I.P.Platform.security.JwtAuthFilter  : Token eyJhbGciOiJIUzI1NiJ9.eyJzdWIiOiJzYW1AZ21haWwuY29tIiwicm9sZSI6IkFETUlOIiwiaWF0IjoxNzc4MDYwNjM4LCJleHAiOjE3NzgxNDcwMzh9.aknqPMnxAQxouVBxSEDlskSch4UM02fb7170sZoBEP0
2026-05-06T15:20:38.156+05:30  INFO 27548 --- [Smart-Interview-Prep-Platform] [http-nio-8080-exec-7] c.S.I.P.Platform.security.JwtAuthFilter  : Token Filter email sam@gmail.com
2026-05-06T15:20:38.158+05:30  INFO 27548 --- [Smart-Interview-Prep-Platform] [http-nio-8080-exec-7] c.S.I.P.Platform.security.JwtAuthFilter  : Token Filter auth UsernamePasswordAuthenticationToken [Principal=sam@gmail.com, Credentials=[PROTECTED], Authenticated=true, Details=null, Granted Authorities=[ROLE_ADMIN]]
2026-05-06T15:20:38.160+05:30 DEBUG 27548 --- [Smart-Interview-Prep-Platform] [http-nio-8080-exec-7] o.s.security.web.FilterChainProxy        : Secured POST /api/user/quiz/start
2026-05-06T15:20:38.171+05:30  INFO 27548 --- [Smart-Interview-Prep-Platform] [http-nio-8080-exec-7] c.S.I.Prep.Platform.service.QuizService  : Questions [Question(id=2, question=null, description=Find two numbers that add up to target, Answer=null, topic=DSA, difficulty=Easy, createdBy=sam@gmail.com, optionA=null, optionB=null, optionC=null, optionD=null), Question(id=1, question=null, description=Find two numbers that add up to target, Answer=java, topic=DSA, difficulty=Easy, createdBy=sam@gmail.com, optionA=null, optionB=null, optionC=null, optionD=null)]
2026-05-06T15:21:20.516+05:30  INFO 27548 --- [Smart-Interview-Prep-Platform] [File Watcher] rtingClassPathChangeChangedEventListener : Restarting due to 4 class path changes (0 additions, 4 deletions, 0 modifications)
2026-05-06T15:21:20.535+05:30  INFO 27548 --- [Smart-Interview-Prep-Platform] [Thread-5] j.LocalContainerEntityManagerFactoryBean : Closing JPA EntityManagerFactory for persistence unit 'default'
2026-05-06T15:21:20.541+05:30  INFO 27548 --- [Smart-Interview-Prep-Platform] [Thread-5] com.zaxxer.hikari.HikariDataSource       : HikariPool-1 - Shutdown initiated...
2026-05-06T15:21:20.555+05:30  INFO 27548 --- [Smart-Interview-Prep-Platform] [Thread-5] com.zaxxer.hikari.HikariDataSource       : HikariPool-1 - Shutdown completed.
2026-05-06T15:21:20.618+05:30  INFO 27548 --- [Smart-Interview-Prep-Platform] [restartedMain] .P.SmartInterviewPrepPlatformApplication : Starting the Application...
2026-05-06T15:21:20.678+05:30  INFO 27548 --- [Smart-Interview-Prep-Platform] [restartedMain] .P.SmartInterviewPrepPlatformApplication : Starting SmartInterviewPrepPlatformApplication using Java 21.0.10 with PID 27548 (C:\Users\Dell\Desktop\Smart Interview Prep Platform (3)\Smart Interview Prep Platform\Smart-Interview-Prep-Platform\target\classes started by Dell in C:\Users\Dell\Desktop\Smart Interview Prep Platform (3)\Smart Interview Prep Platform\Smart-Interview-Prep-Platform)
2026-05-06T15:21:20.679+05:30 DEBUG 27548 --- [Smart-Interview-Prep-Platform] [restartedMain] .P.SmartInterviewPrepPlatformApplication : Running with Spring Boot v3.2.5, Spring v6.1.6
2026-05-06T15:21:20.679+05:30  INFO 27548 --- [Smart-Interview-Prep-Platform] [restartedMain] .P.SmartInterviewPrepPlatformApplication : No active profile set, falling back to 1 default profile: "default"
2026-05-06T15:21:20.991+05:30  INFO 27548 --- [Smart-Interview-Prep-Platform] [restartedMain] .s.d.r.c.RepositoryConfigurationDelegate : Bootstrapping Spring Data JPA repositories in DEFAULT mode.
2026-05-06T15:21:20.999+05:30  WARN 27548 --- [Smart-Interview-Prep-Platform] [restartedMain] ConfigServletWebServerApplicationContext : Exception encountered during context initialization - cancelling refresh attempt: java.lang.TypeNotPresentException: Type com.Smart.Interview.Prep.Platform.entity.Question not present
2026-05-06T15:21:21.005+05:30  INFO 27548 --- [Smart-Interview-Prep-Platform] [restartedMain] .s.b.a.l.ConditionEvaluationReportLogger : 

Error starting ApplicationContext. To display the condition evaluation report re-run your application with 'debug' enabled.
2026-05-06T15:21:21.041+05:30 ERROR 27548 --- [Smart-Interview-Prep-Platform] [restartedMain] o.s.boot.SpringApplication               : Application run failed

java.lang.TypeNotPresentException: Type com.Smart.Interview.Prep.Platform.entity.Question not present
	at java.base/sun.reflect.generics.factory.CoreReflectionFactory.makeNamedType(CoreReflectionFactory.java:117) ~[na:na]
	at java.base/sun.reflect.generics.visitor.Reifier.visitClassTypeSignature(Reifier.java:125) ~[na:na]
	at java.base/sun.reflect.generics.tree.ClassTypeSignature.accept(ClassTypeSignature.java:49) ~[na:na]
	at java.base/sun.reflect.generics.visitor.Reifier.reifyTypeArguments(Reifier.java:68) ~[na:na]
	at java.base/sun.reflect.generics.visitor.Reifier.visitClassTypeSignature(Reifier.java:138) ~[na:na]
	at java.base/sun.reflect.generics.tree.ClassTypeSignature.accept(ClassTypeSignature.java:49) ~[na:na]
	at java.base/sun.reflect.generics.repository.ClassRepository.computeSuperInterfaces(ClassRepository.java:117) ~[na:na]
	at java.base/sun.reflect.generics.repository.ClassRepository.getSuperInterfaces(ClassRepository.java:95) ~[na:na]
	at java.base/java.lang.Class.getGenericInterfaces(Class.java:1298) ~[na:na]
	at org.springframework.core.ResolvableType.getInterfaces(ResolvableType.java:517) ~[spring-core-6.1.6.jar:6.1.6]
	at org.springframework.core.ResolvableType.as(ResolvableType.java:465) ~[spring-core-6.1.6.jar:6.1.6]
	at org.springframework.data.util.TypeDiscoverer.getSuperTypeInformation(TypeDiscoverer.java:256) ~[spring-data-commons-3.2.5.jar:3.2.5]
	at org.springframework.data.util.ClassTypeInformation.getSuperTypeInformation(ClassTypeInformation.java:36) ~[spring-data-commons-3.2.5.jar:3.2.5]
	at org.springframework.data.util.TypeInformation.getRequiredSuperTypeInformation(TypeInformation.java:327) ~[spring-data-commons-3.2.5.jar:3.2.5]
	at org.springframework.data.repository.core.support.DefaultRepositoryMetadata.<init>(DefaultRepositoryMetadata.java:55) ~[spring-data-commons-3.2.5.jar:3.2.5]
	at org.springframework.data.repository.core.support.AbstractRepositoryMetadata.getMetadata(AbstractRepositoryMetadata.java:77) ~[spring-data-commons-3.2.5.jar:3.2.5]
	at org.springframework.data.repository.config.RepositoryConfigurationExtensionSupport.getRepositoryConfigurations(RepositoryConfigurationExtensionSupport.java:91) ~[spring-data-commons-3.2.5.jar:3.2.5]
	at org.springframework.data.repository.config.RepositoryConfigurationDelegate.registerRepositoriesIn(RepositoryConfigurationDelegate.java:168) ~[spring-data-commons-3.2.5.jar:3.2.5]
	at org.springframework.boot.autoconfigure.data.AbstractRepositoryConfigurationSourceSupport.registerBeanDefinitions(AbstractRepositoryConfigurationSourceSupport.java:62) ~[spring-boot-autoconfigure-3.2.5.jar:3.2.5]
	at org.springframework.context.annotation.ConfigurationClassBeanDefinitionReader.lambda$loadBeanDefinitionsFromRegistrars$1(ConfigurationClassBeanDefinitionReader.java:376) ~[spring-context-6.1.6.jar:6.1.6]
	at java.base/java.util.LinkedHashMap.forEach(LinkedHashMap.java:986) ~[na:na]
	at org.springframework.context.annotation.ConfigurationClassBeanDefinitionReader.loadBeanDefinitionsFromRegistrars(ConfigurationClassBeanDefinitionReader.java:375) ~[spring-context-6.1.6.jar:6.1.6]
	at org.springframework.context.annotation.ConfigurationClassBeanDefinitionReader.loadBeanDefinitionsForConfigurationClass(ConfigurationClassBeanDefinitionReader.java:148) ~[spring-context-6.1.6.jar:6.1.6]
	at org.springframework.context.annotation.ConfigurationClassBeanDefinitionReader.loadBeanDefinitions(ConfigurationClassBeanDefinitionReader.java:120) ~[spring-context-6.1.6.jar:6.1.6]
	at org.springframework.context.annotation.ConfigurationClassPostProcessor.processConfigBeanDefinitions(ConfigurationClassPostProcessor.java:428) ~[spring-context-6.1.6.jar:6.1.6]
	at org.springframework.context.annotation.ConfigurationClassPostProcessor.postProcessBeanDefinitionRegistry(ConfigurationClassPostProcessor.java:289) ~[spring-context-6.1.6.jar:6.1.6]
	at org.springframework.context.support.PostProcessorRegistrationDelegate.invokeBeanDefinitionRegistryPostProcessors(PostProcessorRegistrationDelegate.java:349) ~[spring-context-6.1.6.jar:6.1.6]
	at org.springframework.context.support.PostProcessorRegistrationDelegate.invokeBeanFactoryPostProcessors(PostProcessorRegistrationDelegate.java:118) ~[spring-context-6.1.6.jar:6.1.6]
	at org.springframework.context.support.AbstractApplicationContext.invokeBeanFactoryPostProcessors(AbstractApplicationContext.java:788) ~[spring-context-6.1.6.jar:6.1.6]
	at org.springframework.context.support.AbstractApplicationContext.refresh(AbstractApplicationContext.java:606) ~[spring-context-6.1.6.jar:6.1.6]
	at org.springframework.boot.web.servlet.context.ServletWebServerApplicationContext.refresh(ServletWebServerApplicationContext.java:146) ~[spring-boot-3.2.5.jar:3.2.5]
	at org.springframework.boot.SpringApplication.refresh(SpringApplication.java:754) ~[spring-boot-3.2.5.jar:3.2.5]
	at org.springframework.boot.SpringApplication.refreshContext(SpringApplication.java:456) ~[spring-boot-3.2.5.jar:3.2.5]
	at org.springframework.boot.SpringApplication.run(SpringApplication.java:334) ~[spring-boot-3.2.5.jar:3.2.5]
	at org.springframework.boot.SpringApplication.run(SpringApplication.java:1354) ~[spring-boot-3.2.5.jar:3.2.5]
	at org.springframework.boot.SpringApplication.run(SpringApplication.java:1343) ~[spring-boot-3.2.5.jar:3.2.5]
	at com.Smart.Interview.Prep.Platform.SmartInterviewPrepPlatformApplication.main(SmartInterviewPrepPlatformApplication.java:13) ~[classes/:na]
	at java.base/jdk.internal.reflect.DirectMethodHandleAccessor.invoke(DirectMethodHandleAccessor.java:103) ~[na:na]
	at java.base/java.lang.reflect.Method.invoke(Method.java:580) ~[na:na]
	at org.springframework.boot.devtools.restart.RestartLauncher.run(RestartLauncher.java:50) ~[spring-boot-devtools-3.2.5.jar:3.2.5]
Caused by: java.lang.ClassNotFoundException: com.Smart.Interview.Prep.Platform.entity.Question
	at java.base/jdk.internal.loader.BuiltinClassLoader.loadClass(BuiltinClassLoader.java:641) ~[na:na]
	at java.base/jdk.internal.loader.ClassLoaders$AppClassLoader.loadClass(ClassLoaders.java:188) ~[na:na]
	at java.base/java.lang.ClassLoader.loadClass(ClassLoader.java:526) ~[na:na]
	at java.base/java.lang.Class.forName0(Native Method) ~[na:na]
	at java.base/java.lang.Class.forName(Class.java:536) ~[na:na]
	at java.base/java.lang.Class.forName(Class.java:515) ~[na:na]
	at org.springframework.boot.devtools.restart.classloader.RestartClassLoader.loadClass(RestartClassLoader.java:121) ~[spring-boot-devtools-3.2.5.jar:3.2.5]
	at java.base/java.lang.ClassLoader.loadClass(ClassLoader.java:526) ~[na:na]
	at java.base/java.lang.Class.forName0(Native Method) ~[na:na]
	at java.base/java.lang.Class.forName(Class.java:536) ~[na:na]
	at java.base/java.lang.Class.forName(Class.java:515) ~[na:na]
	at java.base/sun.reflect.generics.factory.CoreReflectionFactory.makeNamedType(CoreReflectionFactory.java:114) ~[na:na]
	... 39 common frames omitted

2026-05-06T15:27:10.126+05:30  INFO 9416 --- [Smart-Interview-Prep-Platform] [restartedMain] .P.SmartInterviewPrepPlatformApplication : Starting SmartInterviewPrepPlatformApplication using Java 21.0.10 with PID 9416 (C:\Users\Dell\Desktop\Smart Interview Prep Platform (3)\Smart Interview Prep Platform\Smart-Interview-Prep-Platform\target\classes started by Dell in C:\Users\Dell\Desktop\Smart Interview Prep Platform (3)\Smart Interview Prep Platform\Smart-Interview-Prep-Platform)
2026-05-06T15:27:10.128+05:30 DEBUG 9416 --- [Smart-Interview-Prep-Platform] [restartedMain] .P.SmartInterviewPrepPlatformApplication : Running with Spring Boot v3.2.5, Spring v6.1.6
2026-05-06T15:27:10.129+05:30  INFO 9416 --- [Smart-Interview-Prep-Platform] [restartedMain] .P.SmartInterviewPrepPlatformApplication : No active profile set, falling back to 1 default profile: "default"
2026-05-06T15:27:10.199+05:30  INFO 9416 --- [Smart-Interview-Prep-Platform] [restartedMain] .e.DevToolsPropertyDefaultsPostProcessor : Devtools property defaults active! Set 'spring.devtools.add-properties' to 'false' to disable
2026-05-06T15:27:10.199+05:30  INFO 9416 --- [Smart-Interview-Prep-Platform] [restartedMain] .e.DevToolsPropertyDefaultsPostProcessor : For additional web related logging consider setting the 'logging.level.web' property to 'DEBUG'
2026-05-06T15:27:12.006+05:30  INFO 9416 --- [Smart-Interview-Prep-Platform] [restartedMain] .s.d.r.c.RepositoryConfigurationDelegate : Bootstrapping Spring Data JPA repositories in DEFAULT mode.
2026-05-06T15:27:12.216+05:30  INFO 9416 --- [Smart-Interview-Prep-Platform] [restartedMain] .s.d.r.c.RepositoryConfigurationDelegate : Finished Spring Data repository scanning in 184 ms. Found 4 JPA repository interfaces.
2026-05-06T15:27:13.748+05:30  INFO 9416 --- [Smart-Interview-Prep-Platform] [restartedMain] o.s.b.w.embedded.tomcat.TomcatWebServer  : Tomcat initialized with port 8080 (http)
2026-05-06T15:27:13.778+05:30  INFO 9416 --- [Smart-Interview-Prep-Platform] [restartedMain] o.apache.catalina.core.StandardService   : Starting service [Tomcat]
2026-05-06T15:27:13.779+05:30  INFO 9416 --- [Smart-Interview-Prep-Platform] [restartedMain] o.apache.catalina.core.StandardEngine    : Starting Servlet engine: [Apache Tomcat/10.1.20]
2026-05-06T15:27:13.920+05:30  INFO 9416 --- [Smart-Interview-Prep-Platform] [restartedMain] o.a.c.c.C.[Tomcat].[localhost].[/]       : Initializing Spring embedded WebApplicationContext
2026-05-06T15:27:13.921+05:30  INFO 9416 --- [Smart-Interview-Prep-Platform] [restartedMain] w.s.c.ServletWebServerApplicationContext : Root WebApplicationContext: initialization completed in 3719 ms
2026-05-06T15:27:14.025+05:30  INFO 9416 --- [Smart-Interview-Prep-Platform] [restartedMain] com.zaxxer.hikari.HikariDataSource       : HikariPool-1 - Starting...
2026-05-06T15:27:14.931+05:30  INFO 9416 --- [Smart-Interview-Prep-Platform] [restartedMain] com.zaxxer.hikari.pool.HikariPool        : HikariPool-1 - Added connection com.mysql.cj.jdbc.ConnectionImpl@1a3e7eb5
2026-05-06T15:27:14.939+05:30  INFO 9416 --- [Smart-Interview-Prep-Platform] [restartedMain] com.zaxxer.hikari.HikariDataSource       : HikariPool-1 - Start completed.
2026-05-06T15:27:14.958+05:30  INFO 9416 --- [Smart-Interview-Prep-Platform] [restartedMain] o.s.b.a.h2.H2ConsoleAutoConfiguration    : H2 console available at '/h2-console'. Database available at 'jdbc:mysql://localhost:3306/interview_prep'
2026-05-06T15:27:15.116+05:30 DEBUG 9416 --- [Smart-Interview-Prep-Platform] [restartedMain] c.S.I.P.Platform.security.JwtAuthFilter  : Filter 'jwtAuthFilter' configured for use
2026-05-06T15:27:15.325+05:30  INFO 9416 --- [Smart-Interview-Prep-Platform] [restartedMain] o.hibernate.jpa.internal.util.LogHelper  : HHH000204: Processing PersistenceUnitInfo [name: default]
2026-05-06T15:27:15.459+05:30  INFO 9416 --- [Smart-Interview-Prep-Platform] [restartedMain] org.hibernate.Version                    : HHH000412: Hibernate ORM core version 6.4.4.Final
2026-05-06T15:27:15.551+05:30  INFO 9416 --- [Smart-Interview-Prep-Platform] [restartedMain] o.h.c.internal.RegionFactoryInitiator    : HHH000026: Second-level cache disabled
2026-05-06T15:27:16.259+05:30  INFO 9416 --- [Smart-Interview-Prep-Platform] [restartedMain] o.s.o.j.p.SpringPersistenceUnitInfo      : No LoadTimeWeaver setup: ignoring JPA class transformer
2026-05-06T15:27:19.329+05:30  INFO 9416 --- [Smart-Interview-Prep-Platform] [restartedMain] o.h.e.t.j.p.i.JtaPlatformInitiator       : HHH000489: No JTA platform available (set 'hibernate.transaction.jta.platform' to enable JTA platform integration)
2026-05-06T15:27:19.517+05:30  INFO 9416 --- [Smart-Interview-Prep-Platform] [restartedMain] j.LocalContainerEntityManagerFactoryBean : Initialized JPA EntityManagerFactory for persistence unit 'default'
2026-05-06T15:27:20.249+05:30  INFO 9416 --- [Smart-Interview-Prep-Platform] [restartedMain] o.s.d.j.r.query.QueryEnhancerFactory     : Hibernate is in classpath; If applicable, HQL parser will be used.
2026-05-06T15:27:20.487+05:30  WARN 9416 --- [Smart-Interview-Prep-Platform] [restartedMain] JpaBaseConfiguration$JpaWebConfiguration : spring.jpa.open-in-view is enabled by default. Therefore, database queries may be performed during view rendering. Explicitly configure spring.jpa.open-in-view to disable this warning
2026-05-06T15:27:20.578+05:30 DEBUG 9416 --- [Smart-Interview-Prep-Platform] [restartedMain] swordEncoderAuthenticationManagerBuilder : No authenticationProviders and no parentAuthenticationManager defined. Returning null.
2026-05-06T15:27:21.305+05:30  INFO 9416 --- [Smart-Interview-Prep-Platform] [restartedMain] o.s.s.web.DefaultSecurityFilterChain     : Will secure any request with [org.springframework.security.web.session.DisableEncodeUrlFilter@50ea085b, org.springframework.security.web.context.request.async.WebAsyncManagerIntegrationFilter@7e541414, org.springframework.security.web.context.SecurityContextHolderFilter@c2a1216, org.springframework.security.web.header.HeaderWriterFilter@5e952e16, org.springframework.web.filter.CorsFilter@6f9bd8cf, org.springframework.security.web.authentication.logout.LogoutFilter@3250346d, com.Smart.Interview.Prep.Platform.security.JwtAuthFilter@1c6f93b4, org.springframework.security.web.savedrequest.RequestCacheAwareFilter@38274f4a, org.springframework.security.web.servletapi.SecurityContextHolderAwareRequestFilter@6a9996a4, org.springframework.security.web.authentication.AnonymousAuthenticationFilter@7c26b9f0, org.springframework.security.web.session.SessionManagementFilter@33997691, org.springframework.security.web.access.ExceptionTranslationFilter@3d7bbf93, org.springframework.security.web.access.intercept.AuthorizationFilter@1b26b6c4]
2026-05-06T15:27:21.968+05:30  INFO 9416 --- [Smart-Interview-Prep-Platform] [restartedMain] o.s.b.d.a.OptionalLiveReloadServer       : LiveReload server is running on port 35729
2026-05-06T15:27:22.078+05:30  INFO 9416 --- [Smart-Interview-Prep-Platform] [restartedMain] o.s.b.w.embedded.tomcat.TomcatWebServer  : Tomcat started on port 8080 (http) with context path ''
2026-05-06T15:27:22.102+05:30  INFO 9416 --- [Smart-Interview-Prep-Platform] [restartedMain] .P.SmartInterviewPrepPlatformApplication : Started SmartInterviewPrepPlatformApplication in 12.596 seconds (process running for 13.554)
2026-05-06T15:27:34.836+05:30  INFO 9416 --- [Smart-Interview-Prep-Platform] [http-nio-8080-exec-2] o.a.c.c.C.[Tomcat].[localhost].[/]       : Initializing Spring DispatcherServlet 'dispatcherServlet'
2026-05-06T15:27:34.836+05:30  INFO 9416 --- [Smart-Interview-Prep-Platform] [http-nio-8080-exec-2] o.s.web.servlet.DispatcherServlet        : Initializing Servlet 'dispatcherServlet'
2026-05-06T15:27:34.838+05:30  INFO 9416 --- [Smart-Interview-Prep-Platform] [http-nio-8080-exec-2] o.s.web.servlet.DispatcherServlet        : Completed initialization in 2 ms
2026-05-06T15:27:34.875+05:30 DEBUG 9416 --- [Smart-Interview-Prep-Platform] [http-nio-8080-exec-2] o.s.security.web.FilterChainProxy        : Securing POST /api/auth/login
2026-05-06T15:27:34.886+05:30  INFO 9416 --- [Smart-Interview-Prep-Platform] [http-nio-8080-exec-2] c.S.I.P.Platform.security.JwtAuthFilter  : JWT Filter null
2026-05-06T15:27:34.891+05:30 DEBUG 9416 --- [Smart-Interview-Prep-Platform] [http-nio-8080-exec-2] o.s.s.w.a.AnonymousAuthenticationFilter  : Set SecurityContextHolder to anonymous SecurityContext
2026-05-06T15:27:34.894+05:30 DEBUG 9416 --- [Smart-Interview-Prep-Platform] [http-nio-8080-exec-2] o.s.security.web.FilterChainProxy        : Secured POST /api/auth/login
2026-05-06T15:27:35.075+05:30  INFO 9416 --- [Smart-Interview-Prep-Platform] [http-nio-8080-exec-2] c.S.I.Prep.Platform.service.AuthService  : Login attempt for email: sam@gmail.com
2026-05-06T15:28:26.494+05:30 DEBUG 9416 --- [Smart-Interview-Prep-Platform] [http-nio-8080-exec-3] o.s.security.web.FilterChainProxy        : Securing POST /api/user/quiz/submit
2026-05-06T15:28:26.496+05:30  INFO 9416 --- [Smart-Interview-Prep-Platform] [http-nio-8080-exec-3] c.S.I.P.Platform.security.JwtAuthFilter  : JWT Filter Bearer eyJhbGciOiJIUzI1NiJ9.eyJzdWIiOiJzYW1AZ21haWwuY29tIiwicm9sZSI6IkFETUlOIiwiaWF0IjoxNzc4MDYxNDU1LCJleHAiOjE3NzgxNDc4NTV9.FllFk4jRsf5lmPsygRHsXCSOlXlyB5iTDI38RZfUYRQ
2026-05-06T15:28:26.496+05:30  INFO 9416 --- [Smart-Interview-Prep-Platform] [http-nio-8080-exec-3] c.S.I.P.Platform.security.JwtAuthFilter  : Token eyJhbGciOiJIUzI1NiJ9.eyJzdWIiOiJzYW1AZ21haWwuY29tIiwicm9sZSI6IkFETUlOIiwiaWF0IjoxNzc4MDYxNDU1LCJleHAiOjE3NzgxNDc4NTV9.FllFk4jRsf5lmPsygRHsXCSOlXlyB5iTDI38RZfUYRQ
2026-05-06T15:28:26.581+05:30  INFO 9416 --- [Smart-Interview-Prep-Platform] [http-nio-8080-exec-3] c.S.I.P.Platform.security.JwtAuthFilter  : Token Filter email sam@gmail.com
2026-05-06T15:28:26.585+05:30  INFO 9416 --- [Smart-Interview-Prep-Platform] [http-nio-8080-exec-3] c.S.I.P.Platform.security.JwtAuthFilter  : Token Filter auth UsernamePasswordAuthenticationToken [Principal=sam@gmail.com, Credentials=[PROTECTED], Authenticated=true, Details=null, Granted Authorities=[ROLE_ADMIN]]
2026-05-06T15:28:26.586+05:30 DEBUG 9416 --- [Smart-Interview-Prep-Platform] [http-nio-8080-exec-3] o.s.security.web.FilterChainProxy        : Secured POST /api/user/quiz/submit
2026-05-06T15:28:26.605+05:30 ERROR 9416 --- [Smart-Interview-Prep-Platform] [http-nio-8080-exec-3] o.a.c.c.C.[.[.[/].[dispatcherServlet]    : Servlet.service() for servlet [dispatcherServlet] in context with path [] threw exception [Request processing failed: org.springframework.http.converter.HttpMessageConversionException: Type definition error: [simple type, class com.Smart.Interview.Prep.Platform.dto.Quiz.QuizSubmitRequest$QuizSubmitRequest]] with root cause

com.fasterxml.jackson.databind.exc.InvalidDefinitionException: Cannot construct instance of `com.Smart.Interview.Prep.Platform.dto.Quiz.QuizSubmitRequest$QuizSubmitRequest`: non-static inner classes like this can only by instantiated using default, no-argument constructor
 at [Source: (org.springframework.util.StreamUtils$NonClosingInputStream); line: 2, column: 5]
	at com.fasterxml.jackson.databind.exc.InvalidDefinitionException.from(InvalidDefinitionException.java:67) ~[jackson-databind-2.15.4.jar:2.15.4]
	at com.fasterxml.jackson.databind.DeserializationContext.reportBadDefinition(DeserializationContext.java:1915) ~[jackson-databind-2.15.4.jar:2.15.4]
	at com.fasterxml.jackson.databind.DatabindContext.reportBadDefinition(DatabindContext.java:414) ~[jackson-databind-2.15.4.jar:2.15.4]
	at com.fasterxml.jackson.databind.DeserializationContext.handleMissingInstantiator(DeserializationContext.java:1355) ~[jackson-databind-2.15.4.jar:2.15.4]
	at com.fasterxml.jackson.databind.deser.BeanDeserializerBase.deserializeFromObjectUsingNonDefault(BeanDeserializerBase.java:1426) ~[jackson-databind-2.15.4.jar:2.15.4]
	at com.fasterxml.jackson.databind.deser.BeanDeserializer.deserializeFromObject(BeanDeserializer.java:352) ~[jackson-databind-2.15.4.jar:2.15.4]
	at com.fasterxml.jackson.databind.deser.BeanDeserializer.deserialize(BeanDeserializer.java:185) ~[jackson-databind-2.15.4.jar:2.15.4]
	at com.fasterxml.jackson.databind.deser.DefaultDeserializationContext.readRootValue(DefaultDeserializationContext.java:323) ~[jackson-databind-2.15.4.jar:2.15.4]
	at com.fasterxml.jackson.databind.ObjectReader._bindAndClose(ObjectReader.java:2105) ~[jackson-databind-2.15.4.jar:2.15.4]
	at com.fasterxml.jackson.databind.ObjectReader.readValue(ObjectReader.java:1481) ~[jackson-databind-2.15.4.jar:2.15.4]
	at org.springframework.http.converter.json.AbstractJackson2HttpMessageConverter.readJavaType(AbstractJackson2HttpMessageConverter.java:395) ~[spring-web-6.1.6.jar:6.1.6]
	at org.springframework.http.converter.json.AbstractJackson2HttpMessageConverter.read(AbstractJackson2HttpMessageConverter.java:354) ~[spring-web-6.1.6.jar:6.1.6]
	at org.springframework.web.servlet.mvc.method.annotation.AbstractMessageConverterMethodArgumentResolver.readWithMessageConverters(AbstractMessageConverterMethodArgumentResolver.java:184) ~[spring-webmvc-6.1.6.jar:6.1.6]
	at org.springframework.web.servlet.mvc.method.annotation.RequestResponseBodyMethodProcessor.readWithMessageConverters(RequestResponseBodyMethodProcessor.java:161) ~[spring-webmvc-6.1.6.jar:6.1.6]
	at org.springframework.web.servlet.mvc.method.annotation.RequestResponseBodyMethodProcessor.resolveArgument(RequestResponseBodyMethodProcessor.java:135) ~[spring-webmvc-6.1.6.jar:6.1.6]
	at org.springframework.web.method.support.HandlerMethodArgumentResolverComposite.resolveArgument(HandlerMethodArgumentResolverComposite.java:122) ~[spring-web-6.1.6.jar:6.1.6]
	at org.springframework.web.method.support.InvocableHandlerMethod.getMethodArgumentValues(InvocableHandlerMethod.java:224) ~[spring-web-6.1.6.jar:6.1.6]
	at org.springframework.web.method.support.InvocableHandlerMethod.invokeForRequest(InvocableHandlerMethod.java:178) ~[spring-web-6.1.6.jar:6.1.6]
	at org.springframework.web.servlet.mvc.method.annotation.ServletInvocableHandlerMethod.invokeAndHandle(ServletInvocableHandlerMethod.java:118) ~[spring-webmvc-6.1.6.jar:6.1.6]
	at org.springframework.web.servlet.mvc.method.annotation.RequestMappingHandlerAdapter.invokeHandlerMethod(RequestMappingHandlerAdapter.java:926) ~[spring-webmvc-6.1.6.jar:6.1.6]
	at org.springframework.web.servlet.mvc.method.annotation.RequestMappingHandlerAdapter.handleInternal(RequestMappingHandlerAdapter.java:831) ~[spring-webmvc-6.1.6.jar:6.1.6]
	at org.springframework.web.servlet.mvc.method.AbstractHandlerMethodAdapter.handle(AbstractHandlerMethodAdapter.java:87) ~[spring-webmvc-6.1.6.jar:6.1.6]
	at org.springframework.web.servlet.DispatcherServlet.doDispatch(DispatcherServlet.java:1089) ~[spring-webmvc-6.1.6.jar:6.1.6]
	at org.springframework.web.servlet.DispatcherServlet.doService(DispatcherServlet.java:979) ~[spring-webmvc-6.1.6.jar:6.1.6]
	at org.springframework.web.servlet.FrameworkServlet.processRequest(FrameworkServlet.java:1014) ~[spring-webmvc-6.1.6.jar:6.1.6]
	at org.springframework.web.servlet.FrameworkServlet.doPost(FrameworkServlet.java:914) ~[spring-webmvc-6.1.6.jar:6.1.6]
	at jakarta.servlet.http.HttpServlet.service(HttpServlet.java:590) ~[tomcat-embed-core-10.1.20.jar:6.0]
	at org.springframework.web.servlet.FrameworkServlet.service(FrameworkServlet.java:885) ~[spring-webmvc-6.1.6.jar:6.1.6]
	at jakarta.servlet.http.HttpServlet.service(HttpServlet.java:658) ~[tomcat-embed-core-10.1.20.jar:6.0]
	at org.apache.catalina.core.ApplicationFilterChain.internalDoFilter(ApplicationFilterChain.java:206) ~[tomcat-embed-core-10.1.20.jar:10.1.20]
	at org.apache.catalina.core.ApplicationFilterChain.doFilter(ApplicationFilterChain.java:150) ~[tomcat-embed-core-10.1.20.jar:10.1.20]
	at org.apache.tomcat.websocket.server.WsFilter.doFilter(WsFilter.java:51) ~[tomcat-embed-websocket-10.1.20.jar:10.1.20]
	at org.apache.catalina.core.ApplicationFilterChain.internalDoFilter(ApplicationFilterChain.java:175) ~[tomcat-embed-core-10.1.20.jar:10.1.20]
	at org.apache.catalina.core.ApplicationFilterChain.doFilter(ApplicationFilterChain.java:150) ~[tomcat-embed-core-10.1.20.jar:10.1.20]
	at org.springframework.web.filter.OncePerRequestFilter.doFilter(OncePerRequestFilter.java:110) ~[spring-web-6.1.6.jar:6.1.6]
	at org.apache.catalina.core.ApplicationFilterChain.internalDoFilter(ApplicationFilterChain.java:175) ~[tomcat-embed-core-10.1.20.jar:10.1.20]
	at org.apache.catalina.core.ApplicationFilterChain.doFilter(ApplicationFilterChain.java:150) ~[tomcat-embed-core-10.1.20.jar:10.1.20]
	at org.springframework.web.filter.CompositeFilter$VirtualFilterChain.doFilter(CompositeFilter.java:108) ~[spring-web-6.1.6.jar:6.1.6]
	at org.springframework.security.web.FilterChainProxy.lambda$doFilterInternal$3(FilterChainProxy.java:231) ~[spring-security-web-6.2.4.jar:6.2.4]
	at org.springframework.security.web.FilterChainProxy$VirtualFilterChain.doFilter(FilterChainProxy.java:365) ~[spring-security-web-6.2.4.jar:6.2.4]
	at org.springframework.security.web.access.intercept.AuthorizationFilter.doFilter(AuthorizationFilter.java:100) ~[spring-security-web-6.2.4.jar:6.2.4]
	at org.springframework.security.web.FilterChainProxy$VirtualFilterChain.doFilter(FilterChainProxy.java:374) ~[spring-security-web-6.2.4.jar:6.2.4]
	at org.springframework.security.web.access.ExceptionTranslationFilter.doFilter(ExceptionTranslationFilter.java:126) ~[spring-security-web-6.2.4.jar:6.2.4]
	at org.springframework.security.web.access.ExceptionTranslationFilter.doFilter(ExceptionTranslationFilter.java:120) ~[spring-security-web-6.2.4.jar:6.2.4]
	at org.springframework.security.web.FilterChainProxy$VirtualFilterChain.doFilter(FilterChainProxy.java:374) ~[spring-security-web-6.2.4.jar:6.2.4]
	at org.springframework.security.web.session.SessionManagementFilter.doFilter(SessionManagementFilter.java:131) ~[spring-security-web-6.2.4.jar:6.2.4]
	at org.springframework.security.web.session.SessionManagementFilter.doFilter(SessionManagementFilter.java:85) ~[spring-security-web-6.2.4.jar:6.2.4]
	at org.springframework.security.web.FilterChainProxy$VirtualFilterChain.doFilter(FilterChainProxy.java:374) ~[spring-security-web-6.2.4.jar:6.2.4]
	at org.springframework.security.web.authentication.AnonymousAuthenticationFilter.doFilter(AnonymousAuthenticationFilter.java:100) ~[spring-security-web-6.2.4.jar:6.2.4]
	at org.springframework.security.web.FilterChainProxy$VirtualFilterChain.doFilter(FilterChainProxy.java:374) ~[spring-security-web-6.2.4.jar:6.2.4]
	at org.springframework.security.web.servletapi.SecurityContextHolderAwareRequestFilter.doFilter(SecurityContextHolderAwareRequestFilter.java:179) ~[spring-security-web-6.2.4.jar:6.2.4]
	at org.springframework.security.web.FilterChainProxy$VirtualFilterChain.doFilter(FilterChainProxy.java:374) ~[spring-security-web-6.2.4.jar:6.2.4]
	at org.springframework.security.web.savedrequest.RequestCacheAwareFilter.doFilter(RequestCacheAwareFilter.java:63) ~[spring-security-web-6.2.4.jar:6.2.4]
	at org.springframework.security.web.FilterChainProxy$VirtualFilterChain.doFilter(FilterChainProxy.java:374) ~[spring-security-web-6.2.4.jar:6.2.4]
	at com.Smart.Interview.Prep.Platform.security.JwtAuthFilter.doFilterInternal(JwtAuthFilter.java:68) ~[classes/:na]
	at org.springframework.web.filter.OncePerRequestFilter.doFilter(OncePerRequestFilter.java:116) ~[spring-web-6.1.6.jar:6.1.6]
	at org.springframework.security.web.FilterChainProxy$VirtualFilterChain.doFilter(FilterChainProxy.java:374) ~[spring-security-web-6.2.4.jar:6.2.4]
	at org.springframework.security.web.authentication.logout.LogoutFilter.doFilter(LogoutFilter.java:107) ~[spring-security-web-6.2.4.jar:6.2.4]
	at org.springframework.security.web.authentication.logout.LogoutFilter.doFilter(LogoutFilter.java:93) ~[spring-security-web-6.2.4.jar:6.2.4]
	at org.springframework.security.web.FilterChainProxy$VirtualFilterChain.doFilter(FilterChainProxy.java:374) ~[spring-security-web-6.2.4.jar:6.2.4]
	at org.springframework.web.filter.CorsFilter.doFilterInternal(CorsFilter.java:91) ~[spring-web-6.1.6.jar:6.1.6]
	at org.springframework.web.filter.OncePerRequestFilter.doFilter(OncePerRequestFilter.java:116) ~[spring-web-6.1.6.jar:6.1.6]
	at org.springframework.security.web.FilterChainProxy$VirtualFilterChain.doFilter(FilterChainProxy.java:374) ~[spring-security-web-6.2.4.jar:6.2.4]
	at org.springframework.security.web.header.HeaderWriterFilter.doHeadersAfter(HeaderWriterFilter.java:90) ~[spring-security-web-6.2.4.jar:6.2.4]
	at org.springframework.security.web.header.HeaderWriterFilter.doFilterInternal(HeaderWriterFilter.java:75) ~[spring-security-web-6.2.4.jar:6.2.4]
	at org.springframework.web.filter.OncePerRequestFilter.doFilter(OncePerRequestFilter.java:116) ~[spring-web-6.1.6.jar:6.1.6]
	at org.springframework.security.web.FilterChainProxy$VirtualFilterChain.doFilter(FilterChainProxy.java:374) ~[spring-security-web-6.2.4.jar:6.2.4]
	at org.springframework.security.web.context.SecurityContextHolderFilter.doFilter(SecurityContextHolderFilter.java:82) ~[spring-security-web-6.2.4.jar:6.2.4]
	at org.springframework.security.web.context.SecurityContextHolderFilter.doFilter(SecurityContextHolderFilter.java:69) ~[spring-security-web-6.2.4.jar:6.2.4]
	at org.springframework.security.web.FilterChainProxy$VirtualFilterChain.doFilter(FilterChainProxy.java:374) ~[spring-security-web-6.2.4.jar:6.2.4]
	at org.springframework.security.web.context.request.async.WebAsyncManagerIntegrationFilter.doFilterInternal(WebAsyncManagerIntegrationFilter.java:62) ~[spring-security-web-6.2.4.jar:6.2.4]
	at org.springframework.web.filter.OncePerRequestFilter.doFilter(OncePerRequestFilter.java:116) ~[spring-web-6.1.6.jar:6.1.6]
	at org.springframework.security.web.FilterChainProxy$VirtualFilterChain.doFilter(FilterChainProxy.java:374) ~[spring-security-web-6.2.4.jar:6.2.4]
	at org.springframework.security.web.session.DisableEncodeUrlFilter.doFilterInternal(DisableEncodeUrlFilter.java:42) ~[spring-security-web-6.2.4.jar:6.2.4]
	at org.springframework.web.filter.OncePerRequestFilter.doFilter(OncePerRequestFilter.java:116) ~[spring-web-6.1.6.jar:6.1.6]
	at org.springframework.security.web.FilterChainProxy$VirtualFilterChain.doFilter(FilterChainProxy.java:374) ~[spring-security-web-6.2.4.jar:6.2.4]
	at org.springframework.security.web.FilterChainProxy.doFilterInternal(FilterChainProxy.java:233) ~[spring-security-web-6.2.4.jar:6.2.4]
	at org.springframework.security.web.FilterChainProxy.doFilter(FilterChainProxy.java:191) ~[spring-security-web-6.2.4.jar:6.2.4]
	at org.springframework.web.filter.CompositeFilter$VirtualFilterChain.doFilter(CompositeFilter.java:113) ~[spring-web-6.1.6.jar:6.1.6]
	at org.springframework.web.servlet.handler.HandlerMappingIntrospector.lambda$createCacheFilter$3(HandlerMappingIntrospector.java:195) ~[spring-webmvc-6.1.6.jar:6.1.6]
	at org.springframework.web.filter.CompositeFilter$VirtualFilterChain.doFilter(CompositeFilter.java:113) ~[spring-web-6.1.6.jar:6.1.6]
	at org.springframework.web.filter.CompositeFilter.doFilter(CompositeFilter.java:74) ~[spring-web-6.1.6.jar:6.1.6]
	at org.springframework.security.config.annotation.web.configuration.WebMvcSecurityConfiguration$CompositeFilterChainProxy.doFilter(WebMvcSecurityConfiguration.java:230) ~[spring-security-config-6.2.4.jar:6.2.4]
	at org.springframework.web.filter.DelegatingFilterProxy.invokeDelegate(DelegatingFilterProxy.java:352) ~[spring-web-6.1.6.jar:6.1.6]
	at org.springframework.web.filter.DelegatingFilterProxy.doFilter(DelegatingFilterProxy.java:268) ~[spring-web-6.1.6.jar:6.1.6]
	at org.apache.catalina.core.ApplicationFilterChain.internalDoFilter(ApplicationFilterChain.java:175) ~[tomcat-embed-core-10.1.20.jar:10.1.20]
	at org.apache.catalina.core.ApplicationFilterChain.doFilter(ApplicationFilterChain.java:150) ~[tomcat-embed-core-10.1.20.jar:10.1.20]
	at org.springframework.web.filter.RequestContextFilter.doFilterInternal(RequestContextFilter.java:100) ~[spring-web-6.1.6.jar:6.1.6]
	at org.springframework.web.filter.OncePerRequestFilter.doFilter(OncePerRequestFilter.java:116) ~[spring-web-6.1.6.jar:6.1.6]
	at org.apache.catalina.core.ApplicationFilterChain.internalDoFilter(ApplicationFilterChain.java:175) ~[tomcat-embed-core-10.1.20.jar:10.1.20]
	at org.apache.catalina.core.ApplicationFilterChain.doFilter(ApplicationFilterChain.java:150) ~[tomcat-embed-core-10.1.20.jar:10.1.20]
	at org.springframework.web.filter.FormContentFilter.doFilterInternal(FormContentFilter.java:93) ~[spring-web-6.1.6.jar:6.1.6]
	at org.springframework.web.filter.OncePerRequestFilter.doFilter(OncePerRequestFilter.java:116) ~[spring-web-6.1.6.jar:6.1.6]
	at org.apache.catalina.core.ApplicationFilterChain.internalDoFilter(ApplicationFilterChain.java:175) ~[tomcat-embed-core-10.1.20.jar:10.1.20]
	at org.apache.catalina.core.ApplicationFilterChain.doFilter(ApplicationFilterChain.java:150) ~[tomcat-embed-core-10.1.20.jar:10.1.20]
	at org.springframework.web.filter.CharacterEncodingFilter.doFilterInternal(CharacterEncodingFilter.java:201) ~[spring-web-6.1.6.jar:6.1.6]
	at org.springframework.web.filter.OncePerRequestFilter.doFilter(OncePerRequestFilter.java:116) ~[spring-web-6.1.6.jar:6.1.6]
	at org.apache.catalina.core.ApplicationFilterChain.internalDoFilter(ApplicationFilterChain.java:175) ~[tomcat-embed-core-10.1.20.jar:10.1.20]
	at org.apache.catalina.core.ApplicationFilterChain.doFilter(ApplicationFilterChain.java:150) ~[tomcat-embed-core-10.1.20.jar:10.1.20]
	at org.apache.catalina.core.StandardWrapperValve.invoke(StandardWrapperValve.java:167) ~[tomcat-embed-core-10.1.20.jar:10.1.20]
	at org.apache.catalina.core.StandardContextValve.invoke(StandardContextValve.java:90) ~[tomcat-embed-core-10.1.20.jar:10.1.20]
	at org.apache.catalina.authenticator.AuthenticatorBase.invoke(AuthenticatorBase.java:482) ~[tomcat-embed-core-10.1.20.jar:10.1.20]
	at org.apache.catalina.core.StandardHostValve.invoke(StandardHostValve.java:115) ~[tomcat-embed-core-10.1.20.jar:10.1.20]
	at org.apache.catalina.valves.ErrorReportValve.invoke(ErrorReportValve.java:93) ~[tomcat-embed-core-10.1.20.jar:10.1.20]
	at org.apache.catalina.core.StandardEngineValve.invoke(StandardEngineValve.java:74) ~[tomcat-embed-core-10.1.20.jar:10.1.20]
	at org.apache.catalina.connector.CoyoteAdapter.service(CoyoteAdapter.java:344) ~[tomcat-embed-core-10.1.20.jar:10.1.20]
	at org.apache.coyote.http11.Http11Processor.service(Http11Processor.java:391) ~[tomcat-embed-core-10.1.20.jar:10.1.20]
	at org.apache.coyote.AbstractProcessorLight.process(AbstractProcessorLight.java:63) ~[tomcat-embed-core-10.1.20.jar:10.1.20]
	at org.apache.coyote.AbstractProtocol$ConnectionHandler.process(AbstractProtocol.java:896) ~[tomcat-embed-core-10.1.20.jar:10.1.20]
	at org.apache.tomcat.util.net.NioEndpoint$SocketProcessor.doRun(NioEndpoint.java:1736) ~[tomcat-embed-core-10.1.20.jar:10.1.20]
	at org.apache.tomcat.util.net.SocketProcessorBase.run(SocketProcessorBase.java:52) ~[tomcat-embed-core-10.1.20.jar:10.1.20]
	at org.apache.tomcat.util.threads.ThreadPoolExecutor.runWorker(ThreadPoolExecutor.java:1191) ~[tomcat-embed-core-10.1.20.jar:10.1.20]
	at org.apache.tomcat.util.threads.ThreadPoolExecutor$Worker.run(ThreadPoolExecutor.java:659) ~[tomcat-embed-core-10.1.20.jar:10.1.20]
	at org.apache.tomcat.util.threads.TaskThread$WrappingRunnable.run(TaskThread.java:63) ~[tomcat-embed-core-10.1.20.jar:10.1.20]
	at java.base/java.lang.Thread.run(Thread.java:1583) ~[na:na]

2026-05-06T15:28:26.639+05:30 DEBUG 9416 --- [Smart-Interview-Prep-Platform] [http-nio-8080-exec-3] o.s.security.web.FilterChainProxy        : Securing POST /error
2026-05-06T15:28:26.640+05:30 DEBUG 9416 --- [Smart-Interview-Prep-Platform] [http-nio-8080-exec-3] o.s.s.w.a.AnonymousAuthenticationFilter  : Set SecurityContextHolder to anonymous SecurityContext
2026-05-06T15:28:26.642+05:30 DEBUG 9416 --- [Smart-Interview-Prep-Platform] [http-nio-8080-exec-3] o.s.s.w.a.Http403ForbiddenEntryPoint     : Pre-authenticated entry point called. Rejecting access
2026-05-06T15:29:22.028+05:30 DEBUG 9416 --- [Smart-Interview-Prep-Platform] [http-nio-8080-exec-4] o.s.security.web.FilterChainProxy        : Securing POST /api/user/quiz/start
2026-05-06T15:29:22.028+05:30  INFO 9416 --- [Smart-Interview-Prep-Platform] [http-nio-8080-exec-4] c.S.I.P.Platform.security.JwtAuthFilter  : JWT Filter Bearer eyJhbGciOiJIUzI1NiJ9.eyJzdWIiOiJzYW1AZ21haWwuY29tIiwicm9sZSI6IkFETUlOIiwiaWF0IjoxNzc4MDYxNDU1LCJleHAiOjE3NzgxNDc4NTV9.FllFk4jRsf5lmPsygRHsXCSOlXlyB5iTDI38RZfUYRQ
2026-05-06T15:29:22.029+05:30  INFO 9416 --- [Smart-Interview-Prep-Platform] [http-nio-8080-exec-4] c.S.I.P.Platform.security.JwtAuthFilter  : Token eyJhbGciOiJIUzI1NiJ9.eyJzdWIiOiJzYW1AZ21haWwuY29tIiwicm9sZSI6IkFETUlOIiwiaWF0IjoxNzc4MDYxNDU1LCJleHAiOjE3NzgxNDc4NTV9.FllFk4jRsf5lmPsygRHsXCSOlXlyB5iTDI38RZfUYRQ
2026-05-06T15:29:22.034+05:30  INFO 9416 --- [Smart-Interview-Prep-Platform] [http-nio-8080-exec-4] c.S.I.P.Platform.security.JwtAuthFilter  : Token Filter email sam@gmail.com
2026-05-06T15:29:22.035+05:30  INFO 9416 --- [Smart-Interview-Prep-Platform] [http-nio-8080-exec-4] c.S.I.P.Platform.security.JwtAuthFilter  : Token Filter auth UsernamePasswordAuthenticationToken [Principal=sam@gmail.com, Credentials=[PROTECTED], Authenticated=true, Details=null, Granted Authorities=[ROLE_ADMIN]]
2026-05-06T15:29:22.036+05:30 DEBUG 9416 --- [Smart-Interview-Prep-Platform] [http-nio-8080-exec-4] o.s.security.web.FilterChainProxy        : Secured POST /api/user/quiz/start
2026-05-06T15:29:22.166+05:30  INFO 9416 --- [Smart-Interview-Prep-Platform] [http-nio-8080-exec-4] c.S.I.Prep.Platform.service.QuizService  : Questions [Question(id=1, questions=Two Sum, description=Find two numbers that add up to target, Answer=java, topic=DSA, difficulty=Easy, createdBy=sam@gmail.com, optionA=null, optionB=null, optionC=null, optionD=null), Question(id=2, questions=Two Sum, description=Find two numbers that add up to target, Answer=null, topic=DSA, difficulty=Easy, createdBy=sam@gmail.com, optionA=null, optionB=null, optionC=null, optionD=null)]
2026-05-06T15:29:50.992+05:30 DEBUG 9416 --- [Smart-Interview-Prep-Platform] [http-nio-8080-exec-5] o.s.security.web.FilterChainProxy        : Securing POST /api/user/quiz/submit
2026-05-06T15:29:50.993+05:30  INFO 9416 --- [Smart-Interview-Prep-Platform] [http-nio-8080-exec-5] c.S.I.P.Platform.security.JwtAuthFilter  : JWT Filter Bearer eyJhbGciOiJIUzI1NiJ9.eyJzdWIiOiJzYW1AZ21haWwuY29tIiwicm9sZSI6IkFETUlOIiwiaWF0IjoxNzc4MDYxNDU1LCJleHAiOjE3NzgxNDc4NTV9.FllFk4jRsf5lmPsygRHsXCSOlXlyB5iTDI38RZfUYRQ
2026-05-06T15:29:50.994+05:30  INFO 9416 --- [Smart-Interview-Prep-Platform] [http-nio-8080-exec-5] c.S.I.P.Platform.security.JwtAuthFilter  : Token eyJhbGciOiJIUzI1NiJ9.eyJzdWIiOiJzYW1AZ21haWwuY29tIiwicm9sZSI6IkFETUlOIiwiaWF0IjoxNzc4MDYxNDU1LCJleHAiOjE3NzgxNDc4NTV9.FllFk4jRsf5lmPsygRHsXCSOlXlyB5iTDI38RZfUYRQ
2026-05-06T15:29:51.005+05:30  INFO 9416 --- [Smart-Interview-Prep-Platform] [http-nio-8080-exec-5] c.S.I.P.Platform.security.JwtAuthFilter  : Token Filter email sam@gmail.com
2026-05-06T15:29:51.006+05:30  INFO 9416 --- [Smart-Interview-Prep-Platform] [http-nio-8080-exec-5] c.S.I.P.Platform.security.JwtAuthFilter  : Token Filter auth UsernamePasswordAuthenticationToken [Principal=sam@gmail.com, Credentials=[PROTECTED], Authenticated=true, Details=null, Granted Authorities=[ROLE_ADMIN]]
2026-05-06T15:29:51.007+05:30 DEBUG 9416 --- [Smart-Interview-Prep-Platform] [http-nio-8080-exec-5] o.s.security.web.FilterChainProxy        : Secured POST /api/user/quiz/submit
2026-05-06T15:29:51.013+05:30 ERROR 9416 --- [Smart-Interview-Prep-Platform] [http-nio-8080-exec-5] o.a.c.c.C.[.[.[/].[dispatcherServlet]    : Servlet.service() for servlet [dispatcherServlet] in context with path [] threw exception [Request processing failed: org.springframework.http.converter.HttpMessageConversionException: Type definition error: [simple type, class com.Smart.Interview.Prep.Platform.dto.Quiz.QuizSubmitRequest$QuizSubmitRequest]] with root cause

com.fasterxml.jackson.databind.exc.InvalidDefinitionException: Cannot construct instance of `com.Smart.Interview.Prep.Platform.dto.Quiz.QuizSubmitRequest$QuizSubmitRequest`: non-static inner classes like this can only by instantiated using default, no-argument constructor
 at [Source: (org.springframework.util.StreamUtils$NonClosingInputStream); line: 2, column: 5]
	at com.fasterxml.jackson.databind.exc.InvalidDefinitionException.from(InvalidDefinitionException.java:67) ~[jackson-databind-2.15.4.jar:2.15.4]
	at com.fasterxml.jackson.databind.DeserializationContext.reportBadDefinition(DeserializationContext.java:1915) ~[jackson-databind-2.15.4.jar:2.15.4]
	at com.fasterxml.jackson.databind.DatabindContext.reportBadDefinition(DatabindContext.java:414) ~[jackson-databind-2.15.4.jar:2.15.4]
	at com.fasterxml.jackson.databind.DeserializationContext.handleMissingInstantiator(DeserializationContext.java:1355) ~[jackson-databind-2.15.4.jar:2.15.4]
	at com.fasterxml.jackson.databind.deser.BeanDeserializerBase.deserializeFromObjectUsingNonDefault(BeanDeserializerBase.java:1426) ~[jackson-databind-2.15.4.jar:2.15.4]
	at com.fasterxml.jackson.databind.deser.BeanDeserializer.deserializeFromObject(BeanDeserializer.java:352) ~[jackson-databind-2.15.4.jar:2.15.4]
	at com.fasterxml.jackson.databind.deser.BeanDeserializer.deserialize(BeanDeserializer.java:185) ~[jackson-databind-2.15.4.jar:2.15.4]
	at com.fasterxml.jackson.databind.deser.DefaultDeserializationContext.readRootValue(DefaultDeserializationContext.java:323) ~[jackson-databind-2.15.4.jar:2.15.4]
	at com.fasterxml.jackson.databind.ObjectReader._bindAndClose(ObjectReader.java:2105) ~[jackson-databind-2.15.4.jar:2.15.4]
	at com.fasterxml.jackson.databind.ObjectReader.readValue(ObjectReader.java:1481) ~[jackson-databind-2.15.4.jar:2.15.4]
	at org.springframework.http.converter.json.AbstractJackson2HttpMessageConverter.readJavaType(AbstractJackson2HttpMessageConverter.java:395) ~[spring-web-6.1.6.jar:6.1.6]
	at org.springframework.http.converter.json.AbstractJackson2HttpMessageConverter.read(AbstractJackson2HttpMessageConverter.java:354) ~[spring-web-6.1.6.jar:6.1.6]
	at org.springframework.web.servlet.mvc.method.annotation.AbstractMessageConverterMethodArgumentResolver.readWithMessageConverters(AbstractMessageConverterMethodArgumentResolver.java:184) ~[spring-webmvc-6.1.6.jar:6.1.6]
	at org.springframework.web.servlet.mvc.method.annotation.RequestResponseBodyMethodProcessor.readWithMessageConverters(RequestResponseBodyMethodProcessor.java:161) ~[spring-webmvc-6.1.6.jar:6.1.6]
	at org.springframework.web.servlet.mvc.method.annotation.RequestResponseBodyMethodProcessor.resolveArgument(RequestResponseBodyMethodProcessor.java:135) ~[spring-webmvc-6.1.6.jar:6.1.6]
	at org.springframework.web.method.support.HandlerMethodArgumentResolverComposite.resolveArgument(HandlerMethodArgumentResolverComposite.java:122) ~[spring-web-6.1.6.jar:6.1.6]
	at org.springframework.web.method.support.InvocableHandlerMethod.getMethodArgumentValues(InvocableHandlerMethod.java:224) ~[spring-web-6.1.6.jar:6.1.6]
	at org.springframework.web.method.support.InvocableHandlerMethod.invokeForRequest(InvocableHandlerMethod.java:178) ~[spring-web-6.1.6.jar:6.1.6]
	at org.springframework.web.servlet.mvc.method.annotation.ServletInvocableHandlerMethod.invokeAndHandle(ServletInvocableHandlerMethod.java:118) ~[spring-webmvc-6.1.6.jar:6.1.6]
	at org.springframework.web.servlet.mvc.method.annotation.RequestMappingHandlerAdapter.invokeHandlerMethod(RequestMappingHandlerAdapter.java:926) ~[spring-webmvc-6.1.6.jar:6.1.6]
	at org.springframework.web.servlet.mvc.method.annotation.RequestMappingHandlerAdapter.handleInternal(RequestMappingHandlerAdapter.java:831) ~[spring-webmvc-6.1.6.jar:6.1.6]
	at org.springframework.web.servlet.mvc.method.AbstractHandlerMethodAdapter.handle(AbstractHandlerMethodAdapter.java:87) ~[spring-webmvc-6.1.6.jar:6.1.6]
	at org.springframework.web.servlet.DispatcherServlet.doDispatch(DispatcherServlet.java:1089) ~[spring-webmvc-6.1.6.jar:6.1.6]
	at org.springframework.web.servlet.DispatcherServlet.doService(DispatcherServlet.java:979) ~[spring-webmvc-6.1.6.jar:6.1.6]
	at org.springframework.web.servlet.FrameworkServlet.processRequest(FrameworkServlet.java:1014) ~[spring-webmvc-6.1.6.jar:6.1.6]
	at org.springframework.web.servlet.FrameworkServlet.doPost(FrameworkServlet.java:914) ~[spring-webmvc-6.1.6.jar:6.1.6]
	at jakarta.servlet.http.HttpServlet.service(HttpServlet.java:590) ~[tomcat-embed-core-10.1.20.jar:6.0]
	at org.springframework.web.servlet.FrameworkServlet.service(FrameworkServlet.java:885) ~[spring-webmvc-6.1.6.jar:6.1.6]
	at jakarta.servlet.http.HttpServlet.service(HttpServlet.java:658) ~[tomcat-embed-core-10.1.20.jar:6.0]
	at org.apache.catalina.core.ApplicationFilterChain.internalDoFilter(ApplicationFilterChain.java:206) ~[tomcat-embed-core-10.1.20.jar:10.1.20]
	at org.apache.catalina.core.ApplicationFilterChain.doFilter(ApplicationFilterChain.java:150) ~[tomcat-embed-core-10.1.20.jar:10.1.20]
	at org.apache.tomcat.websocket.server.WsFilter.doFilter(WsFilter.java:51) ~[tomcat-embed-websocket-10.1.20.jar:10.1.20]
	at org.apache.catalina.core.ApplicationFilterChain.internalDoFilter(ApplicationFilterChain.java:175) ~[tomcat-embed-core-10.1.20.jar:10.1.20]
	at org.apache.catalina.core.ApplicationFilterChain.doFilter(ApplicationFilterChain.java:150) ~[tomcat-embed-core-10.1.20.jar:10.1.20]
	at org.springframework.web.filter.OncePerRequestFilter.doFilter(OncePerRequestFilter.java:110) ~[spring-web-6.1.6.jar:6.1.6]
	at org.apache.catalina.core.ApplicationFilterChain.internalDoFilter(ApplicationFilterChain.java:175) ~[tomcat-embed-core-10.1.20.jar:10.1.20]
	at org.apache.catalina.core.ApplicationFilterChain.doFilter(ApplicationFilterChain.java:150) ~[tomcat-embed-core-10.1.20.jar:10.1.20]
	at org.springframework.web.filter.CompositeFilter$VirtualFilterChain.doFilter(CompositeFilter.java:108) ~[spring-web-6.1.6.jar:6.1.6]
	at org.springframework.security.web.FilterChainProxy.lambda$doFilterInternal$3(FilterChainProxy.java:231) ~[spring-security-web-6.2.4.jar:6.2.4]
	at org.springframework.security.web.FilterChainProxy$VirtualFilterChain.doFilter(FilterChainProxy.java:365) ~[spring-security-web-6.2.4.jar:6.2.4]
	at org.springframework.security.web.access.intercept.AuthorizationFilter.doFilter(AuthorizationFilter.java:100) ~[spring-security-web-6.2.4.jar:6.2.4]
	at org.springframework.security.web.FilterChainProxy$VirtualFilterChain.doFilter(FilterChainProxy.java:374) ~[spring-security-web-6.2.4.jar:6.2.4]
	at org.springframework.security.web.access.ExceptionTranslationFilter.doFilter(ExceptionTranslationFilter.java:126) ~[spring-security-web-6.2.4.jar:6.2.4]
	at org.springframework.security.web.access.ExceptionTranslationFilter.doFilter(ExceptionTranslationFilter.java:120) ~[spring-security-web-6.2.4.jar:6.2.4]
	at org.springframework.security.web.FilterChainProxy$VirtualFilterChain.doFilter(FilterChainProxy.java:374) ~[spring-security-web-6.2.4.jar:6.2.4]
	at org.springframework.security.web.session.SessionManagementFilter.doFilter(SessionManagementFilter.java:131) ~[spring-security-web-6.2.4.jar:6.2.4]
	at org.springframework.security.web.session.SessionManagementFilter.doFilter(SessionManagementFilter.java:85) ~[spring-security-web-6.2.4.jar:6.2.4]
	at org.springframework.security.web.FilterChainProxy$VirtualFilterChain.doFilter(FilterChainProxy.java:374) ~[spring-security-web-6.2.4.jar:6.2.4]
	at org.springframework.security.web.authentication.AnonymousAuthenticationFilter.doFilter(AnonymousAuthenticationFilter.java:100) ~[spring-security-web-6.2.4.jar:6.2.4]
	at org.springframework.security.web.FilterChainProxy$VirtualFilterChain.doFilter(FilterChainProxy.java:374) ~[spring-security-web-6.2.4.jar:6.2.4]
	at org.springframework.security.web.servletapi.SecurityContextHolderAwareRequestFilter.doFilter(SecurityContextHolderAwareRequestFilter.java:179) ~[spring-security-web-6.2.4.jar:6.2.4]
	at org.springframework.security.web.FilterChainProxy$VirtualFilterChain.doFilter(FilterChainProxy.java:374) ~[spring-security-web-6.2.4.jar:6.2.4]
	at org.springframework.security.web.savedrequest.RequestCacheAwareFilter.doFilter(RequestCacheAwareFilter.java:63) ~[spring-security-web-6.2.4.jar:6.2.4]
	at org.springframework.security.web.FilterChainProxy$VirtualFilterChain.doFilter(FilterChainProxy.java:374) ~[spring-security-web-6.2.4.jar:6.2.4]
	at com.Smart.Interview.Prep.Platform.security.JwtAuthFilter.doFilterInternal(JwtAuthFilter.java:68) ~[classes/:na]
	at org.springframework.web.filter.OncePerRequestFilter.doFilter(OncePerRequestFilter.java:116) ~[spring-web-6.1.6.jar:6.1.6]
	at org.springframework.security.web.FilterChainProxy$VirtualFilterChain.doFilter(FilterChainProxy.java:374) ~[spring-security-web-6.2.4.jar:6.2.4]
	at org.springframework.security.web.authentication.logout.LogoutFilter.doFilter(LogoutFilter.java:107) ~[spring-security-web-6.2.4.jar:6.2.4]
	at org.springframework.security.web.authentication.logout.LogoutFilter.doFilter(LogoutFilter.java:93) ~[spring-security-web-6.2.4.jar:6.2.4]
	at org.springframework.security.web.FilterChainProxy$VirtualFilterChain.doFilter(FilterChainProxy.java:374) ~[spring-security-web-6.2.4.jar:6.2.4]
	at org.springframework.web.filter.CorsFilter.doFilterInternal(CorsFilter.java:91) ~[spring-web-6.1.6.jar:6.1.6]
	at org.springframework.web.filter.OncePerRequestFilter.doFilter(OncePerRequestFilter.java:116) ~[spring-web-6.1.6.jar:6.1.6]
	at org.springframework.security.web.FilterChainProxy$VirtualFilterChain.doFilter(FilterChainProxy.java:374) ~[spring-security-web-6.2.4.jar:6.2.4]
	at org.springframework.security.web.header.HeaderWriterFilter.doHeadersAfter(HeaderWriterFilter.java:90) ~[spring-security-web-6.2.4.jar:6.2.4]
	at org.springframework.security.web.header.HeaderWriterFilter.doFilterInternal(HeaderWriterFilter.java:75) ~[spring-security-web-6.2.4.jar:6.2.4]
	at org.springframework.web.filter.OncePerRequestFilter.doFilter(OncePerRequestFilter.java:116) ~[spring-web-6.1.6.jar:6.1.6]
	at org.springframework.security.web.FilterChainProxy$VirtualFilterChain.doFilter(FilterChainProxy.java:374) ~[spring-security-web-6.2.4.jar:6.2.4]
	at org.springframework.security.web.context.SecurityContextHolderFilter.doFilter(SecurityContextHolderFilter.java:82) ~[spring-security-web-6.2.4.jar:6.2.4]
	at org.springframework.security.web.context.SecurityContextHolderFilter.doFilter(SecurityContextHolderFilter.java:69) ~[spring-security-web-6.2.4.jar:6.2.4]
	at org.springframework.security.web.FilterChainProxy$VirtualFilterChain.doFilter(FilterChainProxy.java:374) ~[spring-security-web-6.2.4.jar:6.2.4]
	at org.springframework.security.web.context.request.async.WebAsyncManagerIntegrationFilter.doFilterInternal(WebAsyncManagerIntegrationFilter.java:62) ~[spring-security-web-6.2.4.jar:6.2.4]
	at org.springframework.web.filter.OncePerRequestFilter.doFilter(OncePerRequestFilter.java:116) ~[spring-web-6.1.6.jar:6.1.6]
	at org.springframework.security.web.FilterChainProxy$VirtualFilterChain.doFilter(FilterChainProxy.java:374) ~[spring-security-web-6.2.4.jar:6.2.4]
	at org.springframework.security.web.session.DisableEncodeUrlFilter.doFilterInternal(DisableEncodeUrlFilter.java:42) ~[spring-security-web-6.2.4.jar:6.2.4]
	at org.springframework.web.filter.OncePerRequestFilter.doFilter(OncePerRequestFilter.java:116) ~[spring-web-6.1.6.jar:6.1.6]
	at org.springframework.security.web.FilterChainProxy$VirtualFilterChain.doFilter(FilterChainProxy.java:374) ~[spring-security-web-6.2.4.jar:6.2.4]
	at org.springframework.security.web.FilterChainProxy.doFilterInternal(FilterChainProxy.java:233) ~[spring-security-web-6.2.4.jar:6.2.4]
	at org.springframework.security.web.FilterChainProxy.doFilter(FilterChainProxy.java:191) ~[spring-security-web-6.2.4.jar:6.2.4]
	at org.springframework.web.filter.CompositeFilter$VirtualFilterChain.doFilter(CompositeFilter.java:113) ~[spring-web-6.1.6.jar:6.1.6]
	at org.springframework.web.servlet.handler.HandlerMappingIntrospector.lambda$createCacheFilter$3(HandlerMappingIntrospector.java:195) ~[spring-webmvc-6.1.6.jar:6.1.6]
	at org.springframework.web.filter.CompositeFilter$VirtualFilterChain.doFilter(CompositeFilter.java:113) ~[spring-web-6.1.6.jar:6.1.6]
	at org.springframework.web.filter.CompositeFilter.doFilter(CompositeFilter.java:74) ~[spring-web-6.1.6.jar:6.1.6]
	at org.springframework.security.config.annotation.web.configuration.WebMvcSecurityConfiguration$CompositeFilterChainProxy.doFilter(WebMvcSecurityConfiguration.java:230) ~[spring-security-config-6.2.4.jar:6.2.4]
	at org.springframework.web.filter.DelegatingFilterProxy.invokeDelegate(DelegatingFilterProxy.java:352) ~[spring-web-6.1.6.jar:6.1.6]
	at org.springframework.web.filter.DelegatingFilterProxy.doFilter(DelegatingFilterProxy.java:268) ~[spring-web-6.1.6.jar:6.1.6]
	at org.apache.catalina.core.ApplicationFilterChain.internalDoFilter(ApplicationFilterChain.java:175) ~[tomcat-embed-core-10.1.20.jar:10.1.20]
	at org.apache.catalina.core.ApplicationFilterChain.doFilter(ApplicationFilterChain.java:150) ~[tomcat-embed-core-10.1.20.jar:10.1.20]
	at org.springframework.web.filter.RequestContextFilter.doFilterInternal(RequestContextFilter.java:100) ~[spring-web-6.1.6.jar:6.1.6]
	at org.springframework.web.filter.OncePerRequestFilter.doFilter(OncePerRequestFilter.java:116) ~[spring-web-6.1.6.jar:6.1.6]
	at org.apache.catalina.core.ApplicationFilterChain.internalDoFilter(ApplicationFilterChain.java:175) ~[tomcat-embed-core-10.1.20.jar:10.1.20]
	at org.apache.catalina.core.ApplicationFilterChain.doFilter(ApplicationFilterChain.java:150) ~[tomcat-embed-core-10.1.20.jar:10.1.20]
	at org.springframework.web.filter.FormContentFilter.doFilterInternal(FormContentFilter.java:93) ~[spring-web-6.1.6.jar:6.1.6]
	at org.springframework.web.filter.OncePerRequestFilter.doFilter(OncePerRequestFilter.java:116) ~[spring-web-6.1.6.jar:6.1.6]
	at org.apache.catalina.core.ApplicationFilterChain.internalDoFilter(ApplicationFilterChain.java:175) ~[tomcat-embed-core-10.1.20.jar:10.1.20]
	at org.apache.catalina.core.ApplicationFilterChain.doFilter(ApplicationFilterChain.java:150) ~[tomcat-embed-core-10.1.20.jar:10.1.20]
	at org.springframework.web.filter.CharacterEncodingFilter.doFilterInternal(CharacterEncodingFilter.java:201) ~[spring-web-6.1.6.jar:6.1.6]
	at org.springframework.web.filter.OncePerRequestFilter.doFilter(OncePerRequestFilter.java:116) ~[spring-web-6.1.6.jar:6.1.6]
	at org.apache.catalina.core.ApplicationFilterChain.internalDoFilter(ApplicationFilterChain.java:175) ~[tomcat-embed-core-10.1.20.jar:10.1.20]
	at org.apache.catalina.core.ApplicationFilterChain.doFilter(ApplicationFilterChain.java:150) ~[tomcat-embed-core-10.1.20.jar:10.1.20]
	at org.apache.catalina.core.StandardWrapperValve.invoke(StandardWrapperValve.java:167) ~[tomcat-embed-core-10.1.20.jar:10.1.20]
	at org.apache.catalina.core.StandardContextValve.invoke(StandardContextValve.java:90) ~[tomcat-embed-core-10.1.20.jar:10.1.20]
	at org.apache.catalina.authenticator.AuthenticatorBase.invoke(AuthenticatorBase.java:482) ~[tomcat-embed-core-10.1.20.jar:10.1.20]
	at org.apache.catalina.core.StandardHostValve.invoke(StandardHostValve.java:115) ~[tomcat-embed-core-10.1.20.jar:10.1.20]
	at org.apache.catalina.valves.ErrorReportValve.invoke(ErrorReportValve.java:93) ~[tomcat-embed-core-10.1.20.jar:10.1.20]
	at org.apache.catalina.core.StandardEngineValve.invoke(StandardEngineValve.java:74) ~[tomcat-embed-core-10.1.20.jar:10.1.20]
	at org.apache.catalina.connector.CoyoteAdapter.service(CoyoteAdapter.java:344) ~[tomcat-embed-core-10.1.20.jar:10.1.20]
	at org.apache.coyote.http11.Http11Processor.service(Http11Processor.java:391) ~[tomcat-embed-core-10.1.20.jar:10.1.20]
	at org.apache.coyote.AbstractProcessorLight.process(AbstractProcessorLight.java:63) ~[tomcat-embed-core-10.1.20.jar:10.1.20]
	at org.apache.coyote.AbstractProtocol$ConnectionHandler.process(AbstractProtocol.java:896) ~[tomcat-embed-core-10.1.20.jar:10.1.20]
	at org.apache.tomcat.util.net.NioEndpoint$SocketProcessor.doRun(NioEndpoint.java:1736) ~[tomcat-embed-core-10.1.20.jar:10.1.20]
	at org.apache.tomcat.util.net.SocketProcessorBase.run(SocketProcessorBase.java:52) ~[tomcat-embed-core-10.1.20.jar:10.1.20]
	at org.apache.tomcat.util.threads.ThreadPoolExecutor.runWorker(ThreadPoolExecutor.java:1191) ~[tomcat-embed-core-10.1.20.jar:10.1.20]
	at org.apache.tomcat.util.threads.ThreadPoolExecutor$Worker.run(ThreadPoolExecutor.java:659) ~[tomcat-embed-core-10.1.20.jar:10.1.20]
	at org.apache.tomcat.util.threads.TaskThread$WrappingRunnable.run(TaskThread.java:63) ~[tomcat-embed-core-10.1.20.jar:10.1.20]
	at java.base/java.lang.Thread.run(Thread.java:1583) ~[na:na]

2026-05-06T15:29:51.020+05:30 DEBUG 9416 --- [Smart-Interview-Prep-Platform] [http-nio-8080-exec-5] o.s.security.web.FilterChainProxy        : Securing POST /error
2026-05-06T15:29:51.021+05:30 DEBUG 9416 --- [Smart-Interview-Prep-Platform] [http-nio-8080-exec-5] o.s.s.w.a.AnonymousAuthenticationFilter  : Set SecurityContextHolder to anonymous SecurityContext
2026-05-06T15:29:51.021+05:30 DEBUG 9416 --- [Smart-Interview-Prep-Platform] [http-nio-8080-exec-5] o.s.s.w.a.Http403ForbiddenEntryPoint     : Pre-authenticated entry point called. Rejecting access
2026-05-06T15:30:40.565+05:30 DEBUG 9416 --- [Smart-Interview-Prep-Platform] [http-nio-8080-exec-6] o.s.security.web.FilterChainProxy        : Securing POST /api/user/quiz/submit
2026-05-06T15:30:40.565+05:30  INFO 9416 --- [Smart-Interview-Prep-Platform] [http-nio-8080-exec-6] c.S.I.P.Platform.security.JwtAuthFilter  : JWT Filter Bearer eyJhbGciOiJIUzI1NiJ9.eyJzdWIiOiJzYW1AZ21haWwuY29tIiwicm9sZSI6IkFETUlOIiwiaWF0IjoxNzc4MDYxNDU1LCJleHAiOjE3NzgxNDc4NTV9.FllFk4jRsf5lmPsygRHsXCSOlXlyB5iTDI38RZfUYRQ
2026-05-06T15:30:40.565+05:30  INFO 9416 --- [Smart-Interview-Prep-Platform] [http-nio-8080-exec-6] c.S.I.P.Platform.security.JwtAuthFilter  : Token eyJhbGciOiJIUzI1NiJ9.eyJzdWIiOiJzYW1AZ21haWwuY29tIiwicm9sZSI6IkFETUlOIiwiaWF0IjoxNzc4MDYxNDU1LCJleHAiOjE3NzgxNDc4NTV9.FllFk4jRsf5lmPsygRHsXCSOlXlyB5iTDI38RZfUYRQ
2026-05-06T15:30:40.584+05:30  INFO 9416 --- [Smart-Interview-Prep-Platform] [http-nio-8080-exec-6] c.S.I.P.Platform.security.JwtAuthFilter  : Token Filter email sam@gmail.com
2026-05-06T15:30:40.584+05:30  INFO 9416 --- [Smart-Interview-Prep-Platform] [http-nio-8080-exec-6] c.S.I.P.Platform.security.JwtAuthFilter  : Token Filter auth UsernamePasswordAuthenticationToken [Principal=sam@gmail.com, Credentials=[PROTECTED], Authenticated=true, Details=null, Granted Authorities=[ROLE_ADMIN]]
2026-05-06T15:30:40.585+05:30 DEBUG 9416 --- [Smart-Interview-Prep-Platform] [http-nio-8080-exec-6] o.s.security.web.FilterChainProxy        : Secured POST /api/user/quiz/submit
2026-05-06T15:30:40.589+05:30 ERROR 9416 --- [Smart-Interview-Prep-Platform] [http-nio-8080-exec-6] o.a.c.c.C.[.[.[/].[dispatcherServlet]    : Servlet.service() for servlet [dispatcherServlet] in context with path [] threw exception [Request processing failed: org.springframework.http.converter.HttpMessageConversionException: Type definition error: [simple type, class com.Smart.Interview.Prep.Platform.dto.Quiz.QuizSubmitRequest$QuizSubmitRequest]] with root cause

com.fasterxml.jackson.databind.exc.InvalidDefinitionException: Cannot construct instance of `com.Smart.Interview.Prep.Platform.dto.Quiz.QuizSubmitRequest$QuizSubmitRequest`: non-static inner classes like this can only by instantiated using default, no-argument constructor
 at [Source: (org.springframework.util.StreamUtils$NonClosingInputStream); line: 2, column: 5]
	at com.fasterxml.jackson.databind.exc.InvalidDefinitionException.from(InvalidDefinitionException.java:67) ~[jackson-databind-2.15.4.jar:2.15.4]
	at com.fasterxml.jackson.databind.DeserializationContext.reportBadDefinition(DeserializationContext.java:1915) ~[jackson-databind-2.15.4.jar:2.15.4]
	at com.fasterxml.jackson.databind.DatabindContext.reportBadDefinition(DatabindContext.java:414) ~[jackson-databind-2.15.4.jar:2.15.4]
	at com.fasterxml.jackson.databind.DeserializationContext.handleMissingInstantiator(DeserializationContext.java:1355) ~[jackson-databind-2.15.4.jar:2.15.4]
	at com.fasterxml.jackson.databind.deser.BeanDeserializerBase.deserializeFromObjectUsingNonDefault(BeanDeserializerBase.java:1426) ~[jackson-databind-2.15.4.jar:2.15.4]
	at com.fasterxml.jackson.databind.deser.BeanDeserializer.deserializeFromObject(BeanDeserializer.java:352) ~[jackson-databind-2.15.4.jar:2.15.4]
	at com.fasterxml.jackson.databind.deser.BeanDeserializer.deserialize(BeanDeserializer.java:185) ~[jackson-databind-2.15.4.jar:2.15.4]
	at com.fasterxml.jackson.databind.deser.DefaultDeserializationContext.readRootValue(DefaultDeserializationContext.java:323) ~[jackson-databind-2.15.4.jar:2.15.4]
	at com.fasterxml.jackson.databind.ObjectReader._bindAndClose(ObjectReader.java:2105) ~[jackson-databind-2.15.4.jar:2.15.4]
	at com.fasterxml.jackson.databind.ObjectReader.readValue(ObjectReader.java:1481) ~[jackson-databind-2.15.4.jar:2.15.4]
	at org.springframework.http.converter.json.AbstractJackson2HttpMessageConverter.readJavaType(AbstractJackson2HttpMessageConverter.java:395) ~[spring-web-6.1.6.jar:6.1.6]
	at org.springframework.http.converter.json.AbstractJackson2HttpMessageConverter.read(AbstractJackson2HttpMessageConverter.java:354) ~[spring-web-6.1.6.jar:6.1.6]
	at org.springframework.web.servlet.mvc.method.annotation.AbstractMessageConverterMethodArgumentResolver.readWithMessageConverters(AbstractMessageConverterMethodArgumentResolver.java:184) ~[spring-webmvc-6.1.6.jar:6.1.6]
	at org.springframework.web.servlet.mvc.method.annotation.RequestResponseBodyMethodProcessor.readWithMessageConverters(RequestResponseBodyMethodProcessor.java:161) ~[spring-webmvc-6.1.6.jar:6.1.6]
	at org.springframework.web.servlet.mvc.method.annotation.RequestResponseBodyMethodProcessor.resolveArgument(RequestResponseBodyMethodProcessor.java:135) ~[spring-webmvc-6.1.6.jar:6.1.6]
	at org.springframework.web.method.support.HandlerMethodArgumentResolverComposite.resolveArgument(HandlerMethodArgumentResolverComposite.java:122) ~[spring-web-6.1.6.jar:6.1.6]
	at org.springframework.web.method.support.InvocableHandlerMethod.getMethodArgumentValues(InvocableHandlerMethod.java:224) ~[spring-web-6.1.6.jar:6.1.6]
	at org.springframework.web.method.support.InvocableHandlerMethod.invokeForRequest(InvocableHandlerMethod.java:178) ~[spring-web-6.1.6.jar:6.1.6]
	at org.springframework.web.servlet.mvc.method.annotation.ServletInvocableHandlerMethod.invokeAndHandle(ServletInvocableHandlerMethod.java:118) ~[spring-webmvc-6.1.6.jar:6.1.6]
	at org.springframework.web.servlet.mvc.method.annotation.RequestMappingHandlerAdapter.invokeHandlerMethod(RequestMappingHandlerAdapter.java:926) ~[spring-webmvc-6.1.6.jar:6.1.6]
	at org.springframework.web.servlet.mvc.method.annotation.RequestMappingHandlerAdapter.handleInternal(RequestMappingHandlerAdapter.java:831) ~[spring-webmvc-6.1.6.jar:6.1.6]
	at org.springframework.web.servlet.mvc.method.AbstractHandlerMethodAdapter.handle(AbstractHandlerMethodAdapter.java:87) ~[spring-webmvc-6.1.6.jar:6.1.6]
	at org.springframework.web.servlet.DispatcherServlet.doDispatch(DispatcherServlet.java:1089) ~[spring-webmvc-6.1.6.jar:6.1.6]
	at org.springframework.web.servlet.DispatcherServlet.doService(DispatcherServlet.java:979) ~[spring-webmvc-6.1.6.jar:6.1.6]
	at org.springframework.web.servlet.FrameworkServlet.processRequest(FrameworkServlet.java:1014) ~[spring-webmvc-6.1.6.jar:6.1.6]
	at org.springframework.web.servlet.FrameworkServlet.doPost(FrameworkServlet.java:914) ~[spring-webmvc-6.1.6.jar:6.1.6]
	at jakarta.servlet.http.HttpServlet.service(HttpServlet.java:590) ~[tomcat-embed-core-10.1.20.jar:6.0]
	at org.springframework.web.servlet.FrameworkServlet.service(FrameworkServlet.java:885) ~[spring-webmvc-6.1.6.jar:6.1.6]
	at jakarta.servlet.http.HttpServlet.service(HttpServlet.java:658) ~[tomcat-embed-core-10.1.20.jar:6.0]
	at org.apache.catalina.core.ApplicationFilterChain.internalDoFilter(ApplicationFilterChain.java:206) ~[tomcat-embed-core-10.1.20.jar:10.1.20]
	at org.apache.catalina.core.ApplicationFilterChain.doFilter(ApplicationFilterChain.java:150) ~[tomcat-embed-core-10.1.20.jar:10.1.20]
	at org.apache.tomcat.websocket.server.WsFilter.doFilter(WsFilter.java:51) ~[tomcat-embed-websocket-10.1.20.jar:10.1.20]
	at org.apache.catalina.core.ApplicationFilterChain.internalDoFilter(ApplicationFilterChain.java:175) ~[tomcat-embed-core-10.1.20.jar:10.1.20]
	at org.apache.catalina.core.ApplicationFilterChain.doFilter(ApplicationFilterChain.java:150) ~[tomcat-embed-core-10.1.20.jar:10.1.20]
	at org.springframework.web.filter.OncePerRequestFilter.doFilter(OncePerRequestFilter.java:110) ~[spring-web-6.1.6.jar:6.1.6]
	at org.apache.catalina.core.ApplicationFilterChain.internalDoFilter(ApplicationFilterChain.java:175) ~[tomcat-embed-core-10.1.20.jar:10.1.20]
	at org.apache.catalina.core.ApplicationFilterChain.doFilter(ApplicationFilterChain.java:150) ~[tomcat-embed-core-10.1.20.jar:10.1.20]
	at org.springframework.web.filter.CompositeFilter$VirtualFilterChain.doFilter(CompositeFilter.java:108) ~[spring-web-6.1.6.jar:6.1.6]
	at org.springframework.security.web.FilterChainProxy.lambda$doFilterInternal$3(FilterChainProxy.java:231) ~[spring-security-web-6.2.4.jar:6.2.4]
	at org.springframework.security.web.FilterChainProxy$VirtualFilterChain.doFilter(FilterChainProxy.java:365) ~[spring-security-web-6.2.4.jar:6.2.4]
	at org.springframework.security.web.access.intercept.AuthorizationFilter.doFilter(AuthorizationFilter.java:100) ~[spring-security-web-6.2.4.jar:6.2.4]
	at org.springframework.security.web.FilterChainProxy$VirtualFilterChain.doFilter(FilterChainProxy.java:374) ~[spring-security-web-6.2.4.jar:6.2.4]
	at org.springframework.security.web.access.ExceptionTranslationFilter.doFilter(ExceptionTranslationFilter.java:126) ~[spring-security-web-6.2.4.jar:6.2.4]
	at org.springframework.security.web.access.ExceptionTranslationFilter.doFilter(ExceptionTranslationFilter.java:120) ~[spring-security-web-6.2.4.jar:6.2.4]
	at org.springframework.security.web.FilterChainProxy$VirtualFilterChain.doFilter(FilterChainProxy.java:374) ~[spring-security-web-6.2.4.jar:6.2.4]
	at org.springframework.security.web.session.SessionManagementFilter.doFilter(SessionManagementFilter.java:131) ~[spring-security-web-6.2.4.jar:6.2.4]
	at org.springframework.security.web.session.SessionManagementFilter.doFilter(SessionManagementFilter.java:85) ~[spring-security-web-6.2.4.jar:6.2.4]
	at org.springframework.security.web.FilterChainProxy$VirtualFilterChain.doFilter(FilterChainProxy.java:374) ~[spring-security-web-6.2.4.jar:6.2.4]
	at org.springframework.security.web.authentication.AnonymousAuthenticationFilter.doFilter(AnonymousAuthenticationFilter.java:100) ~[spring-security-web-6.2.4.jar:6.2.4]
	at org.springframework.security.web.FilterChainProxy$VirtualFilterChain.doFilter(FilterChainProxy.java:374) ~[spring-security-web-6.2.4.jar:6.2.4]
	at org.springframework.security.web.servletapi.SecurityContextHolderAwareRequestFilter.doFilter(SecurityContextHolderAwareRequestFilter.java:179) ~[spring-security-web-6.2.4.jar:6.2.4]
	at org.springframework.security.web.FilterChainProxy$VirtualFilterChain.doFilter(FilterChainProxy.java:374) ~[spring-security-web-6.2.4.jar:6.2.4]
	at org.springframework.security.web.savedrequest.RequestCacheAwareFilter.doFilter(RequestCacheAwareFilter.java:63) ~[spring-security-web-6.2.4.jar:6.2.4]
	at org.springframework.security.web.FilterChainProxy$VirtualFilterChain.doFilter(FilterChainProxy.java:374) ~[spring-security-web-6.2.4.jar:6.2.4]
	at com.Smart.Interview.Prep.Platform.security.JwtAuthFilter.doFilterInternal(JwtAuthFilter.java:68) ~[classes/:na]
	at org.springframework.web.filter.OncePerRequestFilter.doFilter(OncePerRequestFilter.java:116) ~[spring-web-6.1.6.jar:6.1.6]
	at org.springframework.security.web.FilterChainProxy$VirtualFilterChain.doFilter(FilterChainProxy.java:374) ~[spring-security-web-6.2.4.jar:6.2.4]
	at org.springframework.security.web.authentication.logout.LogoutFilter.doFilter(LogoutFilter.java:107) ~[spring-security-web-6.2.4.jar:6.2.4]
	at org.springframework.security.web.authentication.logout.LogoutFilter.doFilter(LogoutFilter.java:93) ~[spring-security-web-6.2.4.jar:6.2.4]
	at org.springframework.security.web.FilterChainProxy$VirtualFilterChain.doFilter(FilterChainProxy.java:374) ~[spring-security-web-6.2.4.jar:6.2.4]
	at org.springframework.web.filter.CorsFilter.doFilterInternal(CorsFilter.java:91) ~[spring-web-6.1.6.jar:6.1.6]
	at org.springframework.web.filter.OncePerRequestFilter.doFilter(OncePerRequestFilter.java:116) ~[spring-web-6.1.6.jar:6.1.6]
	at org.springframework.security.web.FilterChainProxy$VirtualFilterChain.doFilter(FilterChainProxy.java:374) ~[spring-security-web-6.2.4.jar:6.2.4]
	at org.springframework.security.web.header.HeaderWriterFilter.doHeadersAfter(HeaderWriterFilter.java:90) ~[spring-security-web-6.2.4.jar:6.2.4]
	at org.springframework.security.web.header.HeaderWriterFilter.doFilterInternal(HeaderWriterFilter.java:75) ~[spring-security-web-6.2.4.jar:6.2.4]
	at org.springframework.web.filter.OncePerRequestFilter.doFilter(OncePerRequestFilter.java:116) ~[spring-web-6.1.6.jar:6.1.6]
	at org.springframework.security.web.FilterChainProxy$VirtualFilterChain.doFilter(FilterChainProxy.java:374) ~[spring-security-web-6.2.4.jar:6.2.4]
	at org.springframework.security.web.context.SecurityContextHolderFilter.doFilter(SecurityContextHolderFilter.java:82) ~[spring-security-web-6.2.4.jar:6.2.4]
	at org.springframework.security.web.context.SecurityContextHolderFilter.doFilter(SecurityContextHolderFilter.java:69) ~[spring-security-web-6.2.4.jar:6.2.4]
	at org.springframework.security.web.FilterChainProxy$VirtualFilterChain.doFilter(FilterChainProxy.java:374) ~[spring-security-web-6.2.4.jar:6.2.4]
	at org.springframework.security.web.context.request.async.WebAsyncManagerIntegrationFilter.doFilterInternal(WebAsyncManagerIntegrationFilter.java:62) ~[spring-security-web-6.2.4.jar:6.2.4]
	at org.springframework.web.filter.OncePerRequestFilter.doFilter(OncePerRequestFilter.java:116) ~[spring-web-6.1.6.jar:6.1.6]
	at org.springframework.security.web.FilterChainProxy$VirtualFilterChain.doFilter(FilterChainProxy.java:374) ~[spring-security-web-6.2.4.jar:6.2.4]
	at org.springframework.security.web.session.DisableEncodeUrlFilter.doFilterInternal(DisableEncodeUrlFilter.java:42) ~[spring-security-web-6.2.4.jar:6.2.4]
	at org.springframework.web.filter.OncePerRequestFilter.doFilter(OncePerRequestFilter.java:116) ~[spring-web-6.1.6.jar:6.1.6]
	at org.springframework.security.web.FilterChainProxy$VirtualFilterChain.doFilter(FilterChainProxy.java:374) ~[spring-security-web-6.2.4.jar:6.2.4]
	at org.springframework.security.web.FilterChainProxy.doFilterInternal(FilterChainProxy.java:233) ~[spring-security-web-6.2.4.jar:6.2.4]
	at org.springframework.security.web.FilterChainProxy.doFilter(FilterChainProxy.java:191) ~[spring-security-web-6.2.4.jar:6.2.4]
	at org.springframework.web.filter.CompositeFilter$VirtualFilterChain.doFilter(CompositeFilter.java:113) ~[spring-web-6.1.6.jar:6.1.6]
	at org.springframework.web.servlet.handler.HandlerMappingIntrospector.lambda$createCacheFilter$3(HandlerMappingIntrospector.java:195) ~[spring-webmvc-6.1.6.jar:6.1.6]
	at org.springframework.web.filter.CompositeFilter$VirtualFilterChain.doFilter(CompositeFilter.java:113) ~[spring-web-6.1.6.jar:6.1.6]
	at org.springframework.web.filter.CompositeFilter.doFilter(CompositeFilter.java:74) ~[spring-web-6.1.6.jar:6.1.6]
	at org.springframework.security.config.annotation.web.configuration.WebMvcSecurityConfiguration$CompositeFilterChainProxy.doFilter(WebMvcSecurityConfiguration.java:230) ~[spring-security-config-6.2.4.jar:6.2.4]
	at org.springframework.web.filter.DelegatingFilterProxy.invokeDelegate(DelegatingFilterProxy.java:352) ~[spring-web-6.1.6.jar:6.1.6]
	at org.springframework.web.filter.DelegatingFilterProxy.doFilter(DelegatingFilterProxy.java:268) ~[spring-web-6.1.6.jar:6.1.6]
	at org.apache.catalina.core.ApplicationFilterChain.internalDoFilter(ApplicationFilterChain.java:175) ~[tomcat-embed-core-10.1.20.jar:10.1.20]
	at org.apache.catalina.core.ApplicationFilterChain.doFilter(ApplicationFilterChain.java:150) ~[tomcat-embed-core-10.1.20.jar:10.1.20]
	at org.springframework.web.filter.RequestContextFilter.doFilterInternal(RequestContextFilter.java:100) ~[spring-web-6.1.6.jar:6.1.6]
	at org.springframework.web.filter.OncePerRequestFilter.doFilter(OncePerRequestFilter.java:116) ~[spring-web-6.1.6.jar:6.1.6]
	at org.apache.catalina.core.ApplicationFilterChain.internalDoFilter(ApplicationFilterChain.java:175) ~[tomcat-embed-core-10.1.20.jar:10.1.20]
	at org.apache.catalina.core.ApplicationFilterChain.doFilter(ApplicationFilterChain.java:150) ~[tomcat-embed-core-10.1.20.jar:10.1.20]
	at org.springframework.web.filter.FormContentFilter.doFilterInternal(FormContentFilter.java:93) ~[spring-web-6.1.6.jar:6.1.6]
	at org.springframework.web.filter.OncePerRequestFilter.doFilter(OncePerRequestFilter.java:116) ~[spring-web-6.1.6.jar:6.1.6]
	at org.apache.catalina.core.ApplicationFilterChain.internalDoFilter(ApplicationFilterChain.java:175) ~[tomcat-embed-core-10.1.20.jar:10.1.20]
	at org.apache.catalina.core.ApplicationFilterChain.doFilter(ApplicationFilterChain.java:150) ~[tomcat-embed-core-10.1.20.jar:10.1.20]
	at org.springframework.web.filter.CharacterEncodingFilter.doFilterInternal(CharacterEncodingFilter.java:201) ~[spring-web-6.1.6.jar:6.1.6]
	at org.springframework.web.filter.OncePerRequestFilter.doFilter(OncePerRequestFilter.java:116) ~[spring-web-6.1.6.jar:6.1.6]
	at org.apache.catalina.core.ApplicationFilterChain.internalDoFilter(ApplicationFilterChain.java:175) ~[tomcat-embed-core-10.1.20.jar:10.1.20]
	at org.apache.catalina.core.ApplicationFilterChain.doFilter(ApplicationFilterChain.java:150) ~[tomcat-embed-core-10.1.20.jar:10.1.20]
	at org.apache.catalina.core.StandardWrapperValve.invoke(StandardWrapperValve.java:167) ~[tomcat-embed-core-10.1.20.jar:10.1.20]
	at org.apache.catalina.core.StandardContextValve.invoke(StandardContextValve.java:90) ~[tomcat-embed-core-10.1.20.jar:10.1.20]
	at org.apache.catalina.authenticator.AuthenticatorBase.invoke(AuthenticatorBase.java:482) ~[tomcat-embed-core-10.1.20.jar:10.1.20]
	at org.apache.catalina.core.StandardHostValve.invoke(StandardHostValve.java:115) ~[tomcat-embed-core-10.1.20.jar:10.1.20]
	at org.apache.catalina.valves.ErrorReportValve.invoke(ErrorReportValve.java:93) ~[tomcat-embed-core-10.1.20.jar:10.1.20]
	at org.apache.catalina.core.StandardEngineValve.invoke(StandardEngineValve.java:74) ~[tomcat-embed-core-10.1.20.jar:10.1.20]
	at org.apache.catalina.connector.CoyoteAdapter.service(CoyoteAdapter.java:344) ~[tomcat-embed-core-10.1.20.jar:10.1.20]
	at org.apache.coyote.http11.Http11Processor.service(Http11Processor.java:391) ~[tomcat-embed-core-10.1.20.jar:10.1.20]
	at org.apache.coyote.AbstractProcessorLight.process(AbstractProcessorLight.java:63) ~[tomcat-embed-core-10.1.20.jar:10.1.20]
	at org.apache.coyote.AbstractProtocol$ConnectionHandler.process(AbstractProtocol.java:896) ~[tomcat-embed-core-10.1.20.jar:10.1.20]
	at org.apache.tomcat.util.net.NioEndpoint$SocketProcessor.doRun(NioEndpoint.java:1736) ~[tomcat-embed-core-10.1.20.jar:10.1.20]
	at org.apache.tomcat.util.net.SocketProcessorBase.run(SocketProcessorBase.java:52) ~[tomcat-embed-core-10.1.20.jar:10.1.20]
	at org.apache.tomcat.util.threads.ThreadPoolExecutor.runWorker(ThreadPoolExecutor.java:1191) ~[tomcat-embed-core-10.1.20.jar:10.1.20]
	at org.apache.tomcat.util.threads.ThreadPoolExecutor$Worker.run(ThreadPoolExecutor.java:659) ~[tomcat-embed-core-10.1.20.jar:10.1.20]
	at org.apache.tomcat.util.threads.TaskThread$WrappingRunnable.run(TaskThread.java:63) ~[tomcat-embed-core-10.1.20.jar:10.1.20]
	at java.base/java.lang.Thread.run(Thread.java:1583) ~[na:na]

2026-05-06T15:30:40.596+05:30 DEBUG 9416 --- [Smart-Interview-Prep-Platform] [http-nio-8080-exec-6] o.s.security.web.FilterChainProxy        : Securing POST /error
2026-05-06T15:30:40.597+05:30 DEBUG 9416 --- [Smart-Interview-Prep-Platform] [http-nio-8080-exec-6] o.s.s.w.a.AnonymousAuthenticationFilter  : Set SecurityContextHolder to anonymous SecurityContext
2026-05-06T15:30:40.598+05:30 DEBUG 9416 --- [Smart-Interview-Prep-Platform] [http-nio-8080-exec-6] o.s.s.w.a.Http403ForbiddenEntryPoint     : Pre-authenticated entry point called. Rejecting access
2026-05-06T15:31:26.557+05:30  INFO 9416 --- [Smart-Interview-Prep-Platform] [File Watcher] rtingClassPathChangeChangedEventListener : Restarting due to 3 class path changes (0 additions, 3 deletions, 0 modifications)
2026-05-06T15:31:26.595+05:30  INFO 9416 --- [Smart-Interview-Prep-Platform] [Thread-5] j.LocalContainerEntityManagerFactoryBean : Closing JPA EntityManagerFactory for persistence unit 'default'
2026-05-06T15:31:26.616+05:30  INFO 9416 --- [Smart-Interview-Prep-Platform] [Thread-5] com.zaxxer.hikari.HikariDataSource       : HikariPool-1 - Shutdown initiated...
2026-05-06T15:31:26.644+05:30  INFO 9416 --- [Smart-Interview-Prep-Platform] [Thread-5] com.zaxxer.hikari.HikariDataSource       : HikariPool-1 - Shutdown completed.
2026-05-06T15:31:26.737+05:30  INFO 9416 --- [Smart-Interview-Prep-Platform] [restartedMain] .P.SmartInterviewPrepPlatformApplication : Starting the Application...
2026-05-06T15:31:26.813+05:30  INFO 9416 --- [Smart-Interview-Prep-Platform] [restartedMain] .P.SmartInterviewPrepPlatformApplication : Starting SmartInterviewPrepPlatformApplication using Java 21.0.10 with PID 9416 (C:\Users\Dell\Desktop\Smart Interview Prep Platform (3)\Smart Interview Prep Platform\Smart-Interview-Prep-Platform\target\classes started by Dell in C:\Users\Dell\Desktop\Smart Interview Prep Platform (3)\Smart Interview Prep Platform\Smart-Interview-Prep-Platform)
2026-05-06T15:31:26.813+05:30 DEBUG 9416 --- [Smart-Interview-Prep-Platform] [restartedMain] .P.SmartInterviewPrepPlatformApplication : Running with Spring Boot v3.2.5, Spring v6.1.6
2026-05-06T15:31:26.813+05:30  INFO 9416 --- [Smart-Interview-Prep-Platform] [restartedMain] .P.SmartInterviewPrepPlatformApplication : No active profile set, falling back to 1 default profile: "default"
2026-05-06T15:31:27.285+05:30  INFO 9416 --- [Smart-Interview-Prep-Platform] [restartedMain] .s.d.r.c.RepositoryConfigurationDelegate : Bootstrapping Spring Data JPA repositories in DEFAULT mode.
2026-05-06T15:31:27.333+05:30  INFO 9416 --- [Smart-Interview-Prep-Platform] [restartedMain] .s.d.r.c.RepositoryConfigurationDelegate : Finished Spring Data repository scanning in 47 ms. Found 4 JPA repository interfaces.
2026-05-06T15:31:27.610+05:30  INFO 9416 --- [Smart-Interview-Prep-Platform] [restartedMain] o.s.b.w.embedded.tomcat.TomcatWebServer  : Tomcat initialized with port 8080 (http)
2026-05-06T15:31:27.612+05:30  INFO 9416 --- [Smart-Interview-Prep-Platform] [restartedMain] o.apache.catalina.core.StandardService   : Starting service [Tomcat]
2026-05-06T15:31:27.612+05:30  INFO 9416 --- [Smart-Interview-Prep-Platform] [restartedMain] o.apache.catalina.core.StandardEngine    : Starting Servlet engine: [Apache Tomcat/10.1.20]
2026-05-06T15:31:27.651+05:30  INFO 9416 --- [Smart-Interview-Prep-Platform] [restartedMain] o.a.c.c.C.[Tomcat].[localhost].[/]       : Initializing Spring embedded WebApplicationContext
2026-05-06T15:31:27.651+05:30  INFO 9416 --- [Smart-Interview-Prep-Platform] [restartedMain] w.s.c.ServletWebServerApplicationContext : Root WebApplicationContext: initialization completed in 833 ms
2026-05-06T15:31:27.681+05:30  INFO 9416 --- [Smart-Interview-Prep-Platform] [restartedMain] com.zaxxer.hikari.HikariDataSource       : HikariPool-2 - Starting...
2026-05-06T15:31:27.712+05:30  INFO 9416 --- [Smart-Interview-Prep-Platform] [restartedMain] com.zaxxer.hikari.pool.HikariPool        : HikariPool-2 - Added connection com.mysql.cj.jdbc.ConnectionImpl@8bf25c1
2026-05-06T15:31:27.713+05:30  INFO 9416 --- [Smart-Interview-Prep-Platform] [restartedMain] com.zaxxer.hikari.HikariDataSource       : HikariPool-2 - Start completed.
2026-05-06T15:31:27.713+05:30  INFO 9416 --- [Smart-Interview-Prep-Platform] [restartedMain] o.s.b.a.h2.H2ConsoleAutoConfiguration    : H2 console available at '/h2-console'. Database available at 'jdbc:mysql://localhost:3306/interview_prep'
2026-05-06T15:31:27.746+05:30 DEBUG 9416 --- [Smart-Interview-Prep-Platform] [restartedMain] c.S.I.P.Platform.security.JwtAuthFilter  : Filter 'jwtAuthFilter' configured for use
2026-05-06T15:31:27.794+05:30  INFO 9416 --- [Smart-Interview-Prep-Platform] [restartedMain] o.hibernate.jpa.internal.util.LogHelper  : HHH000204: Processing PersistenceUnitInfo [name: default]
2026-05-06T15:31:27.800+05:30  INFO 9416 --- [Smart-Interview-Prep-Platform] [restartedMain] o.h.c.internal.RegionFactoryInitiator    : HHH000026: Second-level cache disabled
2026-05-06T15:31:27.811+05:30  INFO 9416 --- [Smart-Interview-Prep-Platform] [restartedMain] o.s.o.j.p.SpringPersistenceUnitInfo      : No LoadTimeWeaver setup: ignoring JPA class transformer
2026-05-06T15:31:28.293+05:30  INFO 9416 --- [Smart-Interview-Prep-Platform] [restartedMain] o.h.e.t.j.p.i.JtaPlatformInitiator       : HHH000489: No JTA platform available (set 'hibernate.transaction.jta.platform' to enable JTA platform integration)
2026-05-06T15:31:28.328+05:30  INFO 9416 --- [Smart-Interview-Prep-Platform] [restartedMain] j.LocalContainerEntityManagerFactoryBean : Initialized JPA EntityManagerFactory for persistence unit 'default'
2026-05-06T15:31:28.541+05:30  WARN 9416 --- [Smart-Interview-Prep-Platform] [restartedMain] ConfigServletWebServerApplicationContext : Exception encountered during context initialization - cancelling refresh attempt: org.springframework.beans.factory.BeanCreationException: Error creating bean with name 'quizController': Lookup method resolution failed
2026-05-06T15:31:28.542+05:30  INFO 9416 --- [Smart-Interview-Prep-Platform] [restartedMain] j.LocalContainerEntityManagerFactoryBean : Closing JPA EntityManagerFactory for persistence unit 'default'
2026-05-06T15:31:28.543+05:30  INFO 9416 --- [Smart-Interview-Prep-Platform] [restartedMain] com.zaxxer.hikari.HikariDataSource       : HikariPool-2 - Shutdown initiated...
2026-05-06T15:31:28.556+05:30  INFO 9416 --- [Smart-Interview-Prep-Platform] [restartedMain] com.zaxxer.hikari.HikariDataSource       : HikariPool-2 - Shutdown completed.
2026-05-06T15:31:28.557+05:30  INFO 9416 --- [Smart-Interview-Prep-Platform] [restartedMain] o.apache.catalina.core.StandardService   : Stopping service [Tomcat]
2026-05-06T15:31:28.575+05:30  INFO 9416 --- [Smart-Interview-Prep-Platform] [restartedMain] .s.b.a.l.ConditionEvaluationReportLogger : 

Error starting ApplicationContext. To display the condition evaluation report re-run your application with 'debug' enabled.
2026-05-06T15:31:28.695+05:30 ERROR 9416 --- [Smart-Interview-Prep-Platform] [restartedMain] o.s.boot.SpringApplication               : Application run failed

org.springframework.beans.factory.BeanCreationException: Error creating bean with name 'quizController': Lookup method resolution failed
	at org.springframework.beans.factory.annotation.AutowiredAnnotationBeanPostProcessor.checkLookupMethods(AutowiredAnnotationBeanPostProcessor.java:497) ~[spring-beans-6.1.6.jar:6.1.6]
	at org.springframework.beans.factory.annotation.AutowiredAnnotationBeanPostProcessor.determineCandidateConstructors(AutowiredAnnotationBeanPostProcessor.java:367) ~[spring-beans-6.1.6.jar:6.1.6]
	at org.springframework.beans.factory.support.AbstractAutowireCapableBeanFactory.determineConstructorsFromBeanPostProcessors(AbstractAutowireCapableBeanFactory.java:1294) ~[spring-beans-6.1.6.jar:6.1.6]
	at org.springframework.beans.factory.support.AbstractAutowireCapableBeanFactory.createBeanInstance(AbstractAutowireCapableBeanFactory.java:1189) ~[spring-beans-6.1.6.jar:6.1.6]
	at org.springframework.beans.factory.support.AbstractAutowireCapableBeanFactory.doCreateBean(AbstractAutowireCapableBeanFactory.java:562) ~[spring-beans-6.1.6.jar:6.1.6]
	at org.springframework.beans.factory.support.AbstractAutowireCapableBeanFactory.createBean(AbstractAutowireCapableBeanFactory.java:522) ~[spring-beans-6.1.6.jar:6.1.6]
	at org.springframework.beans.factory.support.AbstractBeanFactory.lambda$doGetBean$0(AbstractBeanFactory.java:326) ~[spring-beans-6.1.6.jar:6.1.6]
	at org.springframework.beans.factory.support.DefaultSingletonBeanRegistry.getSingleton(DefaultSingletonBeanRegistry.java:234) ~[spring-beans-6.1.6.jar:6.1.6]
	at org.springframework.beans.factory.support.AbstractBeanFactory.doGetBean(AbstractBeanFactory.java:324) ~[spring-beans-6.1.6.jar:6.1.6]
	at org.springframework.beans.factory.support.AbstractBeanFactory.getBean(AbstractBeanFactory.java:200) ~[spring-beans-6.1.6.jar:6.1.6]
	at org.springframework.beans.factory.support.DefaultListableBeanFactory.preInstantiateSingletons(DefaultListableBeanFactory.java:975) ~[spring-beans-6.1.6.jar:6.1.6]
	at org.springframework.context.support.AbstractApplicationContext.finishBeanFactoryInitialization(AbstractApplicationContext.java:962) ~[spring-context-6.1.6.jar:6.1.6]
	at org.springframework.context.support.AbstractApplicationContext.refresh(AbstractApplicationContext.java:624) ~[spring-context-6.1.6.jar:6.1.6]
	at org.springframework.boot.web.servlet.context.ServletWebServerApplicationContext.refresh(ServletWebServerApplicationContext.java:146) ~[spring-boot-3.2.5.jar:3.2.5]
	at org.springframework.boot.SpringApplication.refresh(SpringApplication.java:754) ~[spring-boot-3.2.5.jar:3.2.5]
	at org.springframework.boot.SpringApplication.refreshContext(SpringApplication.java:456) ~[spring-boot-3.2.5.jar:3.2.5]
	at org.springframework.boot.SpringApplication.run(SpringApplication.java:334) ~[spring-boot-3.2.5.jar:3.2.5]
	at org.springframework.boot.SpringApplication.run(SpringApplication.java:1354) ~[spring-boot-3.2.5.jar:3.2.5]
	at org.springframework.boot.SpringApplication.run(SpringApplication.java:1343) ~[spring-boot-3.2.5.jar:3.2.5]
	at com.Smart.Interview.Prep.Platform.SmartInterviewPrepPlatformApplication.main(SmartInterviewPrepPlatformApplication.java:13) ~[classes/:na]
	at java.base/jdk.internal.reflect.DirectMethodHandleAccessor.invoke(DirectMethodHandleAccessor.java:103) ~[na:na]
	at java.base/java.lang.reflect.Method.invoke(Method.java:580) ~[na:na]
	at org.springframework.boot.devtools.restart.RestartLauncher.run(RestartLauncher.java:50) ~[spring-boot-devtools-3.2.5.jar:3.2.5]
Caused by: java.lang.IllegalStateException: Failed to introspect Class [com.Smart.Interview.Prep.Platform.controller.QuizController] from ClassLoader [org.springframework.boot.devtools.restart.classloader.RestartClassLoader@6b7d9763]
	at org.springframework.util.ReflectionUtils.getDeclaredMethods(ReflectionUtils.java:483) ~[spring-core-6.1.6.jar:6.1.6]
	at org.springframework.util.ReflectionUtils.doWithLocalMethods(ReflectionUtils.java:320) ~[spring-core-6.1.6.jar:6.1.6]
	at org.springframework.beans.factory.annotation.AutowiredAnnotationBeanPostProcessor.checkLookupMethods(AutowiredAnnotationBeanPostProcessor.java:475) ~[spring-beans-6.1.6.jar:6.1.6]
	... 22 common frames omitted
Caused by: java.lang.NoClassDefFoundError: com/Smart/Interview/Prep/Platform/dto/Quiz/SubmitRequest$QuizSubmitRequest
	at java.base/java.lang.Class.getDeclaredMethods0(Native Method) ~[na:na]
	at java.base/java.lang.Class.privateGetDeclaredMethods(Class.java:3580) ~[na:na]
	at java.base/java.lang.Class.getDeclaredMethods(Class.java:2678) ~[na:na]
	at org.springframework.util.ReflectionUtils.getDeclaredMethods(ReflectionUtils.java:465) ~[spring-core-6.1.6.jar:6.1.6]
	... 24 common frames omitted
Caused by: java.lang.ClassNotFoundException: com.Smart.Interview.Prep.Platform.dto.Quiz.QuizSubmitRequest$QuizSubmitRequest
	at java.base/jdk.internal.loader.BuiltinClassLoader.loadClass(BuiltinClassLoader.java:641) ~[na:na]
	at java.base/jdk.internal.loader.ClassLoaders$AppClassLoader.loadClass(ClassLoaders.java:188) ~[na:na]
	at java.base/java.lang.ClassLoader.loadClass(ClassLoader.java:526) ~[na:na]
	at java.base/java.lang.Class.forName0(Native Method) ~[na:na]
	at java.base/java.lang.Class.forName(Class.java:536) ~[na:na]
	at java.base/java.lang.Class.forName(Class.java:515) ~[na:na]
	at org.springframework.boot.devtools.restart.classloader.RestartClassLoader.loadClass(RestartClassLoader.java:121) ~[spring-boot-devtools-3.2.5.jar:3.2.5]
	at java.base/java.lang.ClassLoader.loadClass(ClassLoader.java:526) ~[na:na]
	... 28 common frames omitted

2026-05-06T15:34:51.468+05:30  INFO 28452 --- [Smart-Interview-Prep-Platform] [restartedMain] .P.SmartInterviewPrepPlatformApplication : Starting SmartInterviewPrepPlatformApplication using Java 21.0.10 with PID 28452 (C:\Users\Dell\Desktop\Smart Interview Prep Platform (3)\Smart Interview Prep Platform\Smart-Interview-Prep-Platform\target\classes started by Dell in C:\Users\Dell\Desktop\Smart Interview Prep Platform (3)\Smart Interview Prep Platform\Smart-Interview-Prep-Platform)
2026-05-06T15:34:51.470+05:30 DEBUG 28452 --- [Smart-Interview-Prep-Platform] [restartedMain] .P.SmartInterviewPrepPlatformApplication : Running with Spring Boot v3.2.5, Spring v6.1.6
2026-05-06T15:34:51.471+05:30  INFO 28452 --- [Smart-Interview-Prep-Platform] [restartedMain] .P.SmartInterviewPrepPlatformApplication : No active profile set, falling back to 1 default profile: "default"
2026-05-06T15:34:51.545+05:30  INFO 28452 --- [Smart-Interview-Prep-Platform] [restartedMain] .e.DevToolsPropertyDefaultsPostProcessor : Devtools property defaults active! Set 'spring.devtools.add-properties' to 'false' to disable
2026-05-06T15:34:51.546+05:30  INFO 28452 --- [Smart-Interview-Prep-Platform] [restartedMain] .e.DevToolsPropertyDefaultsPostProcessor : For additional web related logging consider setting the 'logging.level.web' property to 'DEBUG'
2026-05-06T15:34:52.800+05:30  INFO 28452 --- [Smart-Interview-Prep-Platform] [restartedMain] .s.d.r.c.RepositoryConfigurationDelegate : Bootstrapping Spring Data JPA repositories in DEFAULT mode.
2026-05-06T15:34:52.957+05:30  INFO 28452 --- [Smart-Interview-Prep-Platform] [restartedMain] .s.d.r.c.RepositoryConfigurationDelegate : Finished Spring Data repository scanning in 142 ms. Found 4 JPA repository interfaces.
2026-05-06T15:34:53.936+05:30  INFO 28452 --- [Smart-Interview-Prep-Platform] [restartedMain] o.s.b.w.embedded.tomcat.TomcatWebServer  : Tomcat initialized with port 8080 (http)
2026-05-06T15:34:53.965+05:30  INFO 28452 --- [Smart-Interview-Prep-Platform] [restartedMain] o.apache.catalina.core.StandardService   : Starting service [Tomcat]
2026-05-06T15:34:53.966+05:30  INFO 28452 --- [Smart-Interview-Prep-Platform] [restartedMain] o.apache.catalina.core.StandardEngine    : Starting Servlet engine: [Apache Tomcat/10.1.20]
2026-05-06T15:34:54.077+05:30  INFO 28452 --- [Smart-Interview-Prep-Platform] [restartedMain] o.a.c.c.C.[Tomcat].[localhost].[/]       : Initializing Spring embedded WebApplicationContext
2026-05-06T15:34:54.078+05:30  INFO 28452 --- [Smart-Interview-Prep-Platform] [restartedMain] w.s.c.ServletWebServerApplicationContext : Root WebApplicationContext: initialization completed in 2531 ms
2026-05-06T15:34:54.129+05:30  INFO 28452 --- [Smart-Interview-Prep-Platform] [restartedMain] com.zaxxer.hikari.HikariDataSource       : HikariPool-1 - Starting...
2026-05-06T15:34:54.601+05:30  INFO 28452 --- [Smart-Interview-Prep-Platform] [restartedMain] com.zaxxer.hikari.pool.HikariPool        : HikariPool-1 - Added connection com.mysql.cj.jdbc.ConnectionImpl@24e9391c
2026-05-06T15:34:54.605+05:30  INFO 28452 --- [Smart-Interview-Prep-Platform] [restartedMain] com.zaxxer.hikari.HikariDataSource       : HikariPool-1 - Start completed.
2026-05-06T15:34:54.617+05:30  INFO 28452 --- [Smart-Interview-Prep-Platform] [restartedMain] o.s.b.a.h2.H2ConsoleAutoConfiguration    : H2 console available at '/h2-console'. Database available at 'jdbc:mysql://localhost:3306/interview_prep'
2026-05-06T15:34:54.683+05:30 DEBUG 28452 --- [Smart-Interview-Prep-Platform] [restartedMain] c.S.I.P.Platform.security.JwtAuthFilter  : Filter 'jwtAuthFilter' configured for use
2026-05-06T15:34:54.805+05:30  INFO 28452 --- [Smart-Interview-Prep-Platform] [restartedMain] o.hibernate.jpa.internal.util.LogHelper  : HHH000204: Processing PersistenceUnitInfo [name: default]
2026-05-06T15:34:54.913+05:30  INFO 28452 --- [Smart-Interview-Prep-Platform] [restartedMain] org.hibernate.Version                    : HHH000412: Hibernate ORM core version 6.4.4.Final
2026-05-06T15:34:54.964+05:30  INFO 28452 --- [Smart-Interview-Prep-Platform] [restartedMain] o.h.c.internal.RegionFactoryInitiator    : HHH000026: Second-level cache disabled
2026-05-06T15:34:55.375+05:30  INFO 28452 --- [Smart-Interview-Prep-Platform] [restartedMain] o.s.o.j.p.SpringPersistenceUnitInfo      : No LoadTimeWeaver setup: ignoring JPA class transformer
2026-05-06T15:34:57.065+05:30  INFO 28452 --- [Smart-Interview-Prep-Platform] [restartedMain] o.h.e.t.j.p.i.JtaPlatformInitiator       : HHH000489: No JTA platform available (set 'hibernate.transaction.jta.platform' to enable JTA platform integration)
2026-05-06T15:34:57.152+05:30  INFO 28452 --- [Smart-Interview-Prep-Platform] [restartedMain] j.LocalContainerEntityManagerFactoryBean : Initialized JPA EntityManagerFactory for persistence unit 'default'
2026-05-06T15:34:57.510+05:30  INFO 28452 --- [Smart-Interview-Prep-Platform] [restartedMain] o.s.d.j.r.query.QueryEnhancerFactory     : Hibernate is in classpath; If applicable, HQL parser will be used.
2026-05-06T15:34:57.980+05:30  WARN 28452 --- [Smart-Interview-Prep-Platform] [restartedMain] JpaBaseConfiguration$JpaWebConfiguration : spring.jpa.open-in-view is enabled by default. Therefore, database queries may be performed during view rendering. Explicitly configure spring.jpa.open-in-view to disable this warning
2026-05-06T15:34:58.148+05:30 DEBUG 28452 --- [Smart-Interview-Prep-Platform] [restartedMain] swordEncoderAuthenticationManagerBuilder : No authenticationProviders and no parentAuthenticationManager defined. Returning null.
2026-05-06T15:34:59.201+05:30  INFO 28452 --- [Smart-Interview-Prep-Platform] [restartedMain] o.s.s.web.DefaultSecurityFilterChain     : Will secure any request with [org.springframework.security.web.session.DisableEncodeUrlFilter@938ba95, org.springframework.security.web.context.request.async.WebAsyncManagerIntegrationFilter@25ed8749, org.springframework.security.web.context.SecurityContextHolderFilter@28a706eb, org.springframework.security.web.header.HeaderWriterFilter@1d68c927, org.springframework.web.filter.CorsFilter@4b860df7, org.springframework.security.web.authentication.logout.LogoutFilter@7e5ac9d8, com.Smart.Interview.Prep.Platform.security.JwtAuthFilter@5742d741, org.springframework.security.web.savedrequest.RequestCacheAwareFilter@3b6306d6, org.springframework.security.web.servletapi.SecurityContextHolderAwareRequestFilter@3b6f0f09, org.springframework.security.web.authentication.AnonymousAuthenticationFilter@730dd84d, org.springframework.security.web.session.SessionManagementFilter@489c6921, org.springframework.security.web.access.ExceptionTranslationFilter@1d63e2f9, org.springframework.security.web.access.intercept.AuthorizationFilter@d5425ae]
2026-05-06T15:35:00.209+05:30  INFO 28452 --- [Smart-Interview-Prep-Platform] [restartedMain] o.s.b.d.a.OptionalLiveReloadServer       : LiveReload server is running on port 35729
2026-05-06T15:35:00.478+05:30  INFO 28452 --- [Smart-Interview-Prep-Platform] [restartedMain] o.s.b.w.embedded.tomcat.TomcatWebServer  : Tomcat started on port 8080 (http) with context path ''
2026-05-06T15:35:00.513+05:30  INFO 28452 --- [Smart-Interview-Prep-Platform] [restartedMain] .P.SmartInterviewPrepPlatformApplication : Started SmartInterviewPrepPlatformApplication in 9.659 seconds (process running for 10.795)
2026-05-06T15:37:03.761+05:30  INFO 28452 --- [Smart-Interview-Prep-Platform] [http-nio-8080-exec-3] o.a.c.c.C.[Tomcat].[localhost].[/]       : Initializing Spring DispatcherServlet 'dispatcherServlet'
2026-05-06T15:37:03.763+05:30  INFO 28452 --- [Smart-Interview-Prep-Platform] [http-nio-8080-exec-3] o.s.web.servlet.DispatcherServlet        : Initializing Servlet 'dispatcherServlet'
2026-05-06T15:37:03.769+05:30  INFO 28452 --- [Smart-Interview-Prep-Platform] [http-nio-8080-exec-3] o.s.web.servlet.DispatcherServlet        : Completed initialization in 3 ms
2026-05-06T15:37:03.936+05:30 DEBUG 28452 --- [Smart-Interview-Prep-Platform] [http-nio-8080-exec-3] o.s.security.web.FilterChainProxy        : Securing POST /api/auth/login
2026-05-06T15:37:03.991+05:30  INFO 28452 --- [Smart-Interview-Prep-Platform] [http-nio-8080-exec-3] c.S.I.P.Platform.security.JwtAuthFilter  : JWT Filter null
2026-05-06T15:37:04.019+05:30 DEBUG 28452 --- [Smart-Interview-Prep-Platform] [http-nio-8080-exec-3] o.s.s.w.a.AnonymousAuthenticationFilter  : Set SecurityContextHolder to anonymous SecurityContext
2026-05-06T15:37:04.040+05:30 DEBUG 28452 --- [Smart-Interview-Prep-Platform] [http-nio-8080-exec-3] o.s.security.web.FilterChainProxy        : Secured POST /api/auth/login
2026-05-06T15:37:04.673+05:30  INFO 28452 --- [Smart-Interview-Prep-Platform] [http-nio-8080-exec-3] c.S.I.Prep.Platform.service.AuthService  : Login attempt for email: sam@gmail.com
2026-05-06T15:37:20.241+05:30 DEBUG 28452 --- [Smart-Interview-Prep-Platform] [http-nio-8080-exec-2] o.s.security.web.FilterChainProxy        : Securing POST /api/user/quiz/start
2026-05-06T15:37:20.246+05:30  INFO 28452 --- [Smart-Interview-Prep-Platform] [http-nio-8080-exec-2] c.S.I.P.Platform.security.JwtAuthFilter  : JWT Filter Bearer eyJhbGciOiJIUzI1NiJ9.eyJzdWIiOiJzYW1AZ21haWwuY29tIiwicm9sZSI6IkFETUlOIiwiaWF0IjoxNzc4MDYyMDI1LCJleHAiOjE3NzgxNDg0MjV9.ncnztVCTjAYL7u9ZkmdIbFlZlUuK9o1JIBAtiK7-jH0
2026-05-06T15:37:20.248+05:30  INFO 28452 --- [Smart-Interview-Prep-Platform] [http-nio-8080-exec-2] c.S.I.P.Platform.security.JwtAuthFilter  : Token eyJhbGciOiJIUzI1NiJ9.eyJzdWIiOiJzYW1AZ21haWwuY29tIiwicm9sZSI6IkFETUlOIiwiaWF0IjoxNzc4MDYyMDI1LCJleHAiOjE3NzgxNDg0MjV9.ncnztVCTjAYL7u9ZkmdIbFlZlUuK9o1JIBAtiK7-jH0
2026-05-06T15:37:20.431+05:30  INFO 28452 --- [Smart-Interview-Prep-Platform] [http-nio-8080-exec-2] c.S.I.P.Platform.security.JwtAuthFilter  : Token Filter email sam@gmail.com
2026-05-06T15:37:20.431+05:30  INFO 28452 --- [Smart-Interview-Prep-Platform] [http-nio-8080-exec-2] c.S.I.P.Platform.security.JwtAuthFilter  : Token Filter auth UsernamePasswordAuthenticationToken [Principal=sam@gmail.com, Credentials=[PROTECTED], Authenticated=true, Details=null, Granted Authorities=[ROLE_ADMIN]]
2026-05-06T15:37:20.438+05:30 DEBUG 28452 --- [Smart-Interview-Prep-Platform] [http-nio-8080-exec-2] o.s.security.web.FilterChainProxy        : Secured POST /api/user/quiz/start
2026-05-06T15:37:20.737+05:30  INFO 28452 --- [Smart-Interview-Prep-Platform] [http-nio-8080-exec-2] c.S.I.Prep.Platform.service.QuizService  : Questions [Question(id=1, questions=Two Sum, description=Find two numbers that add up to target, Answer=java, topic=DSA, difficulty=Easy, createdBy=sam@gmail.com, optionA=null, optionB=null, optionC=null, optionD=null), Question(id=2, questions=Two Sum, description=Find two numbers that add up to target, Answer=null, topic=DSA, difficulty=Easy, createdBy=sam@gmail.com, optionA=null, optionB=null, optionC=null, optionD=null)]
2026-05-06T15:37:35.831+05:30 DEBUG 28452 --- [Smart-Interview-Prep-Platform] [http-nio-8080-exec-4] o.s.security.web.FilterChainProxy        : Securing POST /api/user/quiz/submit
2026-05-06T15:37:35.831+05:30  INFO 28452 --- [Smart-Interview-Prep-Platform] [http-nio-8080-exec-4] c.S.I.P.Platform.security.JwtAuthFilter  : JWT Filter Bearer eyJhbGciOiJIUzI1NiJ9.eyJzdWIiOiJzYW1AZ21haWwuY29tIiwicm9sZSI6IkFETUlOIiwiaWF0IjoxNzc4MDYyMDI1LCJleHAiOjE3NzgxNDg0MjV9.ncnztVCTjAYL7u9ZkmdIbFlZlUuK9o1JIBAtiK7-jH0
2026-05-06T15:37:35.831+05:30  INFO 28452 --- [Smart-Interview-Prep-Platform] [http-nio-8080-exec-4] c.S.I.P.Platform.security.JwtAuthFilter  : Token eyJhbGciOiJIUzI1NiJ9.eyJzdWIiOiJzYW1AZ21haWwuY29tIiwicm9sZSI6IkFETUlOIiwiaWF0IjoxNzc4MDYyMDI1LCJleHAiOjE3NzgxNDg0MjV9.ncnztVCTjAYL7u9ZkmdIbFlZlUuK9o1JIBAtiK7-jH0
2026-05-06T15:37:35.839+05:30  INFO 28452 --- [Smart-Interview-Prep-Platform] [http-nio-8080-exec-4] c.S.I.P.Platform.security.JwtAuthFilter  : Token Filter email sam@gmail.com
2026-05-06T15:37:35.839+05:30  INFO 28452 --- [Smart-Interview-Prep-Platform] [http-nio-8080-exec-4] c.S.I.P.Platform.security.JwtAuthFilter  : Token Filter auth UsernamePasswordAuthenticationToken [Principal=sam@gmail.com, Credentials=[PROTECTED], Authenticated=true, Details=null, Granted Authorities=[ROLE_ADMIN]]
2026-05-06T15:37:35.839+05:30 DEBUG 28452 --- [Smart-Interview-Prep-Platform] [http-nio-8080-exec-4] o.s.security.web.FilterChainProxy        : Secured POST /api/user/quiz/submit
2026-05-06T15:37:35.891+05:30 ERROR 28452 --- [Smart-Interview-Prep-Platform] [http-nio-8080-exec-4] o.a.c.c.C.[.[.[/].[dispatcherServlet]    : Servlet.service() for servlet [dispatcherServlet] in context with path [] threw exception [Request processing failed: org.springframework.http.converter.HttpMessageConversionException: Type definition error: [simple type, class com.Smart.Interview.Prep.Platform.dto.Quiz.QuizSubmitRequest$QuizSubmitRequest]] with root cause

com.fasterxml.jackson.databind.exc.InvalidDefinitionException: Cannot construct instance of `com.Smart.Interview.Prep.Platform.dto.Quiz.QuizSubmitRequest$QuizSubmitRequest`: non-static inner classes like this can only by instantiated using default, no-argument constructor
 at [Source: (org.springframework.util.StreamUtils$NonClosingInputStream); line: 2, column: 5]
	at com.fasterxml.jackson.databind.exc.InvalidDefinitionException.from(InvalidDefinitionException.java:67) ~[jackson-databind-2.15.4.jar:2.15.4]
	at com.fasterxml.jackson.databind.DeserializationContext.reportBadDefinition(DeserializationContext.java:1915) ~[jackson-databind-2.15.4.jar:2.15.4]
	at com.fasterxml.jackson.databind.DatabindContext.reportBadDefinition(DatabindContext.java:414) ~[jackson-databind-2.15.4.jar:2.15.4]
	at com.fasterxml.jackson.databind.DeserializationContext.handleMissingInstantiator(DeserializationContext.java:1355) ~[jackson-databind-2.15.4.jar:2.15.4]
	at com.fasterxml.jackson.databind.deser.BeanDeserializerBase.deserializeFromObjectUsingNonDefault(BeanDeserializerBase.java:1426) ~[jackson-databind-2.15.4.jar:2.15.4]
	at com.fasterxml.jackson.databind.deser.BeanDeserializer.deserializeFromObject(BeanDeserializer.java:352) ~[jackson-databind-2.15.4.jar:2.15.4]
	at com.fasterxml.jackson.databind.deser.BeanDeserializer.deserialize(BeanDeserializer.java:185) ~[jackson-databind-2.15.4.jar:2.15.4]
	at com.fasterxml.jackson.databind.deser.DefaultDeserializationContext.readRootValue(DefaultDeserializationContext.java:323) ~[jackson-databind-2.15.4.jar:2.15.4]
	at com.fasterxml.jackson.databind.ObjectReader._bindAndClose(ObjectReader.java:2105) ~[jackson-databind-2.15.4.jar:2.15.4]
	at com.fasterxml.jackson.databind.ObjectReader.readValue(ObjectReader.java:1481) ~[jackson-databind-2.15.4.jar:2.15.4]
	at org.springframework.http.converter.json.AbstractJackson2HttpMessageConverter.readJavaType(AbstractJackson2HttpMessageConverter.java:395) ~[spring-web-6.1.6.jar:6.1.6]
	at org.springframework.http.converter.json.AbstractJackson2HttpMessageConverter.read(AbstractJackson2HttpMessageConverter.java:354) ~[spring-web-6.1.6.jar:6.1.6]
	at org.springframework.web.servlet.mvc.method.annotation.AbstractMessageConverterMethodArgumentResolver.readWithMessageConverters(AbstractMessageConverterMethodArgumentResolver.java:184) ~[spring-webmvc-6.1.6.jar:6.1.6]
	at org.springframework.web.servlet.mvc.method.annotation.RequestResponseBodyMethodProcessor.readWithMessageConverters(RequestResponseBodyMethodProcessor.java:161) ~[spring-webmvc-6.1.6.jar:6.1.6]
	at org.springframework.web.servlet.mvc.method.annotation.RequestResponseBodyMethodProcessor.resolveArgument(RequestResponseBodyMethodProcessor.java:135) ~[spring-webmvc-6.1.6.jar:6.1.6]
	at org.springframework.web.method.support.HandlerMethodArgumentResolverComposite.resolveArgument(HandlerMethodArgumentResolverComposite.java:122) ~[spring-web-6.1.6.jar:6.1.6]
	at org.springframework.web.method.support.InvocableHandlerMethod.getMethodArgumentValues(InvocableHandlerMethod.java:224) ~[spring-web-6.1.6.jar:6.1.6]
	at org.springframework.web.method.support.InvocableHandlerMethod.invokeForRequest(InvocableHandlerMethod.java:178) ~[spring-web-6.1.6.jar:6.1.6]
	at org.springframework.web.servlet.mvc.method.annotation.ServletInvocableHandlerMethod.invokeAndHandle(ServletInvocableHandlerMethod.java:118) ~[spring-webmvc-6.1.6.jar:6.1.6]
	at org.springframework.web.servlet.mvc.method.annotation.RequestMappingHandlerAdapter.invokeHandlerMethod(RequestMappingHandlerAdapter.java:926) ~[spring-webmvc-6.1.6.jar:6.1.6]
	at org.springframework.web.servlet.mvc.method.annotation.RequestMappingHandlerAdapter.handleInternal(RequestMappingHandlerAdapter.java:831) ~[spring-webmvc-6.1.6.jar:6.1.6]
	at org.springframework.web.servlet.mvc.method.AbstractHandlerMethodAdapter.handle(AbstractHandlerMethodAdapter.java:87) ~[spring-webmvc-6.1.6.jar:6.1.6]
	at org.springframework.web.servlet.DispatcherServlet.doDispatch(DispatcherServlet.java:1089) ~[spring-webmvc-6.1.6.jar:6.1.6]
	at org.springframework.web.servlet.DispatcherServlet.doService(DispatcherServlet.java:979) ~[spring-webmvc-6.1.6.jar:6.1.6]
	at org.springframework.web.servlet.FrameworkServlet.processRequest(FrameworkServlet.java:1014) ~[spring-webmvc-6.1.6.jar:6.1.6]
	at org.springframework.web.servlet.FrameworkServlet.doPost(FrameworkServlet.java:914) ~[spring-webmvc-6.1.6.jar:6.1.6]
	at jakarta.servlet.http.HttpServlet.service(HttpServlet.java:590) ~[tomcat-embed-core-10.1.20.jar:6.0]
	at org.springframework.web.servlet.FrameworkServlet.service(FrameworkServlet.java:885) ~[spring-webmvc-6.1.6.jar:6.1.6]
	at jakarta.servlet.http.HttpServlet.service(HttpServlet.java:658) ~[tomcat-embed-core-10.1.20.jar:6.0]
	at org.apache.catalina.core.ApplicationFilterChain.internalDoFilter(ApplicationFilterChain.java:206) ~[tomcat-embed-core-10.1.20.jar:10.1.20]
	at org.apache.catalina.core.ApplicationFilterChain.doFilter(ApplicationFilterChain.java:150) ~[tomcat-embed-core-10.1.20.jar:10.1.20]
	at org.apache.tomcat.websocket.server.WsFilter.doFilter(WsFilter.java:51) ~[tomcat-embed-websocket-10.1.20.jar:10.1.20]
	at org.apache.catalina.core.ApplicationFilterChain.internalDoFilter(ApplicationFilterChain.java:175) ~[tomcat-embed-core-10.1.20.jar:10.1.20]
	at org.apache.catalina.core.ApplicationFilterChain.doFilter(ApplicationFilterChain.java:150) ~[tomcat-embed-core-10.1.20.jar:10.1.20]
	at org.springframework.web.filter.OncePerRequestFilter.doFilter(OncePerRequestFilter.java:110) ~[spring-web-6.1.6.jar:6.1.6]
	at org.apache.catalina.core.ApplicationFilterChain.internalDoFilter(ApplicationFilterChain.java:175) ~[tomcat-embed-core-10.1.20.jar:10.1.20]
	at org.apache.catalina.core.ApplicationFilterChain.doFilter(ApplicationFilterChain.java:150) ~[tomcat-embed-core-10.1.20.jar:10.1.20]
	at org.springframework.web.filter.CompositeFilter$VirtualFilterChain.doFilter(CompositeFilter.java:108) ~[spring-web-6.1.6.jar:6.1.6]
	at org.springframework.security.web.FilterChainProxy.lambda$doFilterInternal$3(FilterChainProxy.java:231) ~[spring-security-web-6.2.4.jar:6.2.4]
	at org.springframework.security.web.FilterChainProxy$VirtualFilterChain.doFilter(FilterChainProxy.java:365) ~[spring-security-web-6.2.4.jar:6.2.4]
	at org.springframework.security.web.access.intercept.AuthorizationFilter.doFilter(AuthorizationFilter.java:100) ~[spring-security-web-6.2.4.jar:6.2.4]
	at org.springframework.security.web.FilterChainProxy$VirtualFilterChain.doFilter(FilterChainProxy.java:374) ~[spring-security-web-6.2.4.jar:6.2.4]
	at org.springframework.security.web.access.ExceptionTranslationFilter.doFilter(ExceptionTranslationFilter.java:126) ~[spring-security-web-6.2.4.jar:6.2.4]
	at org.springframework.security.web.access.ExceptionTranslationFilter.doFilter(ExceptionTranslationFilter.java:120) ~[spring-security-web-6.2.4.jar:6.2.4]
	at org.springframework.security.web.FilterChainProxy$VirtualFilterChain.doFilter(FilterChainProxy.java:374) ~[spring-security-web-6.2.4.jar:6.2.4]
	at org.springframework.security.web.session.SessionManagementFilter.doFilter(SessionManagementFilter.java:131) ~[spring-security-web-6.2.4.jar:6.2.4]
	at org.springframework.security.web.session.SessionManagementFilter.doFilter(SessionManagementFilter.java:85) ~[spring-security-web-6.2.4.jar:6.2.4]
	at org.springframework.security.web.FilterChainProxy$VirtualFilterChain.doFilter(FilterChainProxy.java:374) ~[spring-security-web-6.2.4.jar:6.2.4]
	at org.springframework.security.web.authentication.AnonymousAuthenticationFilter.doFilter(AnonymousAuthenticationFilter.java:100) ~[spring-security-web-6.2.4.jar:6.2.4]
	at org.springframework.security.web.FilterChainProxy$VirtualFilterChain.doFilter(FilterChainProxy.java:374) ~[spring-security-web-6.2.4.jar:6.2.4]
	at org.springframework.security.web.servletapi.SecurityContextHolderAwareRequestFilter.doFilter(SecurityContextHolderAwareRequestFilter.java:179) ~[spring-security-web-6.2.4.jar:6.2.4]
	at org.springframework.security.web.FilterChainProxy$VirtualFilterChain.doFilter(FilterChainProxy.java:374) ~[spring-security-web-6.2.4.jar:6.2.4]
	at org.springframework.security.web.savedrequest.RequestCacheAwareFilter.doFilter(RequestCacheAwareFilter.java:63) ~[spring-security-web-6.2.4.jar:6.2.4]
	at org.springframework.security.web.FilterChainProxy$VirtualFilterChain.doFilter(FilterChainProxy.java:374) ~[spring-security-web-6.2.4.jar:6.2.4]
	at com.Smart.Interview.Prep.Platform.security.JwtAuthFilter.doFilterInternal(JwtAuthFilter.java:68) ~[classes/:na]
	at org.springframework.web.filter.OncePerRequestFilter.doFilter(OncePerRequestFilter.java:116) ~[spring-web-6.1.6.jar:6.1.6]
	at org.springframework.security.web.FilterChainProxy$VirtualFilterChain.doFilter(FilterChainProxy.java:374) ~[spring-security-web-6.2.4.jar:6.2.4]
	at org.springframework.security.web.authentication.logout.LogoutFilter.doFilter(LogoutFilter.java:107) ~[spring-security-web-6.2.4.jar:6.2.4]
	at org.springframework.security.web.authentication.logout.LogoutFilter.doFilter(LogoutFilter.java:93) ~[spring-security-web-6.2.4.jar:6.2.4]
	at org.springframework.security.web.FilterChainProxy$VirtualFilterChain.doFilter(FilterChainProxy.java:374) ~[spring-security-web-6.2.4.jar:6.2.4]
	at org.springframework.web.filter.CorsFilter.doFilterInternal(CorsFilter.java:91) ~[spring-web-6.1.6.jar:6.1.6]
	at org.springframework.web.filter.OncePerRequestFilter.doFilter(OncePerRequestFilter.java:116) ~[spring-web-6.1.6.jar:6.1.6]
	at org.springframework.security.web.FilterChainProxy$VirtualFilterChain.doFilter(FilterChainProxy.java:374) ~[spring-security-web-6.2.4.jar:6.2.4]
	at org.springframework.security.web.header.HeaderWriterFilter.doHeadersAfter(HeaderWriterFilter.java:90) ~[spring-security-web-6.2.4.jar:6.2.4]
	at org.springframework.security.web.header.HeaderWriterFilter.doFilterInternal(HeaderWriterFilter.java:75) ~[spring-security-web-6.2.4.jar:6.2.4]
	at org.springframework.web.filter.OncePerRequestFilter.doFilter(OncePerRequestFilter.java:116) ~[spring-web-6.1.6.jar:6.1.6]
	at org.springframework.security.web.FilterChainProxy$VirtualFilterChain.doFilter(FilterChainProxy.java:374) ~[spring-security-web-6.2.4.jar:6.2.4]
	at org.springframework.security.web.context.SecurityContextHolderFilter.doFilter(SecurityContextHolderFilter.java:82) ~[spring-security-web-6.2.4.jar:6.2.4]
	at org.springframework.security.web.context.SecurityContextHolderFilter.doFilter(SecurityContextHolderFilter.java:69) ~[spring-security-web-6.2.4.jar:6.2.4]
	at org.springframework.security.web.FilterChainProxy$VirtualFilterChain.doFilter(FilterChainProxy.java:374) ~[spring-security-web-6.2.4.jar:6.2.4]
	at org.springframework.security.web.context.request.async.WebAsyncManagerIntegrationFilter.doFilterInternal(WebAsyncManagerIntegrationFilter.java:62) ~[spring-security-web-6.2.4.jar:6.2.4]
	at org.springframework.web.filter.OncePerRequestFilter.doFilter(OncePerRequestFilter.java:116) ~[spring-web-6.1.6.jar:6.1.6]
	at org.springframework.security.web.FilterChainProxy$VirtualFilterChain.doFilter(FilterChainProxy.java:374) ~[spring-security-web-6.2.4.jar:6.2.4]
	at org.springframework.security.web.session.DisableEncodeUrlFilter.doFilterInternal(DisableEncodeUrlFilter.java:42) ~[spring-security-web-6.2.4.jar:6.2.4]
	at org.springframework.web.filter.OncePerRequestFilter.doFilter(OncePerRequestFilter.java:116) ~[spring-web-6.1.6.jar:6.1.6]
	at org.springframework.security.web.FilterChainProxy$VirtualFilterChain.doFilter(FilterChainProxy.java:374) ~[spring-security-web-6.2.4.jar:6.2.4]
	at org.springframework.security.web.FilterChainProxy.doFilterInternal(FilterChainProxy.java:233) ~[spring-security-web-6.2.4.jar:6.2.4]
	at org.springframework.security.web.FilterChainProxy.doFilter(FilterChainProxy.java:191) ~[spring-security-web-6.2.4.jar:6.2.4]
	at org.springframework.web.filter.CompositeFilter$VirtualFilterChain.doFilter(CompositeFilter.java:113) ~[spring-web-6.1.6.jar:6.1.6]
	at org.springframework.web.servlet.handler.HandlerMappingIntrospector.lambda$createCacheFilter$3(HandlerMappingIntrospector.java:195) ~[spring-webmvc-6.1.6.jar:6.1.6]
	at org.springframework.web.filter.CompositeFilter$VirtualFilterChain.doFilter(CompositeFilter.java:113) ~[spring-web-6.1.6.jar:6.1.6]
	at org.springframework.web.filter.CompositeFilter.doFilter(CompositeFilter.java:74) ~[spring-web-6.1.6.jar:6.1.6]
	at org.springframework.security.config.annotation.web.configuration.WebMvcSecurityConfiguration$CompositeFilterChainProxy.doFilter(WebMvcSecurityConfiguration.java:230) ~[spring-security-config-6.2.4.jar:6.2.4]
	at org.springframework.web.filter.DelegatingFilterProxy.invokeDelegate(DelegatingFilterProxy.java:352) ~[spring-web-6.1.6.jar:6.1.6]
	at org.springframework.web.filter.DelegatingFilterProxy.doFilter(DelegatingFilterProxy.java:268) ~[spring-web-6.1.6.jar:6.1.6]
	at org.apache.catalina.core.ApplicationFilterChain.internalDoFilter(ApplicationFilterChain.java:175) ~[tomcat-embed-core-10.1.20.jar:10.1.20]
	at org.apache.catalina.core.ApplicationFilterChain.doFilter(ApplicationFilterChain.java:150) ~[tomcat-embed-core-10.1.20.jar:10.1.20]
	at org.springframework.web.filter.RequestContextFilter.doFilterInternal(RequestContextFilter.java:100) ~[spring-web-6.1.6.jar:6.1.6]
	at org.springframework.web.filter.OncePerRequestFilter.doFilter(OncePerRequestFilter.java:116) ~[spring-web-6.1.6.jar:6.1.6]
	at org.apache.catalina.core.ApplicationFilterChain.internalDoFilter(ApplicationFilterChain.java:175) ~[tomcat-embed-core-10.1.20.jar:10.1.20]
	at org.apache.catalina.core.ApplicationFilterChain.doFilter(ApplicationFilterChain.java:150) ~[tomcat-embed-core-10.1.20.jar:10.1.20]
	at org.springframework.web.filter.FormContentFilter.doFilterInternal(FormContentFilter.java:93) ~[spring-web-6.1.6.jar:6.1.6]
	at org.springframework.web.filter.OncePerRequestFilter.doFilter(OncePerRequestFilter.java:116) ~[spring-web-6.1.6.jar:6.1.6]
	at org.apache.catalina.core.ApplicationFilterChain.internalDoFilter(ApplicationFilterChain.java:175) ~[tomcat-embed-core-10.1.20.jar:10.1.20]
	at org.apache.catalina.core.ApplicationFilterChain.doFilter(ApplicationFilterChain.java:150) ~[tomcat-embed-core-10.1.20.jar:10.1.20]
	at org.springframework.web.filter.CharacterEncodingFilter.doFilterInternal(CharacterEncodingFilter.java:201) ~[spring-web-6.1.6.jar:6.1.6]
	at org.springframework.web.filter.OncePerRequestFilter.doFilter(OncePerRequestFilter.java:116) ~[spring-web-6.1.6.jar:6.1.6]
	at org.apache.catalina.core.ApplicationFilterChain.internalDoFilter(ApplicationFilterChain.java:175) ~[tomcat-embed-core-10.1.20.jar:10.1.20]
	at org.apache.catalina.core.ApplicationFilterChain.doFilter(ApplicationFilterChain.java:150) ~[tomcat-embed-core-10.1.20.jar:10.1.20]
	at org.apache.catalina.core.StandardWrapperValve.invoke(StandardWrapperValve.java:167) ~[tomcat-embed-core-10.1.20.jar:10.1.20]
	at org.apache.catalina.core.StandardContextValve.invoke(StandardContextValve.java:90) ~[tomcat-embed-core-10.1.20.jar:10.1.20]
	at org.apache.catalina.authenticator.AuthenticatorBase.invoke(AuthenticatorBase.java:482) ~[tomcat-embed-core-10.1.20.jar:10.1.20]
	at org.apache.catalina.core.StandardHostValve.invoke(StandardHostValve.java:115) ~[tomcat-embed-core-10.1.20.jar:10.1.20]
	at org.apache.catalina.valves.ErrorReportValve.invoke(ErrorReportValve.java:93) ~[tomcat-embed-core-10.1.20.jar:10.1.20]
	at org.apache.catalina.core.StandardEngineValve.invoke(StandardEngineValve.java:74) ~[tomcat-embed-core-10.1.20.jar:10.1.20]
	at org.apache.catalina.connector.CoyoteAdapter.service(CoyoteAdapter.java:344) ~[tomcat-embed-core-10.1.20.jar:10.1.20]
	at org.apache.coyote.http11.Http11Processor.service(Http11Processor.java:391) ~[tomcat-embed-core-10.1.20.jar:10.1.20]
	at org.apache.coyote.AbstractProcessorLight.process(AbstractProcessorLight.java:63) ~[tomcat-embed-core-10.1.20.jar:10.1.20]
	at org.apache.coyote.AbstractProtocol$ConnectionHandler.process(AbstractProtocol.java:896) ~[tomcat-embed-core-10.1.20.jar:10.1.20]
	at org.apache.tomcat.util.net.NioEndpoint$SocketProcessor.doRun(NioEndpoint.java:1736) ~[tomcat-embed-core-10.1.20.jar:10.1.20]
	at org.apache.tomcat.util.net.SocketProcessorBase.run(SocketProcessorBase.java:52) ~[tomcat-embed-core-10.1.20.jar:10.1.20]
	at org.apache.tomcat.util.threads.ThreadPoolExecutor.runWorker(ThreadPoolExecutor.java:1191) ~[tomcat-embed-core-10.1.20.jar:10.1.20]
	at org.apache.tomcat.util.threads.ThreadPoolExecutor$Worker.run(ThreadPoolExecutor.java:659) ~[tomcat-embed-core-10.1.20.jar:10.1.20]
	at org.apache.tomcat.util.threads.TaskThread$WrappingRunnable.run(TaskThread.java:63) ~[tomcat-embed-core-10.1.20.jar:10.1.20]
	at java.base/java.lang.Thread.run(Thread.java:1583) ~[na:na]

2026-05-06T15:37:35.997+05:30 DEBUG 28452 --- [Smart-Interview-Prep-Platform] [http-nio-8080-exec-4] o.s.security.web.FilterChainProxy        : Securing POST /error
2026-05-06T15:37:35.997+05:30 DEBUG 28452 --- [Smart-Interview-Prep-Platform] [http-nio-8080-exec-4] o.s.s.w.a.AnonymousAuthenticationFilter  : Set SecurityContextHolder to anonymous SecurityContext
2026-05-06T15:37:36.013+05:30 DEBUG 28452 --- [Smart-Interview-Prep-Platform] [http-nio-8080-exec-4] o.s.s.w.a.Http403ForbiddenEntryPoint     : Pre-authenticated entry point called. Rejecting access
2026-05-06T15:38:23.722+05:30 DEBUG 28452 --- [Smart-Interview-Prep-Platform] [http-nio-8080-exec-5] o.s.security.web.FilterChainProxy        : Securing POST /api/user/quiz/submit
2026-05-06T15:38:23.722+05:30  INFO 28452 --- [Smart-Interview-Prep-Platform] [http-nio-8080-exec-5] c.S.I.P.Platform.security.JwtAuthFilter  : JWT Filter Bearer eyJhbGciOiJIUzI1NiJ9.eyJzdWIiOiJzYW1AZ21haWwuY29tIiwicm9sZSI6IkFETUlOIiwiaWF0IjoxNzc4MDYyMDI1LCJleHAiOjE3NzgxNDg0MjV9.ncnztVCTjAYL7u9ZkmdIbFlZlUuK9o1JIBAtiK7-jH0
2026-05-06T15:38:23.722+05:30  INFO 28452 --- [Smart-Interview-Prep-Platform] [http-nio-8080-exec-5] c.S.I.P.Platform.security.JwtAuthFilter  : Token eyJhbGciOiJIUzI1NiJ9.eyJzdWIiOiJzYW1AZ21haWwuY29tIiwicm9sZSI6IkFETUlOIiwiaWF0IjoxNzc4MDYyMDI1LCJleHAiOjE3NzgxNDg0MjV9.ncnztVCTjAYL7u9ZkmdIbFlZlUuK9o1JIBAtiK7-jH0
2026-05-06T15:38:23.738+05:30  INFO 28452 --- [Smart-Interview-Prep-Platform] [http-nio-8080-exec-5] c.S.I.P.Platform.security.JwtAuthFilter  : Token Filter email sam@gmail.com
2026-05-06T15:38:23.738+05:30  INFO 28452 --- [Smart-Interview-Prep-Platform] [http-nio-8080-exec-5] c.S.I.P.Platform.security.JwtAuthFilter  : Token Filter auth UsernamePasswordAuthenticationToken [Principal=sam@gmail.com, Credentials=[PROTECTED], Authenticated=true, Details=null, Granted Authorities=[ROLE_ADMIN]]
2026-05-06T15:38:23.740+05:30 DEBUG 28452 --- [Smart-Interview-Prep-Platform] [http-nio-8080-exec-5] o.s.security.web.FilterChainProxy        : Secured POST /api/user/quiz/submit
2026-05-06T15:38:23.745+05:30 ERROR 28452 --- [Smart-Interview-Prep-Platform] [http-nio-8080-exec-5] o.a.c.c.C.[.[.[/].[dispatcherServlet]    : Servlet.service() for servlet [dispatcherServlet] in context with path [] threw exception [Request processing failed: org.springframework.http.converter.HttpMessageConversionException: Type definition error: [simple type, class com.Smart.Interview.Prep.Platform.dto.Quiz.QuizSubmitRequest$QuizSubmitRequest]] with root cause

com.fasterxml.jackson.databind.exc.InvalidDefinitionException: Cannot construct instance of `com.Smart.Interview.Prep.Platform.dto.Quiz.QuizSubmitRequest$QuizSubmitRequest`: non-static inner classes like this can only by instantiated using default, no-argument constructor
 at [Source: (org.springframework.util.StreamUtils$NonClosingInputStream); line: 2, column: 5]
	at com.fasterxml.jackson.databind.exc.InvalidDefinitionException.from(InvalidDefinitionException.java:67) ~[jackson-databind-2.15.4.jar:2.15.4]
	at com.fasterxml.jackson.databind.DeserializationContext.reportBadDefinition(DeserializationContext.java:1915) ~[jackson-databind-2.15.4.jar:2.15.4]
	at com.fasterxml.jackson.databind.DatabindContext.reportBadDefinition(DatabindContext.java:414) ~[jackson-databind-2.15.4.jar:2.15.4]
	at com.fasterxml.jackson.databind.DeserializationContext.handleMissingInstantiator(DeserializationContext.java:1355) ~[jackson-databind-2.15.4.jar:2.15.4]
	at com.fasterxml.jackson.databind.deser.BeanDeserializerBase.deserializeFromObjectUsingNonDefault(BeanDeserializerBase.java:1426) ~[jackson-databind-2.15.4.jar:2.15.4]
	at com.fasterxml.jackson.databind.deser.BeanDeserializer.deserializeFromObject(BeanDeserializer.java:352) ~[jackson-databind-2.15.4.jar:2.15.4]
	at com.fasterxml.jackson.databind.deser.BeanDeserializer.deserialize(BeanDeserializer.java:185) ~[jackson-databind-2.15.4.jar:2.15.4]
	at com.fasterxml.jackson.databind.deser.DefaultDeserializationContext.readRootValue(DefaultDeserializationContext.java:323) ~[jackson-databind-2.15.4.jar:2.15.4]
	at com.fasterxml.jackson.databind.ObjectReader._bindAndClose(ObjectReader.java:2105) ~[jackson-databind-2.15.4.jar:2.15.4]
	at com.fasterxml.jackson.databind.ObjectReader.readValue(ObjectReader.java:1481) ~[jackson-databind-2.15.4.jar:2.15.4]
	at org.springframework.http.converter.json.AbstractJackson2HttpMessageConverter.readJavaType(AbstractJackson2HttpMessageConverter.java:395) ~[spring-web-6.1.6.jar:6.1.6]
	at org.springframework.http.converter.json.AbstractJackson2HttpMessageConverter.read(AbstractJackson2HttpMessageConverter.java:354) ~[spring-web-6.1.6.jar:6.1.6]
	at org.springframework.web.servlet.mvc.method.annotation.AbstractMessageConverterMethodArgumentResolver.readWithMessageConverters(AbstractMessageConverterMethodArgumentResolver.java:184) ~[spring-webmvc-6.1.6.jar:6.1.6]
	at org.springframework.web.servlet.mvc.method.annotation.RequestResponseBodyMethodProcessor.readWithMessageConverters(RequestResponseBodyMethodProcessor.java:161) ~[spring-webmvc-6.1.6.jar:6.1.6]
	at org.springframework.web.servlet.mvc.method.annotation.RequestResponseBodyMethodProcessor.resolveArgument(RequestResponseBodyMethodProcessor.java:135) ~[spring-webmvc-6.1.6.jar:6.1.6]
	at org.springframework.web.method.support.HandlerMethodArgumentResolverComposite.resolveArgument(HandlerMethodArgumentResolverComposite.java:122) ~[spring-web-6.1.6.jar:6.1.6]
	at org.springframework.web.method.support.InvocableHandlerMethod.getMethodArgumentValues(InvocableHandlerMethod.java:224) ~[spring-web-6.1.6.jar:6.1.6]
	at org.springframework.web.method.support.InvocableHandlerMethod.invokeForRequest(InvocableHandlerMethod.java:178) ~[spring-web-6.1.6.jar:6.1.6]
	at org.springframework.web.servlet.mvc.method.annotation.ServletInvocableHandlerMethod.invokeAndHandle(ServletInvocableHandlerMethod.java:118) ~[spring-webmvc-6.1.6.jar:6.1.6]
	at org.springframework.web.servlet.mvc.method.annotation.RequestMappingHandlerAdapter.invokeHandlerMethod(RequestMappingHandlerAdapter.java:926) ~[spring-webmvc-6.1.6.jar:6.1.6]
	at org.springframework.web.servlet.mvc.method.annotation.RequestMappingHandlerAdapter.handleInternal(RequestMappingHandlerAdapter.java:831) ~[spring-webmvc-6.1.6.jar:6.1.6]
	at org.springframework.web.servlet.mvc.method.AbstractHandlerMethodAdapter.handle(AbstractHandlerMethodAdapter.java:87) ~[spring-webmvc-6.1.6.jar:6.1.6]
	at org.springframework.web.servlet.DispatcherServlet.doDispatch(DispatcherServlet.java:1089) ~[spring-webmvc-6.1.6.jar:6.1.6]
	at org.springframework.web.servlet.DispatcherServlet.doService(DispatcherServlet.java:979) ~[spring-webmvc-6.1.6.jar:6.1.6]
	at org.springframework.web.servlet.FrameworkServlet.processRequest(FrameworkServlet.java:1014) ~[spring-webmvc-6.1.6.jar:6.1.6]
	at org.springframework.web.servlet.FrameworkServlet.doPost(FrameworkServlet.java:914) ~[spring-webmvc-6.1.6.jar:6.1.6]
	at jakarta.servlet.http.HttpServlet.service(HttpServlet.java:590) ~[tomcat-embed-core-10.1.20.jar:6.0]
	at org.springframework.web.servlet.FrameworkServlet.service(FrameworkServlet.java:885) ~[spring-webmvc-6.1.6.jar:6.1.6]
	at jakarta.servlet.http.HttpServlet.service(HttpServlet.java:658) ~[tomcat-embed-core-10.1.20.jar:6.0]
	at org.apache.catalina.core.ApplicationFilterChain.internalDoFilter(ApplicationFilterChain.java:206) ~[tomcat-embed-core-10.1.20.jar:10.1.20]
	at org.apache.catalina.core.ApplicationFilterChain.doFilter(ApplicationFilterChain.java:150) ~[tomcat-embed-core-10.1.20.jar:10.1.20]
	at org.apache.tomcat.websocket.server.WsFilter.doFilter(WsFilter.java:51) ~[tomcat-embed-websocket-10.1.20.jar:10.1.20]
	at org.apache.catalina.core.ApplicationFilterChain.internalDoFilter(ApplicationFilterChain.java:175) ~[tomcat-embed-core-10.1.20.jar:10.1.20]
	at org.apache.catalina.core.ApplicationFilterChain.doFilter(ApplicationFilterChain.java:150) ~[tomcat-embed-core-10.1.20.jar:10.1.20]
	at org.springframework.web.filter.OncePerRequestFilter.doFilter(OncePerRequestFilter.java:110) ~[spring-web-6.1.6.jar:6.1.6]
	at org.apache.catalina.core.ApplicationFilterChain.internalDoFilter(ApplicationFilterChain.java:175) ~[tomcat-embed-core-10.1.20.jar:10.1.20]
	at org.apache.catalina.core.ApplicationFilterChain.doFilter(ApplicationFilterChain.java:150) ~[tomcat-embed-core-10.1.20.jar:10.1.20]
	at org.springframework.web.filter.CompositeFilter$VirtualFilterChain.doFilter(CompositeFilter.java:108) ~[spring-web-6.1.6.jar:6.1.6]
	at org.springframework.security.web.FilterChainProxy.lambda$doFilterInternal$3(FilterChainProxy.java:231) ~[spring-security-web-6.2.4.jar:6.2.4]
	at org.springframework.security.web.FilterChainProxy$VirtualFilterChain.doFilter(FilterChainProxy.java:365) ~[spring-security-web-6.2.4.jar:6.2.4]
	at org.springframework.security.web.access.intercept.AuthorizationFilter.doFilter(AuthorizationFilter.java:100) ~[spring-security-web-6.2.4.jar:6.2.4]
	at org.springframework.security.web.FilterChainProxy$VirtualFilterChain.doFilter(FilterChainProxy.java:374) ~[spring-security-web-6.2.4.jar:6.2.4]
	at org.springframework.security.web.access.ExceptionTranslationFilter.doFilter(ExceptionTranslationFilter.java:126) ~[spring-security-web-6.2.4.jar:6.2.4]
	at org.springframework.security.web.access.ExceptionTranslationFilter.doFilter(ExceptionTranslationFilter.java:120) ~[spring-security-web-6.2.4.jar:6.2.4]
	at org.springframework.security.web.FilterChainProxy$VirtualFilterChain.doFilter(FilterChainProxy.java:374) ~[spring-security-web-6.2.4.jar:6.2.4]
	at org.springframework.security.web.session.SessionManagementFilter.doFilter(SessionManagementFilter.java:131) ~[spring-security-web-6.2.4.jar:6.2.4]
	at org.springframework.security.web.session.SessionManagementFilter.doFilter(SessionManagementFilter.java:85) ~[spring-security-web-6.2.4.jar:6.2.4]
	at org.springframework.security.web.FilterChainProxy$VirtualFilterChain.doFilter(FilterChainProxy.java:374) ~[spring-security-web-6.2.4.jar:6.2.4]
	at org.springframework.security.web.authentication.AnonymousAuthenticationFilter.doFilter(AnonymousAuthenticationFilter.java:100) ~[spring-security-web-6.2.4.jar:6.2.4]
	at org.springframework.security.web.FilterChainProxy$VirtualFilterChain.doFilter(FilterChainProxy.java:374) ~[spring-security-web-6.2.4.jar:6.2.4]
	at org.springframework.security.web.servletapi.SecurityContextHolderAwareRequestFilter.doFilter(SecurityContextHolderAwareRequestFilter.java:179) ~[spring-security-web-6.2.4.jar:6.2.4]
	at org.springframework.security.web.FilterChainProxy$VirtualFilterChain.doFilter(FilterChainProxy.java:374) ~[spring-security-web-6.2.4.jar:6.2.4]
	at org.springframework.security.web.savedrequest.RequestCacheAwareFilter.doFilter(RequestCacheAwareFilter.java:63) ~[spring-security-web-6.2.4.jar:6.2.4]
	at org.springframework.security.web.FilterChainProxy$VirtualFilterChain.doFilter(FilterChainProxy.java:374) ~[spring-security-web-6.2.4.jar:6.2.4]
	at com.Smart.Interview.Prep.Platform.security.JwtAuthFilter.doFilterInternal(JwtAuthFilter.java:68) ~[classes/:na]
	at org.springframework.web.filter.OncePerRequestFilter.doFilter(OncePerRequestFilter.java:116) ~[spring-web-6.1.6.jar:6.1.6]
	at org.springframework.security.web.FilterChainProxy$VirtualFilterChain.doFilter(FilterChainProxy.java:374) ~[spring-security-web-6.2.4.jar:6.2.4]
	at org.springframework.security.web.authentication.logout.LogoutFilter.doFilter(LogoutFilter.java:107) ~[spring-security-web-6.2.4.jar:6.2.4]
	at org.springframework.security.web.authentication.logout.LogoutFilter.doFilter(LogoutFilter.java:93) ~[spring-security-web-6.2.4.jar:6.2.4]
	at org.springframework.security.web.FilterChainProxy$VirtualFilterChain.doFilter(FilterChainProxy.java:374) ~[spring-security-web-6.2.4.jar:6.2.4]
	at org.springframework.web.filter.CorsFilter.doFilterInternal(CorsFilter.java:91) ~[spring-web-6.1.6.jar:6.1.6]
	at org.springframework.web.filter.OncePerRequestFilter.doFilter(OncePerRequestFilter.java:116) ~[spring-web-6.1.6.jar:6.1.6]
	at org.springframework.security.web.FilterChainProxy$VirtualFilterChain.doFilter(FilterChainProxy.java:374) ~[spring-security-web-6.2.4.jar:6.2.4]
	at org.springframework.security.web.header.HeaderWriterFilter.doHeadersAfter(HeaderWriterFilter.java:90) ~[spring-security-web-6.2.4.jar:6.2.4]
	at org.springframework.security.web.header.HeaderWriterFilter.doFilterInternal(HeaderWriterFilter.java:75) ~[spring-security-web-6.2.4.jar:6.2.4]
	at org.springframework.web.filter.OncePerRequestFilter.doFilter(OncePerRequestFilter.java:116) ~[spring-web-6.1.6.jar:6.1.6]
	at org.springframework.security.web.FilterChainProxy$VirtualFilterChain.doFilter(FilterChainProxy.java:374) ~[spring-security-web-6.2.4.jar:6.2.4]
	at org.springframework.security.web.context.SecurityContextHolderFilter.doFilter(SecurityContextHolderFilter.java:82) ~[spring-security-web-6.2.4.jar:6.2.4]
	at org.springframework.security.web.context.SecurityContextHolderFilter.doFilter(SecurityContextHolderFilter.java:69) ~[spring-security-web-6.2.4.jar:6.2.4]
	at org.springframework.security.web.FilterChainProxy$VirtualFilterChain.doFilter(FilterChainProxy.java:374) ~[spring-security-web-6.2.4.jar:6.2.4]
	at org.springframework.security.web.context.request.async.WebAsyncManagerIntegrationFilter.doFilterInternal(WebAsyncManagerIntegrationFilter.java:62) ~[spring-security-web-6.2.4.jar:6.2.4]
	at org.springframework.web.filter.OncePerRequestFilter.doFilter(OncePerRequestFilter.java:116) ~[spring-web-6.1.6.jar:6.1.6]
	at org.springframework.security.web.FilterChainProxy$VirtualFilterChain.doFilter(FilterChainProxy.java:374) ~[spring-security-web-6.2.4.jar:6.2.4]
	at org.springframework.security.web.session.DisableEncodeUrlFilter.doFilterInternal(DisableEncodeUrlFilter.java:42) ~[spring-security-web-6.2.4.jar:6.2.4]
	at org.springframework.web.filter.OncePerRequestFilter.doFilter(OncePerRequestFilter.java:116) ~[spring-web-6.1.6.jar:6.1.6]
	at org.springframework.security.web.FilterChainProxy$VirtualFilterChain.doFilter(FilterChainProxy.java:374) ~[spring-security-web-6.2.4.jar:6.2.4]
	at org.springframework.security.web.FilterChainProxy.doFilterInternal(FilterChainProxy.java:233) ~[spring-security-web-6.2.4.jar:6.2.4]
	at org.springframework.security.web.FilterChainProxy.doFilter(FilterChainProxy.java:191) ~[spring-security-web-6.2.4.jar:6.2.4]
	at org.springframework.web.filter.CompositeFilter$VirtualFilterChain.doFilter(CompositeFilter.java:113) ~[spring-web-6.1.6.jar:6.1.6]
	at org.springframework.web.servlet.handler.HandlerMappingIntrospector.lambda$createCacheFilter$3(HandlerMappingIntrospector.java:195) ~[spring-webmvc-6.1.6.jar:6.1.6]
	at org.springframework.web.filter.CompositeFilter$VirtualFilterChain.doFilter(CompositeFilter.java:113) ~[spring-web-6.1.6.jar:6.1.6]
	at org.springframework.web.filter.CompositeFilter.doFilter(CompositeFilter.java:74) ~[spring-web-6.1.6.jar:6.1.6]
	at org.springframework.security.config.annotation.web.configuration.WebMvcSecurityConfiguration$CompositeFilterChainProxy.doFilter(WebMvcSecurityConfiguration.java:230) ~[spring-security-config-6.2.4.jar:6.2.4]
	at org.springframework.web.filter.DelegatingFilterProxy.invokeDelegate(DelegatingFilterProxy.java:352) ~[spring-web-6.1.6.jar:6.1.6]
	at org.springframework.web.filter.DelegatingFilterProxy.doFilter(DelegatingFilterProxy.java:268) ~[spring-web-6.1.6.jar:6.1.6]
	at org.apache.catalina.core.ApplicationFilterChain.internalDoFilter(ApplicationFilterChain.java:175) ~[tomcat-embed-core-10.1.20.jar:10.1.20]
	at org.apache.catalina.core.ApplicationFilterChain.doFilter(ApplicationFilterChain.java:150) ~[tomcat-embed-core-10.1.20.jar:10.1.20]
	at org.springframework.web.filter.RequestContextFilter.doFilterInternal(RequestContextFilter.java:100) ~[spring-web-6.1.6.jar:6.1.6]
	at org.springframework.web.filter.OncePerRequestFilter.doFilter(OncePerRequestFilter.java:116) ~[spring-web-6.1.6.jar:6.1.6]
	at org.apache.catalina.core.ApplicationFilterChain.internalDoFilter(ApplicationFilterChain.java:175) ~[tomcat-embed-core-10.1.20.jar:10.1.20]
	at org.apache.catalina.core.ApplicationFilterChain.doFilter(ApplicationFilterChain.java:150) ~[tomcat-embed-core-10.1.20.jar:10.1.20]
	at org.springframework.web.filter.FormContentFilter.doFilterInternal(FormContentFilter.java:93) ~[spring-web-6.1.6.jar:6.1.6]
	at org.springframework.web.filter.OncePerRequestFilter.doFilter(OncePerRequestFilter.java:116) ~[spring-web-6.1.6.jar:6.1.6]
	at org.apache.catalina.core.ApplicationFilterChain.internalDoFilter(ApplicationFilterChain.java:175) ~[tomcat-embed-core-10.1.20.jar:10.1.20]
	at org.apache.catalina.core.ApplicationFilterChain.doFilter(ApplicationFilterChain.java:150) ~[tomcat-embed-core-10.1.20.jar:10.1.20]
	at org.springframework.web.filter.CharacterEncodingFilter.doFilterInternal(CharacterEncodingFilter.java:201) ~[spring-web-6.1.6.jar:6.1.6]
	at org.springframework.web.filter.OncePerRequestFilter.doFilter(OncePerRequestFilter.java:116) ~[spring-web-6.1.6.jar:6.1.6]
	at org.apache.catalina.core.ApplicationFilterChain.internalDoFilter(ApplicationFilterChain.java:175) ~[tomcat-embed-core-10.1.20.jar:10.1.20]
	at org.apache.catalina.core.ApplicationFilterChain.doFilter(ApplicationFilterChain.java:150) ~[tomcat-embed-core-10.1.20.jar:10.1.20]
	at org.apache.catalina.core.StandardWrapperValve.invoke(StandardWrapperValve.java:167) ~[tomcat-embed-core-10.1.20.jar:10.1.20]
	at org.apache.catalina.core.StandardContextValve.invoke(StandardContextValve.java:90) ~[tomcat-embed-core-10.1.20.jar:10.1.20]
	at org.apache.catalina.authenticator.AuthenticatorBase.invoke(AuthenticatorBase.java:482) ~[tomcat-embed-core-10.1.20.jar:10.1.20]
	at org.apache.catalina.core.StandardHostValve.invoke(StandardHostValve.java:115) ~[tomcat-embed-core-10.1.20.jar:10.1.20]
	at org.apache.catalina.valves.ErrorReportValve.invoke(ErrorReportValve.java:93) ~[tomcat-embed-core-10.1.20.jar:10.1.20]
	at org.apache.catalina.core.StandardEngineValve.invoke(StandardEngineValve.java:74) ~[tomcat-embed-core-10.1.20.jar:10.1.20]
	at org.apache.catalina.connector.CoyoteAdapter.service(CoyoteAdapter.java:344) ~[tomcat-embed-core-10.1.20.jar:10.1.20]
	at org.apache.coyote.http11.Http11Processor.service(Http11Processor.java:391) ~[tomcat-embed-core-10.1.20.jar:10.1.20]
	at org.apache.coyote.AbstractProcessorLight.process(AbstractProcessorLight.java:63) ~[tomcat-embed-core-10.1.20.jar:10.1.20]
	at org.apache.coyote.AbstractProtocol$ConnectionHandler.process(AbstractProtocol.java:896) ~[tomcat-embed-core-10.1.20.jar:10.1.20]
	at org.apache.tomcat.util.net.NioEndpoint$SocketProcessor.doRun(NioEndpoint.java:1736) ~[tomcat-embed-core-10.1.20.jar:10.1.20]
	at org.apache.tomcat.util.net.SocketProcessorBase.run(SocketProcessorBase.java:52) ~[tomcat-embed-core-10.1.20.jar:10.1.20]
	at org.apache.tomcat.util.threads.ThreadPoolExecutor.runWorker(ThreadPoolExecutor.java:1191) ~[tomcat-embed-core-10.1.20.jar:10.1.20]
	at org.apache.tomcat.util.threads.ThreadPoolExecutor$Worker.run(ThreadPoolExecutor.java:659) ~[tomcat-embed-core-10.1.20.jar:10.1.20]
	at org.apache.tomcat.util.threads.TaskThread$WrappingRunnable.run(TaskThread.java:63) ~[tomcat-embed-core-10.1.20.jar:10.1.20]
	at java.base/java.lang.Thread.run(Thread.java:1583) ~[na:na]

2026-05-06T15:38:23.753+05:30 DEBUG 28452 --- [Smart-Interview-Prep-Platform] [http-nio-8080-exec-5] o.s.security.web.FilterChainProxy        : Securing POST /error
2026-05-06T15:38:23.755+05:30 DEBUG 28452 --- [Smart-Interview-Prep-Platform] [http-nio-8080-exec-5] o.s.s.w.a.AnonymousAuthenticationFilter  : Set SecurityContextHolder to anonymous SecurityContext
2026-05-06T15:38:23.755+05:30 DEBUG 28452 --- [Smart-Interview-Prep-Platform] [http-nio-8080-exec-5] o.s.s.w.a.Http403ForbiddenEntryPoint     : Pre-authenticated entry point called. Rejecting access
2026-05-06T15:39:49.084+05:30  INFO 28452 --- [Smart-Interview-Prep-Platform] [SpringApplicationShutdownHook] j.LocalContainerEntityManagerFactoryBean : Closing JPA EntityManagerFactory for persistence unit 'default'
2026-05-06T15:39:49.088+05:30  INFO 28452 --- [Smart-Interview-Prep-Platform] [SpringApplicationShutdownHook] com.zaxxer.hikari.HikariDataSource       : HikariPool-1 - Shutdown initiated...
2026-05-06T15:39:49.096+05:30  INFO 28452 --- [Smart-Interview-Prep-Platform] [SpringApplicationShutdownHook] com.zaxxer.hikari.HikariDataSource       : HikariPool-1 - Shutdown completed.
